grn_id,product_id,vendor_id,warehouse_id,grn_date,quantity,unit_cost,grn_status
PUR000001,P0021,V002,WH004,2026-05-08,177,5234.44,Received
PUR000002,P0007,V019,WH003,2026-02-05,1047,434.67,Received
PUR000003,P0070,V008,WH006,2025-09-26,186,11672.46,Received
PUR000004,P0127,V005,WH006,2025-09-12,979,376.21,Received
PUR000005,P0143,V019,WH006,2025-09-23,428,10753.21,Received
PUR000006,P0148,V013,WH007,2025-08-31,213,2597.68,Received
PUR000007,P0143,V019,WH008,2026-03-12,254,10491.57,Received
PUR000008,P0149,V015,WH008,2026-02-21,737,1668.12,Received
PUR000009,P0120,V021,WH005,2025-08-12,1193,3220.17,Partially Received
PUR000010,P0128,V018,WH003,2025-12-01,835,11475.65,Received
PUR000011,P0142,V006,WH004,2026-07-17,423,7430.18,Received
PUR000012,P0057,V001,WH003,2026-02-05,912,952.08,Received
PUR000013,P0058,V019,WH005,2026-08-09,697,4317.76,Received
PUR000014,P0021,V002,WH001,2025-10-31,87,5117.02,Partially Received
PUR000015,P0082,V005,WH005,2025-11-24,107,7721.4,Received
PUR000016,P0069,V015,WH006,2026-03-22,236,3042.62,Received
PUR000017,P0131,V001,WH007,2025-12-13,20,230.86,Received
PUR000018,P0087,V004,WH001,2026-02-15,1178,8032.51,Received
PUR000019,P0049,V017,WH007,2026-07-04,159,6727.65,Received
PUR000020,P0147,V024,WH006,2026-06-06,637,641.88,Received
PUR000021,P0115,V016,WH002,2026-06-18,152,6344.21,Received
PUR000022,P0089,V025,WH005,2025-12-11,197,6812.65,Received
PUR000023,P0085,V023,WH005,2026-04-04,829,935.45,Received
PUR000024,P0128,V018,WH004,2026-01-28,399,11352.59,Received
PUR000025,P0140,V025,WH003,2025-12-22,927,6906.88,Received
PUR000026,P0117,V015,WH001,2026-01-08,677,7903.92,Received
PUR000027,P0127,V005,WH008,2025-11-18,469,406.02,Received
PUR000028,P0071,V022,WH007,2026-07-19,605,9207.33,Received
PUR000029,P0086,V026,WH001,2026-01-10,482,3986.77,Received
PUR000030,P0033,V005,WH004,2025-12-20,1009,11450.13,Received
PUR000031,P0081,V028,WH004,2026-08-01,1151,1568.26,Received
PUR000032,P0061,V017,WH007,2026-05-01,141,499.61,Received
PUR000033,P0061,V017,WH008,2026-01-08,36,556.55,Received
PUR000034,P0098,V025,WH003,2025-11-28,346,6552.67,Received
PUR000035,P0028,V019,WH007,2026-07-16,337,4335.57,Partially Received
PUR000036,P0043,V006,WH007,2026-02-08,828,11389.31,Received
PUR000037,P0086,V026,WH006,2026-06-10,522,4197.48,Partially Received
PUR000038,P0017,V024,WH008,2026-04-13,138,11879.16,Received
PUR000039,P0098,V025,WH003,2025-10-27,729,6581.41,Received
PUR000040,P0098,V025,WH005,2025-12-03,64,6838.65,Received
PUR000041,P0065,V018,WH006,2025-11-22,333,6051.44,Received
PUR000042,P0074,V030,WH002,2025-10-10,437,8626.18,Received
PUR000043,P0085,V023,WH008,2026-08-03,575,916.51,Received
PUR000044,P0005,V005,WH003,2026-01-03,1121,6589.2,Received
PUR000045,P0002,V002,WH004,2026-03-19,345,1198.36,Received
PUR000046,P0022,V019,WH006,2025-10-29,534,7945.51,Received
PUR000047,P0112,V030,WH003,2025-10-27,233,5089.36,Received
PUR000048,P0057,V001,WH001,2026-03-19,93,919.78,Received
PUR000049,P0066,V024,WH007,2026-06-02,528,3232.16,Received
PUR000050,P0074,V030,WH002,2025-10-07,351,8461.88,Received
PUR000051,P0098,V025,WH005,2025-09-16,1136,6581.67,Received
PUR000052,P0144,V001,WH007,2026-04-18,707,9721.54,Received
PUR000053,P0112,V030,WH001,2025-10-02,676,5126.34,Received
PUR000054,P0125,V006,WH001,2026-02-06,1047,11380.9,Received
PUR000055,P0086,V026,WH002,2025-12-13,1181,4325.37,Received
PUR000056,P0076,V030,WH005,2026-02-09,619,7921.12,Received
PUR000057,P0088,V029,WH004,2025-12-02,1095,529.21,Received
PUR000058,P0038,V018,WH006,2025-11-28,344,2048.68,Received
PUR000059,P0059,V023,WH008,2026-06-28,1011,8142.96,Received
PUR000060,P0138,V022,WH005,2025-11-22,736,10205.4,Received
PUR000061,P0099,V023,WH008,2025-08-21,742,9842.65,Received
PUR000062,P0063,V012,WH003,2025-09-09,296,7493.2,Received
PUR000063,P0049,V017,WH001,2025-10-13,555,6996.6,Received
PUR000064,P0032,V028,WH003,2025-11-07,171,3292.96,Received
PUR000065,P0135,V001,WH004,2025-12-12,974,11495.2,Partially Received
PUR000066,P0021,V002,WH003,2025-12-13,278,5061.0,Received
PUR000067,P0020,V017,WH005,2026-01-22,343,11803.22,Received
PUR000068,P0127,V005,WH003,2026-06-08,1036,417.24,Received
PUR000069,P0068,V012,WH004,2025-10-03,888,5070.7,Received
PUR000070,P0110,V028,WH004,2026-03-07,707,6580.6,Received
PUR000071,P0116,V004,WH004,2025-08-26,329,6587.91,Received
PUR000072,P0143,V019,WH005,2026-03-22,822,11059.14,Received
PUR000073,P0120,V021,WH004,2026-06-17,1099,3238.05,Received
PUR000074,P0079,V004,WH001,2025-12-28,639,7069.4,Received
PUR000075,P0116,V004,WH007,2026-01-30,492,6678.62,Received
PUR000076,P0092,V017,WH004,2026-04-18,480,8074.05,Received
PUR000077,P0014,V025,WH003,2025-10-29,833,7786.53,Received
PUR000078,P0125,V006,WH006,2026-04-20,865,11160.99,Received
PUR000079,P0058,V019,WH003,2025-11-05,1184,3977.9,Received
PUR000080,P0028,V019,WH006,2026-06-19,686,4345.42,Received
PUR000081,P0026,V027,WH003,2025-11-03,281,2318.51,Received
PUR000082,P0113,V024,WH005,2026-05-23,374,6199.69,Received
PUR000083,P0066,V024,WH003,2025-11-18,789,3259.21,Received
PUR000084,P0131,V001,WH005,2026-06-24,199,246.64,Received
PUR000085,P0044,V027,WH005,2026-04-19,85,9152.35,Received
PUR000086,P0097,V015,WH004,2025-09-09,839,1036.51,Received
PUR000087,P0042,V019,WH001,2025-11-28,190,7343.58,Received
PUR000088,P0006,V015,WH006,2025-10-25,493,5380.0,Received
PUR000089,P0023,V006,WH004,2025-09-23,553,3062.46,Received
PUR000090,P0089,V025,WH004,2026-06-29,1150,6829.11,Received
PUR000091,P0123,V009,WH007,2025-11-06,458,3878.12,Received
PUR000092,P0147,V024,WH005,2026-05-05,854,641.48,Received
PUR000093,P0051,V018,WH005,2026-04-02,246,6733.66,Received
PUR000094,P0011,V021,WH006,2026-05-06,461,10683.98,Received
PUR000095,P0012,V020,WH003,2025-08-15,415,10228.57,Received
PUR000096,P0074,V030,WH003,2026-06-10,747,8623.07,Received
PUR000097,P0008,V004,WH008,2026-05-20,103,11285.8,Received
PUR000098,P0041,V003,WH004,2026-07-17,1056,7958.66,Received
PUR000099,P0085,V023,WH008,2025-11-12,712,918.66,Received
PUR000100,P0072,V016,WH002,2026-05-27,512,1932.67,Received
PUR000101,P0055,V026,WH002,2025-12-02,1163,9938.18,Received
PUR000102,P0137,V008,WH008,2026-08-01,989,353.47,Received
PUR000103,P0047,V012,WH003,2026-04-03,372,11807.44,Received
PUR000104,P0143,V019,WH002,2026-07-16,1100,10723.55,Received
PUR000105,P0104,V009,WH007,2025-11-29,59,10219.04,Received
PUR000106,P0042,V019,WH003,2025-09-02,659,7755.14,Received
PUR000107,P0060,V030,WH005,2025-12-09,192,3660.25,Received
PUR000108,P0012,V020,WH004,2026-03-22,278,10805.69,Received
PUR000109,P0130,V017,WH001,2025-10-06,536,10142.78,Received
PUR000110,P0007,V019,WH004,2025-09-20,749,460.81,Received
PUR000111,P0080,V027,WH008,2025-09-01,542,9939.48,Received
PUR000112,P0131,V001,WH003,2026-08-03,858,256.6,Received
PUR000113,P0109,V007,WH008,2026-02-21,136,5038.29,Received
PUR000114,P0003,V012,WH007,2025-12-24,203,7340.85,Received
PUR000115,P0027,V028,WH003,2026-02-20,1159,8589.93,Received
PUR000116,P0114,V012,WH004,2026-05-07,181,11833.83,Received
PUR000117,P0107,V004,WH007,2026-05-25,562,4645.53,Received
PUR000118,P0040,V004,WH007,2026-07-27,858,2916.93,Received
PUR000119,P0129,V026,WH007,2026-04-14,1109,4436.81,Received
PUR000120,P0008,V004,WH006,2026-06-16,1113,11274.07,Received
PUR000121,P0101,V023,WH003,2025-11-21,466,6799.4,Received
PUR000122,P0124,V016,WH002,2026-07-15,435,1986.68,Received
PUR000123,P0107,V004,WH002,2025-11-11,551,4490.54,Received
PUR000124,P0101,V023,WH003,2025-12-12,460,6865.06,Received
PUR000125,P0004,V003,WH003,2026-03-21,757,1442.27,Received
PUR000126,P0110,V028,WH006,2026-03-12,483,7215.34,Received
PUR000127,P0019,V030,WH002,2026-01-31,415,8197.54,Received
PUR000128,P0032,V028,WH003,2026-03-09,730,3237.64,Received
PUR000129,P0137,V008,WH003,2026-05-02,414,362.68,Received
PUR000130,P0012,V020,WH008,2026-05-07,345,10982.92,Received
PUR000131,P0139,V022,WH006,2026-02-09,1134,11566.98,Received
PUR000132,P0046,V016,WH006,2025-10-16,769,3515.39,Received
PUR000133,P0119,V010,WH004,2025-08-24,1113,11270.14,Received
PUR000134,P0016,V030,WH006,2025-10-12,661,2674.34,Received
PUR000135,P0129,V026,WH001,2025-12-26,233,4895.75,Received
PUR000136,P0063,V012,WH002,2026-06-26,388,7749.41,Received
PUR000137,P0109,V007,WH004,2026-08-07,68,5368.68,Received
PUR000138,P0119,V010,WH001,2025-10-17,1095,11284.34,Received
PUR000139,P0021,V002,WH003,2026-07-04,152,4757.51,Received
PUR000140,P0013,V028,WH008,2026-02-16,1018,4125.5,Received
PUR000141,P0004,V003,WH008,2025-12-13,805,1522.06,Received
PUR000142,P0102,V012,WH003,2026-07-02,392,8561.42,Received
PUR000143,P0059,V023,WH004,2026-01-07,498,8164.27,Received
PUR000144,P0128,V018,WH006,2025-09-11,851,12351.72,Received
PUR000145,P0027,V028,WH007,2026-04-23,669,7778.73,Partially Received
PUR000146,P0069,V015,WH008,2026-06-11,701,3033.32,Received
PUR000147,P0025,V006,WH007,2025-08-29,707,4718.35,Received
PUR000148,P0131,V001,WH003,2026-03-03,101,242.78,Received
PUR000149,P0097,V015,WH007,2025-08-04,106,1027.65,Received
PUR000150,P0025,V006,WH005,2025-11-11,244,5099.64,Received
PUR000151,P0148,V013,WH004,2026-07-18,35,2507.38,Received
PUR000152,P0126,V010,WH001,2025-12-01,841,11774.31,Received
PUR000153,P0133,V023,WH004,2026-05-25,182,9217.19,Received
PUR000154,P0009,V004,WH002,2026-06-22,533,11979.92,Received
PUR000155,P0116,V004,WH006,2026-03-19,369,6755.08,Received
PUR000156,P0134,V019,WH006,2025-11-16,700,3187.05,Received
PUR000157,P0060,V030,WH004,2026-04-25,1135,3322.85,Partially Received
PUR000158,P0121,V008,WH003,2026-04-01,200,4430.62,Received
PUR000159,P0139,V022,WH003,2026-08-10,762,12191.44,Received
PUR000160,P0108,V022,WH005,2025-08-22,679,8190.78,Received
PUR000161,P0108,V022,WH005,2026-06-02,512,8150.09,Received
PUR000162,P0131,V001,WH006,2026-02-22,942,242.17,Received
PUR000163,P0076,V030,WH005,2026-05-15,147,8237.73,Received
PUR000164,P0030,V028,WH008,2025-09-23,584,8929.23,Received
PUR000165,P0021,V002,WH008,2025-12-08,569,5019.5,Received
PUR000166,P0034,V003,WH001,2026-03-25,472,8137.7,Received
PUR000167,P0041,V003,WH005,2026-01-07,490,7523.5,Received
PUR000168,P0051,V018,WH001,2026-03-01,1007,6979.81,Received
PUR000169,P0082,V005,WH005,2026-01-03,757,7236.79,Received
PUR000170,P0058,V019,WH006,2026-03-07,243,4189.94,Received
PUR000171,P0075,V016,WH006,2026-07-10,173,10189.21,Received
PUR000172,P0023,V006,WH001,2025-09-26,579,2885.09,Received
PUR000173,P0128,V018,WH004,2026-05-19,370,12122.97,Received
PUR000174,P0150,V008,WH006,2025-10-19,1190,8035.75,Received
PUR000175,P0017,V024,WH004,2026-07-21,368,11505.27,Received
PUR000176,P0069,V015,WH003,2026-06-20,201,2964.99,Received
PUR000177,P0108,V022,WH008,2025-08-12,656,8747.25,Received
PUR000178,P0139,V022,WH001,2026-05-28,1037,11422.31,Received
PUR000179,P0094,V022,WH007,2026-03-13,198,3631.34,Received
PUR000180,P0015,V009,WH006,2026-07-30,1082,3772.17,Partially Received
PUR000181,P0091,V007,WH002,2026-06-04,791,6781.96,Received
PUR000182,P0033,V005,WH003,2025-10-12,913,11154.46,Received
PUR000183,P0125,V006,WH004,2026-03-30,1046,11211.09,Partially Received
PUR000184,P0016,V030,WH006,2025-12-09,1035,2789.88,Received
PUR000185,P0066,V024,WH001,2025-09-08,83,3200.51,Received
PUR000186,P0047,V012,WH007,2026-07-04,48,11580.35,Received
PUR000187,P0148,V013,WH005,2025-12-29,391,2480.48,Received
PUR000188,P0124,V016,WH007,2026-07-17,116,2011.91,Received
PUR000189,P0001,V007,WH002,2025-12-01,1012,7662.01,Received
PUR000190,P0087,V004,WH004,2026-02-23,40,8608.79,Received
PUR000191,P0128,V018,WH003,2026-07-28,754,11597.43,Received
PUR000192,P0067,V026,WH007,2025-10-06,1145,400.14,Received
PUR000193,P0004,V003,WH001,2026-04-20,1089,1577.98,Received
PUR000194,P0047,V012,WH002,2025-10-26,85,10969.72,Received
PUR000195,P0038,V018,WH001,2026-07-29,622,2031.82,Received
PUR000196,P0143,V019,WH006,2026-08-01,1154,10419.46,Received
PUR000197,P0021,V002,WH005,2026-06-03,357,4945.05,Received
PUR000198,P0057,V001,WH003,2026-07-04,142,951.97,Received
PUR000199,P0117,V015,WH001,2025-08-07,466,7753.31,Received
PUR000200,P0046,V016,WH004,2026-05-19,630,3490.95,Received
PUR000201,P0142,V006,WH006,2025-08-12,690,7189.75,Received
PUR000202,P0145,V019,WH006,2025-12-09,634,8325.22,Received
PUR000203,P0039,V003,WH003,2025-08-28,916,7547.72,Received
PUR000204,P0137,V008,WH006,2025-10-02,300,354.46,Received
PUR000205,P0099,V023,WH004,2026-07-26,1086,9444.03,Received
PUR000206,P0077,V005,WH001,2026-02-06,615,10947.03,Received
PUR000207,P0115,V016,WH003,2026-03-21,722,6226.13,Partially Received
PUR000208,P0134,V019,WH008,2026-03-26,1094,2985.05,Received
PUR000209,P0091,V007,WH006,2025-11-18,229,6907.42,Received
PUR000210,P0098,V025,WH006,2025-12-14,145,6365.05,Received
PUR000211,P0120,V021,WH004,2025-10-21,511,3344.1,Received
PUR000212,P0046,V016,WH005,2026-04-18,979,3558.27,Received
PUR000213,P0038,V018,WH005,2026-03-16,989,2094.08,Received
PUR000214,P0142,V006,WH007,2026-06-29,600,7379.74,Received
PUR000215,P0100,V026,WH006,2026-04-02,796,766.18,Received
PUR000216,P0072,V016,WH008,2026-07-04,277,1879.2,Received
PUR000217,P0035,V024,WH001,2025-12-23,249,11160.28,Received
PUR000218,P0147,V024,WH003,2026-08-05,208,596.23,Received
PUR000219,P0030,V028,WH006,2026-05-08,29,9320.66,Received
PUR000220,P0078,V019,WH002,2025-11-09,1157,6100.56,Received
PUR000221,P0084,V014,WH003,2026-07-29,1119,293.52,Received
PUR000222,P0113,V024,WH007,2026-01-06,695,6707.69,Received
PUR000223,P0025,V006,WH005,2026-04-21,521,4605.26,Received
PUR000224,P0088,V029,WH008,2025-12-14,104,554.74,Received
PUR000225,P0014,V025,WH006,2026-01-12,68,7881.46,Received
PUR000226,P0102,V012,WH004,2025-09-01,857,8067.04,Received
PUR000227,P0150,V008,WH002,2025-11-25,1027,8358.64,Received
PUR000228,P0083,V011,WH006,2025-10-15,708,2466.33,Received
PUR000229,P0110,V028,WH008,2026-01-07,406,7098.61,Received
PUR000230,P0131,V001,WH007,2026-04-05,989,230.84,Partially Received
PUR000231,P0019,V030,WH001,2025-11-12,1025,8824.54,Received
PUR000232,P0028,V019,WH002,2026-01-03,237,4100.96,Received
PUR000233,P0071,V022,WH007,2025-08-09,1024,8568.61,Received
PUR000234,P0063,V012,WH006,2026-02-26,274,7347.11,Received
PUR000235,P0073,V014,WH001,2025-09-17,255,1120.41,Received
PUR000236,P0124,V016,WH002,2026-01-07,1069,1944.79,Received
PUR000237,P0119,V010,WH001,2026-01-10,290,12076.3,Received
PUR000238,P0121,V008,WH001,2026-03-13,142,4226.18,Partially Received
PUR000239,P0019,V030,WH002,2025-11-24,675,8067.24,Received
PUR000240,P0142,V006,WH002,2026-03-28,278,7048.24,Received
PUR000241,P0120,V021,WH001,2026-04-04,967,3485.06,Received
PUR000242,P0061,V017,WH007,2026-08-11,66,548.3,Received
PUR000243,P0030,V028,WH008,2026-07-05,882,8651.56,Received
PUR000244,P0009,V004,WH005,2025-10-10,544,10778.9,Received
PUR000245,P0064,V020,WH002,2025-11-20,907,4856.46,Partially Received
PUR000246,P0120,V021,WH006,2026-06-07,227,3238.11,Received
PUR000247,P0052,V008,WH003,2025-11-28,766,883.85,Partially Received
PUR000248,P0089,V025,WH004,2026-04-16,168,6595.06,Received
PUR000249,P0142,V006,WH001,2025-09-09,457,7147.33,Received
PUR000250,P0053,V027,WH001,2026-01-09,174,3624.17,Received
PUR000251,P0078,V019,WH004,2026-06-01,1133,5942.97,Received
PUR000252,P0041,V003,WH005,2026-06-28,377,8342.08,Received
PUR000253,P0068,V012,WH004,2026-04-12,475,5200.74,Received
PUR000254,P0008,V004,WH002,2026-07-05,795,11032.77,Received
PUR000255,P0002,V002,WH004,2026-01-15,648,1203.88,Received
PUR000256,P0105,V029,WH001,2026-01-04,851,1082.46,Received
PUR000257,P0125,V006,WH004,2025-12-02,505,11348.07,Partially Received
PUR000258,P0110,V028,WH003,2026-02-09,552,7098.95,Received
PUR000259,P0086,V026,WH006,2025-11-05,219,4138.92,Received
PUR000260,P0120,V021,WH002,2025-11-26,390,3536.19,Received
PUR000261,P0127,V005,WH004,2026-02-08,1033,415.52,Received
PUR000262,P0016,V030,WH001,2026-04-08,872,2691.95,Received
PUR000263,P0062,V028,WH007,2026-08-14,267,4020.08,Received
PUR000264,P0113,V024,WH006,2025-12-11,807,6125.95,Received
PUR000265,P0012,V020,WH002,2025-10-26,283,10419.71,Received
PUR000266,P0035,V024,WH001,2026-01-29,1101,10614.04,Received
PUR000267,P0011,V021,WH005,2026-03-29,50,10181.85,Received
PUR000268,P0064,V020,WH003,2026-01-08,624,5214.67,Received
PUR000269,P0050,V020,WH008,2026-02-10,521,3472.84,Received
PUR000270,P0149,V015,WH005,2026-03-13,1127,1616.45,Received
PUR000271,P0069,V015,WH008,2025-09-09,905,3113.83,Received
PUR000272,P0048,V006,WH003,2025-08-01,568,4609.56,Received
PUR000273,P0020,V017,WH004,2026-05-01,858,11878.93,Received
PUR000274,P0101,V023,WH002,2026-02-20,1136,6887.71,Received
PUR000275,P0137,V008,WH004,2025-10-04,867,348.75,Received
PUR000276,P0068,V012,WH003,2025-12-05,633,4946.52,Received
PUR000277,P0035,V024,WH003,2026-01-13,431,10207.97,Received
PUR000278,P0065,V018,WH003,2025-12-30,451,6241.26,Received
PUR000279,P0008,V004,WH008,2026-07-12,697,11337.18,Received
PUR000280,P0045,V015,WH006,2026-06-28,178,6055.54,Received
PUR000281,P0087,V004,WH001,2026-03-20,33,8685.64,Received
PUR000282,P0076,V030,WH002,2026-03-03,392,7859.27,Received
PUR000283,P0076,V030,WH004,2025-11-10,244,7536.0,Received
PUR000284,P0047,V012,WH004,2026-02-06,1116,10742.7,Received
PUR000285,P0015,V009,WH005,2025-11-11,530,3651.18,Received
PUR000286,P0105,V029,WH008,2026-05-10,622,1120.49,Received
PUR000287,P0147,V024,WH003,2025-09-01,235,649.81,Received
PUR000288,P0026,V027,WH007,2025-09-18,1007,2263.07,Received
PUR000289,P0052,V008,WH003,2026-03-05,859,923.52,Received
PUR000290,P0093,V030,WH003,2026-01-22,746,10798.58,Received
PUR000291,P0150,V008,WH007,2025-10-21,573,8341.71,Received
PUR000292,P0021,V002,WH004,2026-02-22,1085,4857.3,Received
PUR000293,P0051,V018,WH005,2025-11-16,695,6481.98,Received
PUR000294,P0038,V018,WH001,2025-11-13,892,1940.19,Received
PUR000295,P0020,V017,WH007,2025-10-25,302,11447.29,Received
PUR000296,P0132,V005,WH008,2026-06-23,1101,11658.26,Received
PUR000297,P0055,V026,WH006,2026-07-10,853,9259.58,Partially Received
PUR000298,P0092,V017,WH002,2026-02-16,556,8339.23,Received
PUR000299,P0028,V019,WH008,2025-08-23,1116,4171.72,Received
PUR000300,P0004,V003,WH007,2025-11-01,942,1591.45,Received
PUR000301,P0150,V008,WH001,2025-08-08,1172,8141.8,Received
PUR000302,P0076,V030,WH004,2026-02-20,861,7731.72,Received
PUR000303,P0067,V026,WH006,2026-01-30,967,378.11,Received
PUR000304,P0086,V026,WH006,2026-05-11,684,3937.08,Received
PUR000305,P0091,V007,WH006,2025-09-19,1168,7296.27,Received
PUR000306,P0105,V029,WH003,2026-04-15,86,1040.55,Received
PUR000307,P0001,V007,WH002,2025-08-22,25,8259.7,Received
PUR000308,P0072,V016,WH004,2026-08-03,656,2065.93,Received
PUR000309,P0087,V004,WH004,2025-10-16,333,8413.53,Partially Received
PUR000310,P0006,V015,WH006,2026-03-25,584,5226.99,Received
PUR000311,P0145,V019,WH004,2026-03-06,845,8579.89,Received
PUR000312,P0061,V017,WH002,2026-01-01,525,521.29,Received
PUR000313,P0012,V020,WH002,2026-05-05,1125,10946.49,Received
PUR000314,P0006,V015,WH005,2025-10-26,1045,4942.97,Received
PUR000315,P0027,V028,WH007,2025-10-11,223,7797.23,Received
PUR000316,P0136,V001,WH007,2026-04-02,681,8089.06,Received
PUR000317,P0124,V016,WH005,2025-11-23,824,2039.5,Received
PUR000318,P0106,V022,WH001,2026-08-01,423,10234.14,Received
PUR000319,P0093,V030,WH007,2025-09-10,1146,10421.29,Received
PUR000320,P0109,V007,WH002,2025-11-10,555,5471.6,Received
PUR000321,P0099,V023,WH002,2026-03-06,596,9140.43,Received
PUR000322,P0142,V006,WH007,2026-04-03,782,7279.67,Partially Received
PUR000323,P0035,V024,WH002,2026-08-12,136,10500.43,Received
PUR000324,P0084,V014,WH005,2026-05-20,647,295.42,Received
PUR000325,P0056,V026,WH006,2025-10-20,768,137.06,Received
PUR000326,P0141,V011,WH006,2026-03-27,124,2632.65,Received
PUR000327,P0049,V017,WH004,2026-03-22,514,6923.59,Received
PUR000328,P0046,V016,WH008,2026-01-31,65,3421.91,Received
PUR000329,P0113,V024,WH008,2026-03-05,842,6403.48,Received
PUR000330,P0136,V001,WH006,2025-12-27,1001,8437.34,Received
PUR000331,P0043,V006,WH003,2025-11-30,979,12073.44,Received
PUR000332,P0148,V013,WH005,2025-12-04,864,2583.0,Received
PUR000333,P0124,V016,WH002,2026-07-13,468,1974.68,Received
PUR000334,P0097,V015,WH007,2025-10-11,555,1123.54,Received
PUR000335,P0090,V017,WH006,2026-01-05,530,8919.81,Received
PUR000336,P0039,V003,WH005,2025-08-20,559,7649.81,Received
PUR000337,P0085,V023,WH006,2026-04-15,35,909.63,Received
PUR000338,P0062,V028,WH001,2026-01-16,262,4126.05,Received
PUR000339,P0106,V022,WH002,2026-06-17,931,9327.58,Partially Received
PUR000340,P0107,V004,WH001,2025-10-24,780,4834.94,Received
PUR000341,P0054,V009,WH002,2026-04-26,724,8152.14,Received
PUR000342,P0126,V010,WH005,2025-09-07,134,11618.81,Received
PUR000343,P0009,V004,WH004,2026-01-04,416,11244.39,Received
PUR000344,P0088,V029,WH006,2026-05-16,413,549.37,Received
PUR000345,P0037,V016,WH006,2026-05-15,1118,1349.98,Received
PUR000346,P0049,V017,WH003,2026-06-11,997,6638.42,Received
PUR000347,P0041,V003,WH007,2026-07-29,1146,7991.0,Received
PUR000348,P0017,V024,WH001,2026-03-30,316,10814.89,Received
PUR000349,P0088,V029,WH006,2025-10-03,1021,519.89,Received
PUR000350,P0021,V002,WH005,2026-01-10,197,4864.67,Received
PUR000351,P0051,V018,WH004,2025-12-30,986,6884.08,Received
PUR000352,P0059,V023,WH007,2025-09-19,334,7793.94,Received
PUR000353,P0041,V003,WH005,2026-02-12,1082,7621.91,Received
PUR000354,P0039,V003,WH001,2025-11-24,278,7813.74,Received
PUR000355,P0141,V011,WH003,2025-12-27,26,2674.21,Received
PUR000356,P0011,V021,WH006,2025-11-29,68,10764.34,Received
PUR000357,P0147,V024,WH005,2026-01-13,180,607.64,Received
PUR000358,P0139,V022,WH007,2025-08-21,195,11139.05,Received
PUR000359,P0077,V005,WH002,2026-07-07,1045,11218.36,Received
PUR000360,P0127,V005,WH004,2026-03-19,1020,385.88,Received
PUR000361,P0046,V016,WH007,2025-12-30,474,3577.14,Received
PUR000362,P0045,V015,WH005,2026-07-30,295,6218.5,Received
PUR000363,P0001,V007,WH004,2025-12-06,517,8115.09,Received
PUR000364,P0108,V022,WH006,2026-01-23,695,8217.95,Received
PUR000365,P0019,V030,WH002,2025-09-03,1071,8718.48,Received
PUR000366,P0076,V030,WH003,2026-02-21,1044,8096.19,Received
PUR000367,P0072,V016,WH007,2025-08-04,75,2001.9,Received
PUR000368,P0109,V007,WH003,2026-07-19,566,5190.79,Received
PUR000369,P0012,V020,WH002,2026-06-22,1155,10492.86,Received
PUR000370,P0045,V015,WH004,2026-03-09,55,5733.06,Received
PUR000371,P0090,V017,WH006,2026-07-05,458,8854.69,Received
PUR000372,P0103,V029,WH005,2026-08-15,614,10219.55,Received
PUR000373,P0008,V004,WH002,2025-08-02,326,10784.06,Received
PUR000374,P0091,V007,WH001,2026-07-28,638,7016.11,Received
PUR000375,P0087,V004,WH004,2025-11-20,1152,8255.75,Received
PUR000376,P0084,V014,WH003,2025-11-15,376,303.3,Received
PUR000377,P0082,V005,WH007,2026-08-14,200,7911.76,Received
PUR000378,P0146,V024,WH002,2026-02-02,87,9794.28,Partially Received
PUR000379,P0068,V012,WH003,2026-06-29,311,4914.86,Received
PUR000380,P0127,V005,WH004,2026-01-21,711,380.69,Received
PUR000381,P0082,V005,WH003,2025-12-16,200,7682.55,Received
PUR000382,P0147,V024,WH002,2025-11-21,453,645.58,Received
PUR000383,P0084,V014,WH004,2025-08-12,933,312.81,Received
PUR000384,P0113,V024,WH001,2026-06-06,85,6254.92,Partially Received
PUR000385,P0076,V030,WH002,2025-08-29,1064,8251.96,Received
PUR000386,P0122,V005,WH005,2025-12-05,403,11191.43,Partially Received
PUR000387,P0143,V019,WH008,2026-06-05,58,11034.89,Received
PUR000388,P0041,V003,WH006,2026-05-21,841,7572.58,Received
PUR000389,P0002,V002,WH002,2025-08-31,621,1276.1,Received
PUR000390,P0029,V008,WH004,2026-03-21,804,4728.72,Received
PUR000391,P0105,V029,WH007,2026-07-30,690,1117.05,Received
PUR000392,P0051,V018,WH006,2026-07-05,1116,6995.65,Received
PUR000393,P0075,V016,WH002,2025-12-27,498,9373.83,Received
PUR000394,P0010,V028,WH001,2026-04-20,580,10651.28,Received
PUR000395,P0142,V006,WH007,2025-10-20,120,7670.48,Received
PUR000396,P0051,V018,WH001,2025-10-12,533,6613.91,Received
PUR000397,P0118,V022,WH005,2026-01-11,195,6792.73,Partially Received
PUR000398,P0121,V008,WH007,2026-04-07,257,4298.53,Received
PUR000399,P0039,V003,WH003,2026-01-06,929,7975.54,Received
PUR000400,P0028,V019,WH008,2026-07-25,1102,4038.73,Received
PUR000401,P0003,V012,WH007,2026-02-19,1142,7527.93,Received
PUR000402,P0084,V014,WH006,2026-05-19,890,283.41,Received
PUR000403,P0117,V015,WH007,2025-10-18,514,7553.9,Received
PUR000404,P0002,V002,WH004,2025-09-13,966,1276.28,Received
PUR000405,P0093,V030,WH008,2026-06-30,774,11468.05,Received
PUR000406,P0131,V001,WH004,2026-05-07,230,247.85,Received
PUR000407,P0144,V001,WH003,2026-01-30,1166,9117.59,Received
PUR000408,P0094,V022,WH007,2025-09-06,159,3807.91,Received
PUR000409,P0040,V004,WH001,2026-07-03,560,2927.75,Received
PUR000410,P0002,V002,WH001,2025-08-15,289,1177.01,Received
PUR000411,P0081,V028,WH002,2025-09-18,1055,1694.55,Received
PUR000412,P0012,V020,WH005,2025-11-12,525,11076.48,Received
PUR000413,P0065,V018,WH006,2026-01-21,1149,6424.37,Received
PUR000414,P0055,V026,WH008,2025-12-27,51,10009.27,Received
PUR000415,P0045,V015,WH005,2025-08-18,1117,5784.41,Received
PUR000416,P0101,V023,WH007,2025-11-16,1112,6410.85,Received
PUR000417,P0062,V028,WH005,2026-03-23,832,4075.85,Received
PUR000418,P0049,V017,WH002,2026-05-23,381,6496.7,Received
PUR000419,P0127,V005,WH005,2025-08-17,948,393.6,Received
PUR000420,P0023,V006,WH008,2026-04-20,119,3072.11,Received
PUR000421,P0038,V018,WH003,2026-01-11,28,2069.18,Received
PUR000422,P0028,V019,WH002,2025-08-09,716,4235.5,Received
PUR000423,P0021,V002,WH003,2025-08-05,1072,5164.51,Received
PUR000424,P0107,V004,WH007,2025-11-23,1157,4757.87,Received
PUR000425,P0146,V024,WH002,2025-11-19,481,10340.58,Received
PUR000426,P0099,V023,WH007,2026-05-01,940,9159.42,Received
PUR000427,P0119,V010,WH007,2026-01-29,1186,11182.33,Received
PUR000428,P0073,V014,WH005,2026-03-21,409,1156.19,Received
PUR000429,P0122,V005,WH003,2026-03-21,651,11260.31,Received
PUR000430,P0030,V028,WH007,2026-03-07,701,8667.32,Received
PUR000431,P0108,V022,WH003,2025-10-19,176,8255.93,Received
PUR000432,P0098,V025,WH003,2026-04-24,354,6680.72,Received
PUR000433,P0032,V028,WH002,2026-01-05,279,3348.3,Received
PUR000434,P0079,V004,WH004,2026-05-13,101,7135.19,Received
PUR000435,P0041,V003,WH005,2026-06-19,773,8150.21,Received
PUR000436,P0063,V012,WH007,2025-09-26,739,7696.98,Received
PUR000437,P0023,V006,WH003,2026-08-06,94,2848.27,Received
PUR000438,P0104,V009,WH006,2026-08-09,645,10385.05,Received
PUR000439,P0075,V016,WH004,2026-02-21,81,9819.94,Received
PUR000440,P0048,V006,WH007,2025-10-12,893,4447.41,Received
PUR000441,P0057,V001,WH006,2025-08-15,339,956.37,Received
PUR000442,P0118,V022,WH005,2025-12-17,121,6892.22,Received
PUR000443,P0100,V026,WH005,2025-08-13,893,786.24,Received
PUR000444,P0124,V016,WH003,2025-09-21,973,1926.29,Received
PUR000445,P0034,V003,WH003,2026-02-11,274,8785.08,Received
PUR000446,P0007,V019,WH008,2026-02-15,589,454.32,Received
PUR000447,P0056,V026,WH008,2026-07-29,131,144.64,Received
PUR000448,P0065,V018,WH007,2026-05-27,1004,6074.3,Received
PUR000449,P0047,V012,WH002,2026-08-04,1017,11566.63,Received
PUR000450,P0148,V013,WH004,2025-09-17,480,2662.75,Received
PUR000451,P0019,V030,WH007,2026-07-22,727,8397.16,Received
PUR000452,P0146,V024,WH004,2025-11-17,906,10299.34,Received
PUR000453,P0126,V010,WH003,2026-05-26,1135,11200.31,Received
PUR000454,P0139,V022,WH005,2026-07-24,1095,12179.99,Received
PUR000455,P0049,V017,WH003,2026-02-15,539,6700.74,Received
PUR000456,P0113,V024,WH005,2026-03-02,831,6649.87,Received
PUR000457,P0038,V018,WH008,2025-09-08,1141,2073.01,Received
PUR000458,P0064,V020,WH007,2026-03-10,255,4959.2,Received
PUR000459,P0069,V015,WH008,2026-05-14,946,2987.27,Received
PUR000460,P0136,V001,WH005,2025-10-06,576,8043.56,Received
PUR000461,P0116,V004,WH003,2026-05-05,668,6955.12,Received
PUR000462,P0065,V018,WH008,2026-03-15,253,6078.69,Received
PUR000463,P0031,V003,WH001,2025-12-11,1075,2825.88,Received
PUR000464,P0132,V005,WH004,2026-02-24,598,12460.55,Received
PUR000465,P0113,V024,WH006,2025-11-13,561,6307.26,Received
PUR000466,P0109,V007,WH005,2026-01-01,133,5367.23,Received
PUR000467,P0069,V015,WH005,2026-06-06,223,2992.51,Partially Received
PUR000468,P0120,V021,WH001,2026-06-01,1072,3257.77,Received
PUR000469,P0088,V029,WH007,2026-06-02,662,567.55,Received
PUR000470,P0067,V026,WH007,2026-04-20,493,367.23,Received
PUR000471,P0075,V016,WH007,2026-04-30,716,9503.0,Received
PUR000472,P0045,V015,WH006,2026-04-08,272,6213.01,Received
PUR000473,P0004,V003,WH002,2025-09-01,924,1487.66,Received
PUR000474,P0107,V004,WH001,2026-03-28,405,4825.38,Received
PUR000475,P0051,V018,WH006,2025-10-20,81,7105.12,Received
PUR000476,P0050,V020,WH008,2026-06-22,534,3516.28,Received
PUR000477,P0006,V015,WH001,2026-01-12,449,4940.81,Received
PUR000478,P0059,V023,WH005,2025-10-29,599,8313.5,Received
PUR000479,P0125,V006,WH004,2025-09-14,1184,11397.15,Received
PUR000480,P0143,V019,WH001,2026-03-14,762,10435.02,Received
PUR000481,P0030,V028,WH002,2026-04-13,694,9089.88,Partially Received
PUR000482,P0122,V005,WH003,2026-06-22,330,11150.15,Received
PUR000483,P0125,V006,WH008,2026-02-26,490,11922.91,Received
PUR000484,P0037,V016,WH006,2026-05-07,828,1244.73,Received
PUR000485,P0124,V016,WH008,2026-06-25,191,1945.74,Received
PUR000486,P0101,V023,WH008,2026-08-06,595,6385.25,Received
PUR000487,P0035,V024,WH001,2025-12-05,50,11255.35,Received
PUR000488,P0087,V004,WH001,2025-11-25,66,8558.14,Received
PUR000489,P0134,V019,WH002,2026-07-24,149,3143.93,Received
PUR000490,P0018,V017,WH004,2026-07-03,371,848.18,Received
PUR000491,P0113,V024,WH001,2026-06-21,997,6295.22,Received
PUR000492,P0029,V008,WH001,2026-04-19,77,4576.36,Received
PUR000493,P0077,V005,WH004,2026-03-02,1149,10679.81,Received
PUR000494,P0059,V023,WH002,2025-10-16,831,8177.13,Partially Received
PUR000495,P0126,V010,WH006,2025-10-19,787,11416.43,Received
PUR000496,P0145,V019,WH008,2025-11-13,702,8213.56,Partially Received
PUR000497,P0109,V007,WH006,2026-05-08,1016,5544.49,Received
PUR000498,P0022,V019,WH001,2025-12-15,305,7937.32,Received
PUR000499,P0068,V012,WH004,2026-01-09,1114,5233.28,Received
PUR000500,P0069,V015,WH001,2025-09-27,905,2914.76,Received
PUR000501,P0049,V017,WH007,2026-02-16,416,6688.46,Received
PUR000502,P0141,V011,WH003,2025-09-17,45,2583.63,Received
PUR000503,P0109,V007,WH006,2026-04-02,332,5255.53,Received
PUR000504,P0086,V026,WH007,2025-12-31,145,4193.12,Received
PUR000505,P0053,V027,WH005,2025-09-04,830,3592.35,Received
PUR000506,P0123,V009,WH003,2026-05-10,207,3753.11,Received
PUR000507,P0087,V004,WH001,2026-04-28,717,8594.43,Received
PUR000508,P0131,V001,WH002,2025-09-08,829,249.15,Received
PUR000509,P0042,V019,WH006,2025-12-20,735,7984.41,Received
PUR000510,P0098,V025,WH005,2026-04-08,469,6529.81,Received
PUR000511,P0109,V007,WH003,2026-05-14,542,5348.32,Partially Received
PUR000512,P0051,V018,WH006,2025-08-29,1005,6813.6,Received
PUR000513,P0085,V023,WH004,2026-05-09,677,919.91,Received
PUR000514,P0127,V005,WH002,2026-06-02,616,395.66,Received
PUR000515,P0021,V002,WH003,2025-11-02,119,4902.46,Received
PUR000516,P0044,V027,WH004,2025-09-30,635,9225.51,Partially Received
PUR000517,P0139,V022,WH007,2025-12-04,967,11310.58,Received
PUR000518,P0103,V029,WH001,2026-04-24,575,9687.89,Received
PUR000519,P0068,V012,WH004,2026-03-26,297,5079.27,Received
PUR000520,P0129,V026,WH003,2026-03-08,510,4725.01,Received
PUR000521,P0092,V017,WH008,2026-04-28,274,8630.31,Received
PUR000522,P0024,V017,WH003,2026-02-16,400,9025.47,Received
PUR000523,P0125,V006,WH008,2026-08-07,911,10896.8,Received
PUR000524,P0141,V011,WH007,2026-04-02,561,2742.3,Received
PUR000525,P0111,V009,WH001,2026-04-09,844,9352.85,Received
PUR000526,P0098,V025,WH008,2026-05-28,898,6671.89,Received
PUR000527,P0139,V022,WH008,2025-12-01,1158,11786.07,Received
PUR000528,P0017,V024,WH004,2026-05-10,300,11968.86,Received
PUR000529,P0099,V023,WH004,2026-01-11,792,9473.39,Received
PUR000530,P0082,V005,WH001,2026-03-23,862,7915.13,Received
PUR000531,P0104,V009,WH004,2026-06-23,738,9472.96,Received
PUR000532,P0019,V030,WH006,2026-05-19,347,8137.06,Received
PUR000533,P0085,V023,WH001,2025-08-19,230,927.16,Received
PUR000534,P0008,V004,WH002,2026-04-11,746,11054.29,Received
PUR000535,P0028,V019,WH008,2025-11-30,942,4404.63,Received
PUR000536,P0005,V005,WH003,2025-11-24,571,7167.9,Received
PUR000537,P0145,V019,WH002,2026-01-15,45,8335.22,Received
PUR000538,P0101,V023,WH008,2026-07-23,46,6292.31,Received
PUR000539,P0118,V022,WH006,2025-09-14,721,7313.65,Received
PUR000540,P0147,V024,WH008,2025-09-25,1126,637.0,Received
PUR000541,P0064,V020,WH008,2026-04-28,701,4843.01,Received
PUR000542,P0091,V007,WH008,2026-03-10,432,7031.1,Received
PUR000543,P0117,V015,WH007,2025-10-10,186,7822.45,Received
PUR000544,P0098,V025,WH006,2025-08-18,188,6912.24,Received
PUR000545,P0011,V021,WH005,2025-12-13,248,10519.71,Received
PUR000546,P0054,V009,WH005,2026-01-13,386,8314.75,Received
PUR000547,P0047,V012,WH005,2025-11-13,547,11935.08,Received
PUR000548,P0140,V025,WH001,2026-03-10,810,7275.64,Received
PUR000549,P0149,V015,WH004,2025-08-24,543,1608.02,Received
PUR000550,P0139,V022,WH006,2026-04-11,1115,11395.77,Received
PUR000551,P0005,V005,WH002,2025-12-04,125,6976.39,Received
PUR000552,P0020,V017,WH007,2026-05-21,751,11693.38,Received
PUR000553,P0046,V016,WH002,2025-11-23,984,3320.2,Received
PUR000554,P0012,V020,WH002,2026-07-03,152,10808.07,Received
PUR000555,P0070,V008,WH002,2026-06-09,553,11017.49,Received
PUR000556,P0017,V024,WH007,2026-04-29,994,11536.58,Received
PUR000557,P0115,V016,WH005,2025-12-22,288,6134.33,Received
PUR000558,P0147,V024,WH002,2025-12-11,692,640.48,Received
PUR000559,P0048,V006,WH007,2025-08-10,810,4407.67,Partially Received
PUR000560,P0108,V022,WH007,2025-09-09,37,8060.61,Received
PUR000561,P0052,V008,WH004,2025-11-09,136,886.23,Received
PUR000562,P0096,V007,WH007,2026-06-25,817,12090.31,Received
PUR000563,P0070,V008,WH005,2026-07-05,1187,11730.12,Received
PUR000564,P0102,V012,WH002,2025-09-09,570,8080.06,Received
PUR000565,P0075,V016,WH007,2026-02-11,948,10043.87,Received
PUR000566,P0143,V019,WH001,2026-05-14,772,11041.53,Received
PUR000567,P0082,V005,WH007,2025-10-25,441,7969.54,Received
PUR000568,P0092,V017,WH003,2025-12-04,665,8110.89,Received
PUR000569,P0004,V003,WH003,2026-04-22,577,1543.14,Received
PUR000570,P0135,V001,WH003,2026-01-19,69,10959.71,Partially Received
PUR000571,P0109,V007,WH007,2026-05-25,697,5224.95,Received
PUR000572,P0048,V006,WH005,2026-01-15,125,4743.95,Received
PUR000573,P0073,V014,WH002,2026-03-12,677,1185.15,Received
PUR000574,P0072,V016,WH006,2026-06-27,1115,1934.93,Received
PUR000575,P0116,V004,WH006,2025-11-17,1007,6436.24,Received
PUR000576,P0081,V028,WH006,2025-09-18,861,1655.86,Received
PUR000577,P0081,V028,WH005,2026-07-06,465,1645.46,Received
PUR000578,P0113,V024,WH004,2026-02-12,89,6321.62,Received
PUR000579,P0096,V007,WH008,2026-01-23,169,12112.2,Received
PUR000580,P0072,V016,WH001,2026-05-27,793,1877.33,Received
PUR000581,P0147,V024,WH001,2026-05-28,1142,616.27,Received
PUR000582,P0063,V012,WH003,2025-12-20,963,7889.98,Received
PUR000583,P0038,V018,WH003,2025-11-14,474,1967.48,Partially Received
PUR000584,P0067,V026,WH007,2025-12-17,1147,373.68,Received
PUR000585,P0069,V015,WH006,2026-07-20,965,3089.74,Received
PUR000586,P0013,V028,WH007,2025-08-22,620,4502.83,Received
PUR000587,P0031,V003,WH008,2026-07-22,672,2695.92,Received
PUR000588,P0114,V012,WH006,2025-10-22,744,12367.21,Received
PUR000589,P0022,V019,WH003,2026-04-26,252,8500.94,Received
PUR000590,P0093,V030,WH002,2026-06-07,270,10512.6,Received
PUR000591,P0067,V026,WH004,2026-01-21,98,393.0,Received
PUR000592,P0054,V009,WH007,2025-09-14,1095,8388.9,Received
PUR000593,P0138,V022,WH004,2026-03-14,917,9932.53,Received
PUR000594,P0042,V019,WH004,2026-01-05,940,7942.26,Received
PUR000595,P0064,V020,WH004,2026-04-03,800,5261.94,Received
PUR000596,P0126,V010,WH003,2026-06-19,245,10794.23,Received
PUR000597,P0021,V002,WH001,2025-10-22,1094,4960.98,Received
PUR000598,P0035,V024,WH003,2026-06-14,1077,10693.18,Received
PUR000599,P0030,V028,WH004,2026-01-19,822,8767.67,Received
PUR000600,P0057,V001,WH003,2025-09-17,761,916.32,Received
PUR000601,P0047,V012,WH004,2025-09-19,150,10790.67,Received
PUR000602,P0019,V030,WH005,2025-12-23,1042,8592.88,Received
PUR000603,P0114,V012,WH006,2026-05-24,651,11712.91,Received
PUR000604,P0008,V004,WH001,2026-05-08,857,10586.8,Received
PUR000605,P0026,V027,WH005,2025-08-12,778,2394.89,Received
PUR000606,P0113,V024,WH002,2026-08-09,723,6622.34,Received
PUR000607,P0071,V022,WH003,2026-05-15,516,8812.83,Received
PUR000608,P0030,V028,WH002,2026-05-01,342,8691.93,Received
PUR000609,P0135,V001,WH007,2025-09-27,634,11683.51,Received
PUR000610,P0067,V026,WH003,2025-10-17,348,375.18,Received
PUR000611,P0065,V018,WH008,2025-12-23,152,6084.43,Received
PUR000612,P0036,V008,WH008,2025-11-03,854,9727.86,Received
PUR000613,P0025,V006,WH006,2026-08-10,670,4613.73,Received
PUR000614,P0037,V016,WH005,2026-05-13,140,1238.51,Received
PUR000615,P0001,V007,WH006,2025-10-23,625,7454.65,Received
PUR000616,P0143,V019,WH007,2026-07-13,984,10497.36,Partially Received
PUR000617,P0037,V016,WH004,2026-05-16,148,1234.85,Received
PUR000618,P0141,V011,WH006,2025-10-17,1134,2774.43,Received
PUR000619,P0136,V001,WH006,2025-12-08,48,7939.24,Received
PUR000620,P0133,V023,WH008,2026-01-21,741,8935.83,Received
PUR000621,P0128,V018,WH004,2026-06-12,352,11570.01,Received
PUR000622,P0127,V005,WH008,2026-01-12,1173,415.18,Received
PUR000623,P0001,V007,WH003,2026-01-08,963,7897.43,Received
PUR000624,P0035,V024,WH004,2025-12-03,1067,10556.98,Received
PUR000625,P0104,V009,WH005,2025-12-09,1142,10331.61,Received
PUR000626,P0023,V006,WH006,2026-06-19,375,2945.87,Received
PUR000627,P0009,V004,WH008,2026-05-29,158,11169.98,Partially Received
PUR000628,P0034,V003,WH004,2026-08-09,48,8199.03,Received
PUR000629,P0128,V018,WH007,2026-08-16,950,11748.3,Received
PUR000630,P0004,V003,WH007,2025-12-10,515,1482.73,Received
PUR000631,P0102,V012,WH006,2026-05-14,1033,8484.24,Partially Received
PUR000632,P0075,V016,WH005,2026-02-01,674,9522.41,Received
PUR000633,P0099,V023,WH002,2025-08-22,847,9519.78,Received
PUR000634,P0072,V016,WH008,2026-07-29,370,1886.8,Received
PUR000635,P0003,V012,WH005,2026-07-09,573,7457.3,Received
PUR000636,P0142,V006,WH001,2026-01-07,318,7290.41,Received
PUR000637,P0034,V003,WH001,2026-05-11,83,8875.51,Received
PUR000638,P0045,V015,WH001,2026-03-07,774,5900.21,Partially Received
PUR000639,P0061,V017,WH006,2026-01-14,789,537.29,Received
PUR000640,P0083,V011,WH007,2025-09-24,853,2360.87,Received
PUR000641,P0123,V009,WH003,2026-06-13,185,3633.77,Received
PUR000642,P0102,V012,WH008,2025-12-31,525,7920.58,Received
PUR000643,P0016,V030,WH007,2025-08-07,812,2682.79,Received
PUR000644,P0066,V024,WH003,2026-05-25,852,3200.28,Received
PUR000645,P0145,V019,WH003,2025-10-02,877,8136.8,Received
PUR000646,P0119,V010,WH007,2026-07-27,825,11793.19,Received
PUR000647,P0124,V016,WH008,2026-03-18,1192,1920.99,Received
PUR000648,P0144,V001,WH006,2026-07-17,780,9528.16,Received
PUR000649,P0102,V012,WH005,2026-01-05,852,8212.92,Partially Received
PUR000650,P0066,V024,WH003,2025-12-29,302,3327.25,Received
PUR000651,P0013,V028,WH002,2026-02-07,398,4378.61,Received
PUR000652,P0111,V009,WH007,2025-11-20,217,8811.99,Received
PUR000653,P0034,V003,WH007,2026-02-20,1034,8280.45,Received
PUR000654,P0039,V003,WH001,2026-01-14,1043,8092.21,Received
PUR000655,P0136,V001,WH005,2026-05-28,575,8457.37,Received
PUR000656,P0120,V021,WH001,2026-05-21,375,3288.8,Received
PUR000657,P0126,V010,WH007,2025-08-05,1060,10758.46,Received
PUR000658,P0055,V026,WH007,2025-10-15,658,10211.28,Received
PUR000659,P0027,V028,WH003,2025-09-19,398,8062.68,Received
PUR000660,P0118,V022,WH005,2026-07-27,699,7120.02,Received
PUR000661,P0053,V027,WH004,2026-07-30,525,3562.24,Received
PUR000662,P0039,V003,WH002,2026-01-11,918,7567.46,Received
PUR000663,P0065,V018,WH008,2026-03-20,95,6326.73,Received
PUR000664,P0145,V019,WH003,2025-09-25,250,8461.09,Received
PUR000665,P0013,V028,WH007,2026-04-11,981,4207.34,Received
PUR000666,P0021,V002,WH008,2025-09-28,321,4978.09,Received
PUR000667,P0147,V024,WH003,2026-01-20,745,650.27,Received
PUR000668,P0053,V027,WH002,2025-12-09,234,3653.67,Received
PUR000669,P0019,V030,WH007,2026-01-22,88,8050.29,Received
PUR000670,P0057,V001,WH002,2026-05-14,412,935.14,Received
PUR000671,P0025,V006,WH008,2026-02-21,1128,4965.96,Received
PUR000672,P0031,V003,WH004,2025-10-08,286,2908.63,Received
PUR000673,P0081,V028,WH003,2026-07-26,1112,1642.67,Received
PUR000674,P0023,V006,WH006,2026-07-17,630,2866.83,Received
PUR000675,P0032,V028,WH003,2026-06-18,1028,3278.75,Received
PUR000676,P0074,V030,WH001,2026-04-20,981,8675.12,Received
PUR000677,P0010,V028,WH005,2026-02-17,747,10633.89,Received
PUR000678,P0054,V009,WH005,2026-03-28,692,8413.81,Received
PUR000679,P0052,V008,WH001,2025-12-26,442,907.06,Received
PUR000680,P0148,V013,WH007,2025-09-27,134,2633.65,Received
PUR000681,P0114,V012,WH005,2026-07-04,239,11428.79,Received
PUR000682,P0014,V025,WH002,2025-12-02,50,7917.45,Received
PUR000683,P0110,V028,WH008,2026-04-11,1173,7239.68,Received
PUR000684,P0053,V027,WH008,2026-01-04,636,3735.78,Received
PUR000685,P0079,V004,WH005,2026-04-18,558,7802.09,Received
PUR000686,P0022,V019,WH005,2025-11-02,758,8666.28,Received
PUR000687,P0030,V028,WH001,2025-09-30,1045,8411.97,Received
PUR000688,P0004,V003,WH007,2026-02-16,890,1533.42,Received
PUR000689,P0059,V023,WH004,2026-06-03,120,8053.43,Received
PUR000690,P0008,V004,WH005,2025-12-04,1101,11384.07,Received
PUR000691,P0012,V020,WH006,2026-03-31,711,10480.26,Received
PUR000692,P0119,V010,WH005,2026-01-04,960,12069.63,Received
PUR000693,P0034,V003,WH004,2026-02-21,360,8575.83,Received
PUR000694,P0082,V005,WH001,2025-08-04,880,7822.4,Received
PUR000695,P0098,V025,WH004,2026-03-20,1063,6409.03,Received
PUR000696,P0127,V005,WH001,2025-10-03,57,382.53,Received
PUR000697,P0075,V016,WH002,2025-10-26,679,10022.56,Received
PUR000698,P0105,V029,WH001,2026-04-30,947,1039.35,Received
PUR000699,P0049,V017,WH002,2026-07-02,1069,6934.76,Received
PUR000700,P0079,V004,WH002,2026-02-23,473,7061.29,Received
PUR000701,P0093,V030,WH001,2026-06-02,756,11079.94,Received
PUR000702,P0018,V017,WH006,2026-05-20,838,845.12,Received
PUR000703,P0096,V007,WH003,2026-06-13,792,11683.35,Received
PUR000704,P0038,V018,WH001,2026-02-10,32,2049.87,Received
PUR000705,P0087,V004,WH005,2026-01-04,934,8236.45,Received
PUR000706,P0088,V029,WH006,2026-03-26,940,526.24,Received
PUR000707,P0050,V020,WH006,2025-08-18,844,3437.84,Received
PUR000708,P0008,V004,WH005,2026-04-25,390,11059.3,Received
PUR000709,P0134,V019,WH003,2025-09-18,351,3050.41,Received
PUR000710,P0069,V015,WH006,2025-12-10,280,3159.82,Received
PUR000711,P0121,V008,WH002,2026-05-20,716,4318.02,Received
PUR000712,P0064,V020,WH008,2026-01-23,706,4965.74,Received
PUR000713,P0139,V022,WH003,2025-12-14,969,11546.1,Received
PUR000714,P0121,V008,WH007,2025-10-19,406,4089.85,Received
PUR000715,P0065,V018,WH005,2025-11-09,840,6152.7,Partially Received
PUR000716,P0107,V004,WH003,2025-11-29,487,4826.87,Received
PUR000717,P0147,V024,WH001,2026-05-07,88,655.55,Received
PUR000718,P0137,V008,WH008,2026-08-05,1147,339.7,Received
PUR000719,P0100,V026,WH003,2025-08-22,219,777.33,Received
PUR000720,P0082,V005,WH002,2026-07-05,235,7867.0,Received
PUR000721,P0143,V019,WH008,2025-09-05,231,10841.72,Received
PUR000722,P0051,V018,WH001,2026-02-23,527,6394.49,Received
PUR000723,P0141,V011,WH004,2026-04-29,35,2509.07,Received
PUR000724,P0083,V011,WH005,2026-07-05,903,2428.66,Received
PUR000725,P0112,V030,WH008,2026-01-13,351,5125.39,Received
PUR000726,P0056,V026,WH005,2025-11-30,736,145.52,Received
PUR000727,P0145,V019,WH003,2026-05-10,570,8041.59,Received
PUR000728,P0060,V030,WH006,2026-05-13,961,3393.6,Received
PUR000729,P0120,V021,WH001,2026-04-09,275,3504.38,Received
PUR000730,P0138,V022,WH004,2026-05-10,1011,10415.11,Received
PUR000731,P0023,V006,WH001,2026-05-12,747,3018.52,Received
PUR000732,P0149,V015,WH005,2026-01-27,899,1650.01,Received
PUR000733,P0013,V028,WH001,2026-07-15,834,4124.2,Received
PUR000734,P0101,V023,WH004,2026-03-02,668,6858.31,Received
PUR000735,P0024,V017,WH006,2025-11-06,1019,9081.93,Received
PUR000736,P0108,V022,WH003,2025-09-07,490,8302.14,Received
PUR000737,P0011,V021,WH002,2026-05-03,709,10760.43,Received
PUR000738,P0017,V024,WH001,2026-03-03,719,11021.03,Received
PUR000739,P0025,V006,WH008,2025-12-01,526,4613.74,Partially Received
PUR000740,P0094,V022,WH002,2025-08-28,1011,3526.68,Received
PUR000741,P0021,V002,WH005,2026-07-31,1029,4828.43,Received
PUR000742,P0084,V014,WH003,2026-03-13,823,293.38,Received
PUR000743,P0140,V025,WH007,2025-08-06,850,7084.03,Received
PUR000744,P0037,V016,WH003,2026-05-23,233,1297.2,Received
PUR000745,P0042,V019,WH001,2026-04-22,188,7683.81,Received
PUR000746,P0145,V019,WH008,2025-12-04,997,8226.08,Received
PUR000747,P0101,V023,WH006,2025-09-01,165,6279.09,Received
PUR000748,P0048,V006,WH003,2025-12-15,535,4566.69,Received
PUR000749,P0103,V029,WH001,2026-02-24,1133,10009.53,Received
PUR000750,P0028,V019,WH001,2026-03-29,472,4163.47,Received
PUR000751,P0041,V003,WH002,2025-09-16,79,8277.97,Received
PUR000752,P0099,V023,WH003,2026-07-05,547,9694.96,Received
PUR000753,P0047,V012,WH001,2025-11-03,1043,11791.04,Received
PUR000754,P0146,V024,WH002,2026-02-14,493,10162.73,Received
PUR000755,P0105,V029,WH008,2025-09-11,776,1052.42,Received
PUR000756,P0124,V016,WH004,2025-09-22,801,2072.05,Received
PUR000757,P0013,V028,WH008,2025-08-08,1122,4208.8,Partially Received
PUR000758,P0141,V011,WH007,2025-11-18,452,2614.69,Received
PUR000759,P0100,V026,WH002,2025-12-10,1196,733.27,Received
PUR000760,P0031,V003,WH002,2026-05-01,420,2918.69,Received
PUR000761,P0130,V017,WH001,2026-04-10,76,9708.78,Received
PUR000762,P0016,V030,WH005,2025-11-05,1022,2862.11,Received
PUR000763,P0137,V008,WH005,2025-08-20,205,359.96,Received
PUR000764,P0073,V014,WH006,2026-03-21,417,1175.54,Received
PUR000765,P0054,V009,WH005,2025-11-03,624,8723.12,Received
PUR000766,P0100,V026,WH002,2026-01-31,807,780.0,Received
PUR000767,P0109,V007,WH006,2025-10-07,177,5460.28,Received
PUR000768,P0087,V004,WH008,2025-12-24,608,8318.39,Received
PUR000769,P0137,V008,WH001,2025-09-28,485,356.99,Received
PUR000770,P0008,V004,WH008,2025-10-11,465,10907.67,Partially Received
PUR000771,P0007,V019,WH003,2025-08-05,820,478.97,Received
PUR000772,P0036,V008,WH007,2026-01-25,1116,9474.31,Received
PUR000773,P0018,V017,WH007,2026-02-08,948,854.28,Received
PUR000774,P0003,V012,WH002,2026-05-17,36,7958.91,Received
PUR000775,P0028,V019,WH002,2026-07-19,750,4407.13,Received
PUR000776,P0070,V008,WH006,2026-08-06,345,11343.96,Received
PUR000777,P0149,V015,WH001,2026-07-06,1014,1567.4,Received
PUR000778,P0028,V019,WH004,2025-12-26,632,4242.26,Received
PUR000779,P0054,V009,WH002,2025-08-05,565,8931.14,Received
PUR000780,P0065,V018,WH004,2026-02-17,615,6438.96,Received
PUR000781,P0100,V026,WH008,2025-08-23,940,796.15,Received
PUR000782,P0021,V002,WH004,2026-06-18,861,4748.56,Received
PUR000783,P0013,V028,WH005,2025-08-14,363,4333.41,Received
PUR000784,P0057,V001,WH001,2026-03-06,878,945.18,Received
PUR000785,P0049,V017,WH007,2025-09-20,464,6944.41,Received
PUR000786,P0118,V022,WH007,2026-02-18,241,6730.96,Received
PUR000787,P0054,V009,WH004,2026-05-19,611,8823.61,Received
PUR000788,P0138,V022,WH007,2026-06-02,1050,10093.09,Received
PUR000789,P0053,V027,WH008,2026-03-23,1037,3498.0,Received
PUR000790,P0044,V027,WH001,2026-01-08,35,9409.86,Received
PUR000791,P0047,V012,WH005,2026-04-12,543,11075.89,Received
PUR000792,P0053,V027,WH001,2025-10-09,822,3630.08,Received
PUR000793,P0074,V030,WH002,2026-08-01,40,8092.36,Received
PUR000794,P0046,V016,WH004,2026-01-28,247,3315.23,Received
PUR000795,P0013,V028,WH001,2026-05-08,1027,4497.54,Received
PUR000796,P0102,V012,WH008,2025-08-28,828,7988.05,Received
PUR000797,P0024,V017,WH007,2025-09-18,1177,8547.23,Received
PUR000798,P0002,V002,WH003,2025-11-18,423,1217.13,Received
PUR000799,P0081,V028,WH001,2026-01-02,1109,1622.81,Received
PUR000800,P0100,V026,WH004,2026-07-06,456,792.15,Partially Received
PUR000801,P0142,V006,WH005,2025-09-24,848,7322.6,Received
PUR000802,P0138,V022,WH007,2025-08-06,953,10358.43,Received
PUR000803,P0131,V001,WH005,2026-02-23,278,247.35,Received
PUR000804,P0111,V009,WH004,2026-04-18,122,8614.81,Received
PUR000805,P0102,V012,WH007,2026-05-20,1012,8009.66,Received
PUR000806,P0017,V024,WH002,2025-09-23,788,11297.68,Received
PUR000807,P0012,V020,WH007,2026-03-03,1144,10651.32,Received
PUR000808,P0116,V004,WH002,2025-11-16,832,6894.36,Received
PUR000809,P0024,V017,WH005,2025-08-21,245,8881.94,Received
PUR000810,P0029,V008,WH005,2025-08-23,962,4655.63,Received
PUR000811,P0122,V005,WH004,2026-03-01,482,11329.72,Received
PUR000812,P0090,V017,WH002,2025-10-10,256,8580.79,Received
PUR000813,P0065,V018,WH005,2026-01-30,1069,6317.25,Received
PUR000814,P0084,V014,WH002,2025-12-14,1164,296.18,Received
PUR000815,P0119,V010,WH005,2025-10-25,525,11484.68,Received
PUR000816,P0016,V030,WH007,2025-11-26,833,2642.36,Received
PUR000817,P0104,V009,WH001,2026-06-26,786,10102.94,Received
PUR000818,P0092,V017,WH008,2026-05-19,653,8542.03,Received
PUR000819,P0027,V028,WH003,2025-08-19,1010,7980.17,Received
PUR000820,P0134,V019,WH008,2026-03-20,637,3040.71,Received
PUR000821,P0135,V001,WH007,2026-03-14,292,12108.6,Received
PUR000822,P0033,V005,WH006,2026-05-16,251,10668.7,Received
PUR000823,P0055,V026,WH008,2026-02-19,787,9887.03,Received
PUR000824,P0007,V019,WH001,2026-05-01,515,436.42,Received
PUR000825,P0057,V001,WH006,2026-04-13,1067,941.04,Received
PUR000826,P0126,V010,WH005,2026-02-09,1152,10748.62,Received
PUR000827,P0012,V020,WH003,2026-08-06,521,11314.39,Received
PUR000828,P0016,V030,WH003,2026-07-14,44,2805.87,Received
PUR000829,P0043,V006,WH005,2025-11-11,307,12179.54,Received
PUR000830,P0117,V015,WH005,2025-10-05,357,7790.58,Received
PUR000831,P0135,V001,WH002,2025-11-30,1080,11622.59,Received
PUR000832,P0111,V009,WH005,2026-03-13,156,8946.44,Received
PUR000833,P0051,V018,WH004,2025-09-25,527,7015.45,Received
PUR000834,P0075,V016,WH008,2026-04-29,246,10234.26,Received
PUR000835,P0008,V004,WH005,2025-10-14,339,10951.53,Received
PUR000836,P0045,V015,WH004,2026-02-16,935,6263.04,Received
PUR000837,P0059,V023,WH005,2026-06-26,105,8205.17,Received
PUR000838,P0132,V005,WH002,2026-08-07,945,12107.27,Received
PUR000839,P0104,V009,WH004,2025-09-13,72,9876.5,Received
PUR000840,P0098,V025,WH008,2026-06-14,879,6499.92,Received
PUR000841,P0079,V004,WH001,2026-05-08,886,7052.94,Received
PUR000842,P0124,V016,WH004,2026-05-15,452,1971.09,Received
PUR000843,P0004,V003,WH007,2026-05-24,1018,1514.7,Received
PUR000844,P0090,V017,WH002,2026-08-11,119,8729.03,Received
PUR000845,P0104,V009,WH006,2026-06-01,1009,9869.99,Received
PUR000846,P0137,V008,WH008,2026-03-18,618,364.37,Received
PUR000847,P0119,V010,WH004,2026-04-14,422,11278.04,Received
PUR000848,P0133,V023,WH007,2026-07-05,415,9243.93,Received
PUR000849,P0056,V026,WH007,2026-06-18,434,136.79,Received
PUR000850,P0096,V007,WH008,2025-11-07,958,10971.4,Received
PUR000851,P0075,V016,WH008,2025-10-24,696,10040.71,Received
PUR000852,P0143,V019,WH007,2025-09-29,482,10996.28,Received
PUR000853,P0032,V028,WH005,2025-10-02,560,3296.48,Received
PUR000854,P0028,V019,WH007,2025-09-15,1173,4094.13,Received
PUR000855,P0022,V019,WH005,2026-06-04,103,8299.72,Received
PUR000856,P0017,V024,WH006,2026-06-15,290,11069.33,Received
PUR000857,P0059,V023,WH002,2026-01-19,263,7888.99,Received
PUR000858,P0090,V017,WH003,2026-04-27,407,8372.34,Received
PUR000859,P0106,V022,WH005,2025-11-13,233,9420.2,Received
PUR000860,P0026,V027,WH007,2026-01-07,837,2266.49,Received
PUR000861,P0025,V006,WH007,2025-12-18,78,4654.44,Received
PUR000862,P0138,V022,WH001,2025-11-18,902,10573.81,Received
PUR000863,P0045,V015,WH007,2025-12-05,862,5855.3,Received
PUR000864,P0083,V011,WH002,2025-11-11,943,2327.74,Received
PUR000865,P0011,V021,WH004,2026-02-24,142,10173.65,Received
PUR000866,P0104,V009,WH004,2026-05-23,1182,10021.24,Received
PUR000867,P0068,V012,WH007,2025-10-15,458,4741.89,Received
PUR000868,P0095,V012,WH001,2026-08-14,1041,12022.05,Received
PUR000869,P0065,V018,WH005,2026-08-14,581,6581.96,Received
PUR000870,P0049,V017,WH002,2025-11-25,137,6516.52,Received
PUR000871,P0052,V008,WH001,2026-01-31,924,918.91,Received
PUR000872,P0102,V012,WH005,2025-09-17,414,7887.42,Received
PUR000873,P0057,V001,WH002,2026-08-11,895,944.57,Received
PUR000874,P0047,V012,WH007,2026-08-10,954,11239.82,Received
PUR000875,P0026,V027,WH004,2025-11-02,1121,2256.56,Received
PUR000876,P0114,V012,WH002,2025-08-20,971,11416.78,Received
PUR000877,P0005,V005,WH007,2026-04-17,94,6918.98,Received
PUR000878,P0084,V014,WH006,2026-04-23,314,295.95,Received
PUR000879,P0052,V008,WH003,2025-11-07,40,891.56,Received
PUR000880,P0105,V029,WH002,2026-02-20,1058,1119.43,Received
PUR000881,P0054,V009,WH003,2025-11-24,579,8556.39,Received
PUR000882,P0015,V009,WH002,2026-04-08,1129,3878.05,Received
PUR000883,P0061,V017,WH003,2026-04-24,1192,505.72,Received
PUR000884,P0122,V005,WH006,2026-03-30,391,12120.75,Partially Received
PUR000885,P0021,V002,WH004,2026-04-28,837,5099.5,Received
PUR000886,P0046,V016,WH008,2026-02-18,1194,3298.82,Received
PUR000887,P0134,V019,WH005,2026-03-28,1184,3108.43,Received
PUR000888,P0038,V018,WH003,2025-11-15,1112,1993.97,Received
PUR000889,P0062,V028,WH006,2026-01-08,865,4188.05,Received
PUR000890,P0086,V026,WH003,2026-02-02,540,3997.72,Received
PUR000891,P0078,V019,WH004,2026-03-06,390,6203.25,Received
PUR000892,P0046,V016,WH003,2026-06-29,120,3399.46,Received
PUR000893,P0141,V011,WH006,2025-09-12,680,2763.2,Received
PUR000894,P0003,V012,WH007,2026-03-05,987,7574.46,Received
PUR000895,P0006,V015,WH006,2026-05-14,262,5465.34,Received
PUR000896,P0093,V030,WH008,2026-03-24,772,11371.28,Received
PUR000897,P0008,V004,WH008,2026-02-24,531,10677.42,Received
PUR000898,P0108,V022,WH008,2025-08-07,868,8810.33,Received
PUR000899,P0075,V016,WH001,2025-09-02,574,10275.61,Received
PUR000900,P0077,V005,WH004,2026-08-07,1138,10412.74,Received
PUR000901,P0050,V020,WH007,2026-07-12,245,3582.81,Received
PUR000902,P0011,V021,WH001,2026-04-10,233,10543.39,Received
PUR000903,P0095,V012,WH004,2025-09-02,737,11303.8,Received
PUR000904,P0070,V008,WH007,2025-08-23,86,10678.41,Received
PUR000905,P0016,V030,WH003,2025-09-09,415,2657.2,Received
PUR000906,P0068,V012,WH007,2025-09-27,631,4860.65,Received
PUR000907,P0099,V023,WH006,2026-01-03,1055,9381.74,Received
PUR000908,P0048,V006,WH001,2026-06-20,789,4352.23,Received
PUR000909,P0064,V020,WH003,2025-09-29,426,5212.86,Received
PUR000910,P0090,V017,WH006,2026-01-11,944,9043.63,Received
PUR000911,P0076,V030,WH004,2026-03-19,666,7507.37,Received
PUR000912,P0139,V022,WH007,2026-03-01,241,11868.16,Received
PUR000913,P0101,V023,WH006,2026-06-09,1199,6731.6,Received
PUR000914,P0089,V025,WH003,2026-03-26,673,6976.69,Received
PUR000915,P0018,V017,WH001,2025-12-03,447,811.13,Received
PUR000916,P0019,V030,WH001,2026-01-27,996,8189.5,Received
PUR000917,P0055,V026,WH008,2025-09-21,1025,10243.41,Received
PUR000918,P0102,V012,WH007,2025-08-30,390,8716.38,Received
PUR000919,P0118,V022,WH006,2025-12-12,869,7251.2,Received
PUR000920,P0134,V019,WH008,2025-08-10,875,3132.06,Received
PUR000921,P0004,V003,WH003,2026-08-13,248,1445.43,Received
PUR000922,P0108,V022,WH008,2026-04-03,299,8539.98,Received
PUR000923,P0115,V016,WH002,2026-07-05,1090,6213.97,Received
PUR000924,P0029,V008,WH004,2026-03-03,994,4548.88,Received
PUR000925,P0059,V023,WH008,2025-09-01,777,8407.16,Received
PUR000926,P0125,V006,WH004,2026-05-29,1067,11000.89,Received
PUR000927,P0098,V025,WH003,2025-12-10,340,6690.51,Received
PUR000928,P0017,V024,WH002,2026-08-02,293,11922.17,Received
PUR000929,P0107,V004,WH001,2026-01-26,575,4430.08,Received
PUR000930,P0043,V006,WH007,2026-05-13,863,12424.86,Received
PUR000931,P0080,V027,WH005,2026-05-06,687,10198.91,Received
PUR000932,P0008,V004,WH005,2026-06-04,1019,11019.35,Received
PUR000933,P0141,V011,WH007,2025-10-14,399,2536.61,Received
PUR000934,P0106,V022,WH003,2025-11-09,730,9619.81,Received
PUR000935,P0008,V004,WH002,2026-02-16,765,10862.16,Received
PUR000936,P0096,V007,WH002,2026-02-28,694,11301.6,Received
PUR000937,P0094,V022,WH004,2026-07-24,135,3558.41,Received
PUR000938,P0065,V018,WH001,2025-09-10,624,6589.31,Received
PUR000939,P0039,V003,WH006,2026-01-21,1085,7591.26,Received
PUR000940,P0081,V028,WH008,2026-05-29,398,1661.15,Received
PUR000941,P0084,V014,WH002,2026-06-11,485,282.35,Received
PUR000942,P0088,V029,WH007,2026-08-15,299,555.62,Received
PUR000943,P0086,V026,WH006,2025-09-13,637,4350.37,Received
PUR000944,P0093,V030,WH005,2026-05-03,137,10639.79,Received
PUR000945,P0086,V026,WH006,2025-11-23,328,4017.72,Received
PUR000946,P0044,V027,WH001,2025-12-09,119,9761.33,Received
PUR000947,P0137,V008,WH007,2025-08-03,280,354.22,Partially Received
PUR000948,P0074,V030,WH001,2025-12-10,1012,8685.08,Received
PUR000949,P0036,V008,WH006,2026-03-23,305,9300.82,Received
PUR000950,P0101,V023,WH008,2026-06-01,347,6440.7,Received
PUR000951,P0104,V009,WH003,2026-01-10,1146,10421.27,Received
PUR000952,P0066,V024,WH002,2026-05-09,82,3478.91,Received
PUR000953,P0055,V026,WH007,2026-05-16,706,9739.52,Received
PUR000954,P0091,V007,WH003,2026-05-12,757,7301.65,Partially Received
PUR000955,P0022,V019,WH006,2026-01-26,1050,8192.01,Received
PUR000956,P0101,V023,WH002,2026-07-13,658,6565.47,Received
PUR000957,P0121,V008,WH004,2025-11-22,955,4151.37,Received
PUR000958,P0093,V030,WH003,2025-09-08,1135,10804.88,Received
PUR000959,P0108,V022,WH003,2026-03-27,495,8561.95,Received
PUR000960,P0141,V011,WH006,2026-08-04,72,2494.09,Received
PUR000961,P0010,V028,WH005,2026-07-28,773,11149.19,Received
PUR000962,P0009,V004,WH006,2026-01-01,505,11725.71,Received
PUR000963,P0034,V003,WH003,2025-08-22,1155,8637.33,Received
PUR000964,P0129,V026,WH002,2026-01-20,428,4712.01,Received
PUR000965,P0089,V025,WH008,2026-05-09,1050,6942.75,Received
PUR000966,P0093,V030,WH005,2026-01-16,687,10318.01,Received
PUR000967,P0071,V022,WH006,2026-01-29,854,8881.09,Received
PUR000968,P0067,V026,WH008,2025-11-16,895,396.17,Received
PUR000969,P0148,V013,WH007,2026-04-08,386,2597.4,Received
PUR000970,P0117,V015,WH006,2025-09-16,1021,7473.46,Received
PUR000971,P0094,V022,WH003,2026-01-08,269,3500.79,Received
PUR000972,P0099,V023,WH008,2026-02-15,399,9840.46,Received
PUR000973,P0113,V024,WH003,2025-10-06,891,6389.55,Received
PUR000974,P0103,V029,WH004,2025-08-13,854,10544.1,Received
PUR000975,P0091,V007,WH008,2026-04-05,794,7101.19,Received
PUR000976,P0090,V017,WH008,2025-12-17,938,9013.89,Received
PUR000977,P0017,V024,WH006,2026-03-10,474,11754.93,Received
PUR000978,P0018,V017,WH003,2026-02-24,385,872.73,Received
PUR000979,P0116,V004,WH007,2026-07-27,422,6640.42,Received
PUR000980,P0093,V030,WH001,2025-12-27,77,10908.88,Received
PUR000981,P0091,V007,WH005,2026-05-18,540,7268.43,Received
PUR000982,P0082,V005,WH001,2025-08-29,1158,7474.09,Received
PUR000983,P0068,V012,WH005,2025-10-11,229,4918.52,Received
PUR000984,P0114,V012,WH007,2026-04-17,1084,11273.29,Received
PUR000985,P0001,V007,WH008,2026-01-05,835,8237.62,Received
PUR000986,P0058,V019,WH008,2026-04-17,192,3944.6,Received
PUR000987,P0109,V007,WH006,2026-04-21,253,5370.7,Received
PUR000988,P0148,V013,WH004,2025-08-29,812,2561.14,Received
PUR000989,P0116,V004,WH003,2025-09-21,812,6645.98,Partially Received
PUR000990,P0087,V004,WH003,2026-07-10,1082,8545.65,Received
PUR000991,P0010,V028,WH003,2026-01-07,138,10686.28,Received
PUR000992,P0059,V023,WH006,2025-11-20,354,8214.4,Received
PUR000993,P0041,V003,WH005,2025-09-30,1117,8195.3,Received
PUR000994,P0105,V029,WH008,2026-06-07,343,1136.12,Received
PUR000995,P0133,V023,WH007,2026-04-11,1030,8957.46,Received
PUR000996,P0122,V005,WH003,2025-10-03,1190,12264.51,Received
PUR000997,P0145,V019,WH001,2026-05-05,303,8582.08,Received
PUR000998,P0022,V019,WH003,2026-07-04,232,8579.16,Received
PUR000999,P0098,V025,WH008,2026-06-23,948,6702.72,Received
PUR001000,P0068,V012,WH006,2026-07-28,771,5002.4,Received
PUR001001,P0139,V022,WH007,2026-05-14,358,12211.88,Received
PUR001002,P0056,V026,WH004,2026-08-07,1065,148.75,Received
PUR001003,P0149,V015,WH007,2025-09-27,124,1615.11,Received
PUR001004,P0099,V023,WH001,2026-04-04,789,9206.93,Received
PUR001005,P0076,V030,WH003,2025-10-01,735,7772.47,Received
PUR001006,P0026,V027,WH003,2025-08-06,782,2286.38,Received
PUR001007,P0115,V016,WH002,2026-03-16,398,6252.7,Received
PUR001008,P0147,V024,WH005,2025-08-10,732,613.85,Received
PUR001009,P0109,V007,WH001,2026-05-13,244,5493.82,Received
PUR001010,P0047,V012,WH002,2026-05-20,757,10812.52,Received
PUR001011,P0071,V022,WH007,2026-04-24,255,8997.56,Received
PUR001012,P0040,V004,WH004,2025-08-31,202,2817.89,Received
PUR001013,P0133,V023,WH005,2026-02-02,731,9134.41,Received
PUR001014,P0149,V015,WH001,2026-04-17,463,1546.38,Received
PUR001015,P0132,V005,WH003,2026-07-04,642,11753.06,Partially Received
PUR001016,P0023,V006,WH007,2026-07-25,1049,3067.68,Received
PUR001017,P0106,V022,WH001,2026-03-16,1170,10231.13,Received
PUR001018,P0084,V014,WH003,2025-10-24,1147,289.58,Received
PUR001019,P0143,V019,WH008,2026-01-01,768,10868.32,Received
PUR001020,P0116,V004,WH005,2026-02-08,174,6693.54,Received
PUR001021,P0109,V007,WH008,2026-05-07,276,5501.06,Received
PUR001022,P0136,V001,WH008,2026-01-15,254,8360.87,Received
PUR001023,P0041,V003,WH003,2026-03-04,519,7969.73,Received
PUR001024,P0112,V030,WH004,2025-09-04,308,4966.02,Received
PUR001025,P0147,V024,WH007,2026-01-24,529,653.75,Partially Received
PUR001026,P0112,V030,WH006,2026-05-10,728,4613.22,Received
PUR001027,P0103,V029,WH003,2025-11-13,804,10017.44,Received
PUR001028,P0046,V016,WH004,2025-09-26,913,3597.45,Received
PUR001029,P0068,V012,WH006,2026-02-06,795,5110.47,Received
PUR001030,P0122,V005,WH007,2026-01-29,317,11808.38,Received
PUR001031,P0015,V009,WH008,2025-11-15,156,3743.66,Received
PUR001032,P0129,V026,WH005,2025-09-08,395,4565.95,Received
PUR001033,P0111,V009,WH005,2025-11-01,106,9015.96,Received
PUR001034,P0024,V017,WH007,2026-04-02,456,8953.87,Partially Received
PUR001035,P0027,V028,WH007,2026-01-15,783,8124.11,Received
PUR001036,P0040,V004,WH001,2026-05-23,721,2991.05,Received
PUR001037,P0024,V017,WH004,2026-06-08,961,9152.24,Received
PUR001038,P0024,V017,WH008,2026-01-03,171,8471.38,Received
PUR001039,P0004,V003,WH004,2025-12-08,1051,1505.06,Received
PUR001040,P0067,V026,WH007,2025-09-06,826,380.22,Received
PUR001041,P0034,V003,WH002,2026-08-07,254,8644.21,Received
PUR001042,P0116,V004,WH002,2026-07-17,694,6531.5,Received
PUR001043,P0023,V006,WH006,2025-09-07,580,3025.87,Received
PUR001044,P0109,V007,WH006,2026-07-31,57,5503.32,Received
PUR001045,P0069,V015,WH002,2026-06-15,1179,3050.63,Received
PUR001046,P0095,V012,WH007,2025-10-17,841,12083.54,Received
PUR001047,P0062,V028,WH007,2025-08-28,440,4209.11,Received
PUR001048,P0057,V001,WH006,2026-05-03,367,890.14,Received
PUR001049,P0054,V009,WH003,2026-02-13,1122,8247.64,Received
PUR001050,P0070,V008,WH007,2026-07-13,767,11832.59,Received
PUR001051,P0101,V023,WH002,2026-01-15,292,6952.36,Received
PUR001052,P0057,V001,WH004,2026-04-21,327,889.29,Received
PUR001053,P0138,V022,WH007,2026-08-17,995,9506.93,Received
PUR001054,P0135,V001,WH008,2025-10-01,752,11082.62,Received
PUR001055,P0103,V029,WH007,2025-11-22,1052,10674.75,Received
PUR001056,P0085,V023,WH003,2025-08-30,463,900.53,Received
PUR001057,P0061,V017,WH006,2025-11-01,1156,527.96,Received
PUR001058,P0003,V012,WH007,2025-12-15,424,8012.42,Received
PUR001059,P0128,V018,WH005,2026-06-30,872,11282.5,Received
PUR001060,P0086,V026,WH001,2026-05-16,797,4208.53,Received
PUR001061,P0047,V012,WH002,2025-09-18,134,11069.8,Received
PUR001062,P0076,V030,WH008,2026-07-26,1164,8176.32,Received
PUR001063,P0038,V018,WH008,2026-07-22,84,1959.25,Received
PUR001064,P0141,V011,WH008,2025-11-21,844,2685.42,Received
PUR001065,P0087,V004,WH005,2026-04-04,258,8540.76,Received
PUR001066,P0058,V019,WH008,2025-11-26,321,4003.57,Received
PUR001067,P0050,V020,WH008,2025-11-06,988,3424.08,Received
PUR001068,P0030,V028,WH006,2026-02-02,388,8799.72,Received
PUR001069,P0101,V023,WH004,2026-06-02,252,6467.5,Received
PUR001070,P0025,V006,WH001,2025-11-13,214,5022.46,Received
PUR001071,P0112,V030,WH005,2025-11-12,926,5035.18,Received
PUR001072,P0126,V010,WH001,2025-12-27,1055,11201.17,Received
PUR001073,P0123,V009,WH002,2025-11-04,940,3832.58,Received
PUR001074,P0047,V012,WH006,2026-08-10,708,11476.2,Partially Received
PUR001075,P0118,V022,WH007,2026-07-08,196,7333.79,Received
PUR001076,P0039,V003,WH004,2026-03-06,236,7825.87,Received
PUR001077,P0016,V030,WH006,2025-11-06,1054,2673.8,Received
PUR001078,P0022,V019,WH001,2026-02-25,649,8023.2,Received
PUR001079,P0054,V009,WH005,2025-08-23,183,8529.53,Received
PUR001080,P0149,V015,WH002,2026-06-07,72,1615.29,Received
PUR001081,P0016,V030,WH002,2026-06-10,237,2723.2,Received
PUR001082,P0059,V023,WH006,2025-10-28,1018,7767.13,Received
PUR001083,P0031,V003,WH007,2025-09-14,843,2885.78,Received
PUR001084,P0032,V028,WH005,2026-04-08,404,3104.6,Received
PUR001085,P0009,V004,WH007,2026-05-03,75,10998.09,Received
PUR001086,P0139,V022,WH007,2025-11-06,137,11564.85,Received
PUR001087,P0010,V028,WH008,2026-05-11,919,10883.57,Received
PUR001088,P0017,V024,WH005,2026-02-01,817,11480.49,Received
PUR001089,P0068,V012,WH001,2025-09-26,799,4909.44,Received
PUR001090,P0048,V006,WH006,2026-03-29,1035,4489.51,Received
PUR001091,P0111,V009,WH006,2025-11-14,822,9032.35,Received
PUR001092,P0123,V009,WH008,2026-01-18,864,3665.49,Received
PUR001093,P0149,V015,WH003,2026-06-11,874,1563.13,Received
PUR001094,P0101,V023,WH006,2025-12-28,727,6895.91,Received
PUR001095,P0102,V012,WH002,2026-06-07,1123,8262.35,Received
PUR001096,P0065,V018,WH001,2026-01-27,41,6205.19,Received
PUR001097,P0051,V018,WH005,2026-07-16,862,6407.53,Received
PUR001098,P0036,V008,WH006,2026-01-14,1136,9486.36,Received
PUR001099,P0081,V028,WH001,2026-05-06,211,1629.38,Received
PUR001100,P0127,V005,WH008,2025-08-17,1038,398.81,Received
PUR001101,P0088,V029,WH006,2025-09-21,1146,562.29,Received
PUR001102,P0104,V009,WH005,2026-06-21,415,9575.56,Received
PUR001103,P0015,V009,WH004,2026-07-26,1050,3630.36,Received
PUR001104,P0096,V007,WH005,2026-04-11,659,11935.06,Received
PUR001105,P0123,V009,WH005,2026-01-25,1038,3973.84,Received
PUR001106,P0001,V007,WH005,2025-11-20,586,7566.04,Received
PUR001107,P0122,V005,WH006,2025-11-06,250,11750.24,Received
PUR001108,P0126,V010,WH003,2026-05-23,893,10902.03,Received
PUR001109,P0057,V001,WH005,2026-05-02,593,885.46,Received
PUR001110,P0081,V028,WH008,2026-02-04,259,1588.84,Received
PUR001111,P0073,V014,WH002,2025-11-10,109,1134.09,Received
PUR001112,P0141,V011,WH002,2026-01-04,251,2692.09,Partially Received
PUR001113,P0070,V008,WH008,2025-08-16,476,11318.33,Received
PUR001114,P0006,V015,WH001,2026-03-30,252,4999.37,Received
PUR001115,P0084,V014,WH003,2025-11-17,373,282.64,Received
PUR001116,P0052,V008,WH001,2026-01-22,1024,955.12,Received
PUR001117,P0003,V012,WH008,2025-12-22,458,7444.55,Received
PUR001118,P0081,V028,WH002,2025-11-24,364,1638.61,Received
PUR001119,P0063,V012,WH007,2025-08-02,683,7407.75,Received
PUR001120,P0049,V017,WH002,2025-11-07,676,6765.02,Partially Received
PUR001121,P0076,V030,WH004,2026-03-16,149,7705.74,Received
PUR001122,P0112,V030,WH005,2026-02-25,160,4654.52,Received
PUR001123,P0109,V007,WH007,2026-06-01,434,5124.7,Received
PUR001124,P0065,V018,WH002,2025-09-05,1136,6051.55,Received
PUR001125,P0081,V028,WH006,2026-02-02,645,1607.02,Received
PUR001126,P0015,V009,WH006,2026-03-27,303,3796.2,Received
PUR001127,P0100,V026,WH001,2025-12-07,242,750.03,Received
PUR001128,P0032,V028,WH007,2026-07-15,763,3033.86,Received
PUR001129,P0096,V007,WH001,2026-03-04,482,11566.42,Received
PUR001130,P0128,V018,WH005,2025-12-25,1183,12045.41,Received
PUR001131,P0146,V024,WH005,2025-10-24,376,10683.47,Received
PUR001132,P0113,V024,WH004,2025-12-26,1066,6472.83,Received
PUR001133,P0083,V011,WH008,2026-04-07,878,2418.24,Received
PUR001134,P0043,V006,WH008,2025-09-25,684,11902.0,Received
PUR001135,P0116,V004,WH003,2026-01-22,1034,7029.86,Received
PUR001136,P0078,V019,WH001,2026-05-30,104,6327.29,Received
PUR001137,P0058,V019,WH005,2026-05-09,640,4049.43,Received
PUR001138,P0033,V005,WH008,2026-07-31,1074,10554.53,Received
PUR001139,P0014,V025,WH001,2026-04-02,259,7635.8,Received
PUR001140,P0132,V005,WH005,2025-11-01,382,12062.45,Received
PUR001141,P0059,V023,WH002,2026-01-11,841,8348.2,Received
PUR001142,P0083,V011,WH001,2025-12-14,687,2426.75,Received
PUR001143,P0134,V019,WH002,2026-03-17,118,2899.56,Received
PUR001144,P0121,V008,WH001,2026-06-13,66,4418.98,Received
PUR001145,P0083,V011,WH003,2025-08-24,858,2507.14,Received
PUR001146,P0027,V028,WH004,2025-09-14,441,8008.49,Received
PUR001147,P0080,V027,WH006,2026-07-20,81,9849.27,Received
PUR001148,P0134,V019,WH008,2025-10-11,1152,3019.08,Received
PUR001149,P0013,V028,WH006,2025-09-17,1162,4533.92,Received
PUR001150,P0064,V020,WH006,2025-11-12,1029,5197.5,Received
PUR001151,P0147,V024,WH002,2025-11-29,617,631.56,Received
PUR001152,P0080,V027,WH007,2026-03-19,411,9878.26,Received
PUR001153,P0123,V009,WH005,2025-09-01,996,3947.37,Received
PUR001154,P0043,V006,WH006,2026-02-14,1095,11801.61,Received
PUR001155,P0089,V025,WH003,2025-12-01,622,6509.06,Received
PUR001156,P0148,V013,WH006,2026-03-17,356,2657.49,Received
PUR001157,P0095,V012,WH001,2026-05-26,829,11209.04,Received
PUR001158,P0002,V002,WH002,2026-04-27,771,1208.45,Received
PUR001159,P0120,V021,WH007,2025-09-03,1179,3539.55,Received
PUR001160,P0022,V019,WH001,2026-04-18,900,8437.26,Received
PUR001161,P0115,V016,WH007,2025-08-23,654,6334.65,Received
PUR001162,P0057,V001,WH001,2026-03-28,273,901.2,Received
PUR001163,P0072,V016,WH001,2025-11-03,1157,1949.7,Received
PUR001164,P0007,V019,WH008,2026-02-25,39,446.12,Received
PUR001165,P0119,V010,WH004,2026-02-23,547,11059.44,Received
PUR001166,P0114,V012,WH004,2026-01-17,1188,12109.41,Received
PUR001167,P0016,V030,WH005,2026-05-28,395,2666.78,Received
PUR001168,P0083,V011,WH002,2025-09-24,185,2413.73,Received
PUR001169,P0072,V016,WH003,2025-11-02,880,1956.18,Received
PUR001170,P0124,V016,WH003,2026-01-17,636,2135.51,Received
PUR001171,P0113,V024,WH003,2026-02-27,631,6333.65,Received
PUR001172,P0012,V020,WH008,2026-03-28,522,10277.64,Received
PUR001173,P0126,V010,WH001,2025-08-27,932,10748.86,Received
PUR001174,P0053,V027,WH004,2025-10-30,98,3653.8,Received
PUR001175,P0075,V016,WH002,2025-11-02,604,9852.9,Received
PUR001176,P0133,V023,WH001,2026-03-04,707,9209.93,Received
PUR001177,P0027,V028,WH007,2026-07-25,415,8136.2,Received
PUR001178,P0140,V025,WH004,2025-08-23,1146,6798.85,Received
PUR001179,P0145,V019,WH004,2026-08-17,421,8453.15,Received
PUR001180,P0134,V019,WH006,2026-03-13,994,3045.11,Received
PUR001181,P0097,V015,WH006,2025-10-23,243,1036.76,Received
PUR001182,P0005,V005,WH008,2025-11-24,537,6509.23,Received
PUR001183,P0057,V001,WH002,2025-09-23,653,891.92,Received
PUR001184,P0078,V019,WH007,2026-08-16,255,5841.05,Received
PUR001185,P0069,V015,WH002,2025-08-31,135,3115.18,Received
PUR001186,P0118,V022,WH002,2025-10-31,245,6845.04,Received
PUR001187,P0120,V021,WH008,2025-08-26,249,3310.72,Received
PUR001188,P0059,V023,WH008,2025-12-03,201,7840.49,Received
PUR001189,P0033,V005,WH001,2026-01-27,229,11411.61,Received
PUR001190,P0062,V028,WH005,2026-02-04,115,4148.55,Partially Received
PUR001191,P0050,V020,WH008,2025-11-17,913,3501.36,Received
PUR001192,P0112,V030,WH002,2025-09-18,775,4782.91,Received
PUR001193,P0019,V030,WH006,2026-02-08,1129,8154.43,Received
PUR001194,P0123,V009,WH005,2025-11-13,434,3785.05,Received
PUR001195,P0047,V012,WH001,2026-01-10,413,10750.11,Received
PUR001196,P0033,V005,WH005,2026-03-29,715,11070.87,Received
PUR001197,P0141,V011,WH003,2025-09-22,863,2638.29,Received
PUR001198,P0084,V014,WH007,2026-02-27,623,311.72,Received
PUR001199,P0135,V001,WH005,2026-08-16,601,11086.77,Received
PUR001200,P0079,V004,WH002,2026-06-04,152,7706.3,Received
PUR001201,P0014,V025,WH001,2025-08-28,810,8089.99,Received
PUR001202,P0147,V024,WH007,2025-11-14,668,604.1,Received
PUR001203,P0128,V018,WH002,2025-09-25,240,11775.36,Received
PUR001204,P0054,V009,WH007,2026-05-24,995,8189.15,Received
PUR001205,P0148,V013,WH006,2026-06-20,1089,2516.29,Received
PUR001206,P0029,V008,WH003,2026-04-01,807,4591.2,Received
PUR001207,P0024,V017,WH006,2025-11-23,710,8858.33,Received
PUR001208,P0082,V005,WH002,2026-03-18,58,7505.42,Received
PUR001209,P0063,V012,WH002,2026-06-06,709,7911.99,Received
PUR001210,P0105,V029,WH002,2026-02-14,181,1051.88,Received
PUR001211,P0057,V001,WH004,2025-11-21,1147,978.48,Received
PUR001212,P0136,V001,WH003,2026-02-10,180,7887.5,Received
PUR001213,P0062,V028,WH007,2026-08-16,1097,4112.82,Received
PUR001214,P0017,V024,WH008,2026-06-23,1077,11175.57,Received
PUR001215,P0066,V024,WH002,2026-01-16,261,3194.97,Received
PUR001216,P0006,V015,WH002,2026-06-15,986,5405.95,Received
PUR001217,P0058,V019,WH007,2025-12-08,909,4043.05,Partially Received
PUR001218,P0069,V015,WH008,2026-05-31,132,3131.74,Received
PUR001219,P0062,V028,WH006,2026-08-13,1033,4022.59,Received
PUR001220,P0082,V005,WH006,2026-08-10,337,7555.48,Received
PUR001221,P0071,V022,WH002,2025-09-21,42,8821.94,Received
PUR001222,P0131,V001,WH001,2026-05-15,843,250.39,Received
PUR001223,P0010,V028,WH004,2026-03-31,1161,10711.67,Received
PUR001224,P0098,V025,WH006,2026-06-23,720,6837.12,Received
PUR001225,P0089,V025,WH001,2025-08-04,1038,6932.75,Received
PUR001226,P0035,V024,WH004,2026-06-22,1156,10196.89,Received
PUR001227,P0002,V002,WH002,2025-10-10,1087,1175.26,Received
PUR001228,P0124,V016,WH003,2026-06-23,147,2076.58,Received
PUR001229,P0024,V017,WH005,2025-12-06,895,8743.7,Received
PUR001230,P0074,V030,WH005,2026-03-31,177,8420.1,Received
PUR001231,P0022,V019,WH002,2026-07-08,846,7907.76,Received
PUR001232,P0039,V003,WH006,2025-12-17,871,7896.48,Received
PUR001233,P0020,V017,WH001,2025-08-15,531,11541.08,Received
PUR001234,P0041,V003,WH003,2026-08-10,64,7937.98,Received
PUR001235,P0148,V013,WH007,2026-01-05,1151,2660.31,Received
PUR001236,P0108,V022,WH004,2026-05-09,238,8301.42,Received
PUR001237,P0147,V024,WH002,2025-12-10,462,628.48,Received
PUR001238,P0084,V014,WH003,2026-03-27,334,314.77,Received
PUR001239,P0111,V009,WH008,2025-10-04,196,9179.53,Received
PUR001240,P0066,V024,WH003,2026-07-04,247,3449.09,Received
PUR001241,P0053,V027,WH006,2025-12-19,286,3584.14,Partially Received
PUR001242,P0034,V003,WH008,2026-06-26,889,8718.75,Received
PUR001243,P0150,V008,WH004,2025-08-05,857,8000.54,Received
PUR001244,P0067,V026,WH008,2026-08-07,508,368.24,Received
PUR001245,P0134,V019,WH003,2026-04-08,721,2944.62,Received
PUR001246,P0027,V028,WH006,2026-01-29,706,8109.38,Received
PUR001247,P0010,V028,WH008,2026-01-25,1015,11642.32,Received
PUR001248,P0073,V014,WH001,2026-06-24,376,1160.25,Partially Received
PUR001249,P0096,V007,WH006,2026-07-14,891,11737.84,Received
PUR001250,P0048,V006,WH001,2026-07-15,223,4618.18,Received
PUR001251,P0070,V008,WH001,2025-10-04,571,11383.07,Received
PUR001252,P0100,V026,WH008,2026-08-17,342,757.9,Received
PUR001253,P0059,V023,WH008,2026-06-13,613,8199.58,Received
PUR001254,P0002,V002,WH007,2026-07-15,200,1202.26,Received
PUR001255,P0065,V018,WH007,2025-10-15,518,5980.1,Received
PUR001256,P0083,V011,WH003,2026-07-28,102,2556.75,Received
PUR001257,P0010,V028,WH006,2026-01-31,322,10760.06,Received
PUR001258,P0053,V027,WH007,2025-08-23,281,3448.52,Received
PUR001259,P0079,V004,WH001,2026-08-06,803,7767.05,Received
PUR001260,P0059,V023,WH007,2025-09-02,933,7954.64,Received
PUR001261,P0150,V008,WH004,2025-08-31,711,8562.79,Received
PUR001262,P0048,V006,WH003,2025-08-16,963,4430.25,Received
PUR001263,P0149,V015,WH006,2026-06-16,702,1605.03,Received
PUR001264,P0123,V009,WH006,2025-08-25,708,3689.78,Received
PUR001265,P0022,V019,WH005,2025-09-30,415,8093.51,Received
PUR001266,P0100,V026,WH006,2026-03-31,1181,762.41,Received
PUR001267,P0098,V025,WH003,2025-12-02,858,6875.51,Received
PUR001268,P0025,V006,WH004,2025-08-02,897,4864.29,Received
PUR001269,P0028,V019,WH006,2026-04-04,842,4463.97,Received
PUR001270,P0113,V024,WH005,2026-05-19,1172,6088.64,Received
PUR001271,P0045,V015,WH003,2026-05-27,68,5982.57,Received
PUR001272,P0068,V012,WH001,2025-09-23,808,5025.4,Received
PUR001273,P0007,V019,WH002,2025-12-10,312,477.93,Received
PUR001274,P0049,V017,WH002,2025-09-03,555,6371.57,Received
PUR001275,P0137,V008,WH001,2025-08-15,330,348.95,Received
PUR001276,P0083,V011,WH007,2025-10-23,556,2519.8,Received
PUR001277,P0129,V026,WH006,2025-09-14,658,4512.16,Received
PUR001278,P0138,V022,WH008,2026-01-06,253,10453.41,Received
PUR001279,P0073,V014,WH002,2026-03-13,624,1117.99,Received
PUR001280,P0046,V016,WH007,2026-05-11,113,3531.57,Partially Received
PUR001281,P0106,V022,WH002,2025-12-16,346,10282.81,Received
PUR001282,P0032,V028,WH001,2026-02-23,244,3260.17,Received
PUR001283,P0006,V015,WH006,2026-01-20,986,5167.46,Received
PUR001284,P0145,V019,WH006,2025-09-22,909,8017.55,Received
PUR001285,P0074,V030,WH007,2026-04-22,30,8901.25,Received
PUR001286,P0114,V012,WH001,2025-09-07,1055,11756.91,Received
PUR001287,P0027,V028,WH007,2026-04-13,54,7774.76,Received
PUR001288,P0054,V009,WH006,2025-09-29,466,8672.39,Received
PUR001289,P0085,V023,WH008,2026-02-21,460,931.36,Received
PUR001290,P0127,V005,WH006,2026-06-21,672,379.97,Received
PUR001291,P0111,V009,WH003,2025-11-05,614,8714.42,Received
PUR001292,P0015,V009,WH008,2026-01-10,248,3553.68,Received
PUR001293,P0132,V005,WH007,2026-01-29,363,12154.65,Received
PUR001294,P0093,V030,WH003,2025-12-04,1123,11038.11,Received
PUR001295,P0123,V009,WH001,2025-12-27,1008,3790.8,Received
PUR001296,P0073,V014,WH004,2026-01-24,1171,1221.07,Received
PUR001297,P0147,V024,WH002,2026-03-05,928,654.69,Received
PUR001298,P0092,V017,WH003,2026-04-27,546,8328.76,Received
PUR001299,P0017,V024,WH002,2026-02-14,94,10769.39,Received
PUR001300,P0043,V006,WH005,2025-11-09,215,12059.44,Received
PUR001301,P0121,V008,WH001,2026-04-14,48,4274.71,Received
PUR001302,P0041,V003,WH004,2026-08-11,725,8015.45,Partially Received
PUR001303,P0039,V003,WH005,2025-11-21,1040,8019.39,Received
PUR001304,P0113,V024,WH005,2026-05-20,35,6304.99,Received
PUR001305,P0111,V009,WH006,2025-08-27,824,9406.43,Received
PUR001306,P0047,V012,WH005,2025-08-21,959,10892.14,Received
PUR001307,P0063,V012,WH001,2025-11-21,986,7683.96,Received
PUR001308,P0110,V028,WH003,2025-09-18,1120,6550.67,Received
PUR001309,P0069,V015,WH001,2025-09-22,248,3221.29,Received
PUR001310,P0043,V006,WH003,2026-07-26,981,11306.37,Received
PUR001311,P0034,V003,WH005,2026-03-29,734,8094.82,Received
PUR001312,P0040,V004,WH005,2025-09-23,1003,2869.13,Received
PUR001313,P0061,V017,WH008,2026-01-19,592,520.51,Received
PUR001314,P0062,V028,WH004,2025-12-14,634,3868.67,Received
PUR001315,P0058,V019,WH003,2025-09-11,345,4167.92,Received
PUR001316,P0075,V016,WH005,2025-12-05,894,9685.99,Received
PUR001317,P0016,V030,WH006,2025-12-25,378,2601.41,Received
PUR001318,P0082,V005,WH008,2026-02-22,343,7429.3,Received
PUR001319,P0094,V022,WH002,2025-11-24,184,3769.83,Received
PUR001320,P0048,V006,WH008,2025-11-28,817,4608.49,Received
PUR001321,P0138,V022,WH004,2026-05-15,474,10287.01,Received
PUR001322,P0082,V005,WH001,2026-03-16,1196,7743.25,Received
PUR001323,P0038,V018,WH004,2026-07-10,1170,1965.29,Partially Received
PUR001324,P0127,V005,WH002,2026-03-28,212,378.9,Received
PUR001325,P0019,V030,WH008,2025-08-14,646,8212.11,Received
PUR001326,P0063,V012,WH003,2026-07-24,549,7816.27,Received
PUR001327,P0077,V005,WH001,2026-04-02,1053,11265.31,Received
PUR001328,P0131,V001,WH001,2026-05-23,111,244.02,Received
PUR001329,P0102,V012,WH003,2026-07-09,158,7876.09,Received
PUR001330,P0065,V018,WH007,2025-08-17,500,6018.62,Received
PUR001331,P0120,V021,WH007,2026-02-25,468,3337.04,Received
PUR001332,P0091,V007,WH004,2025-12-09,888,7095.59,Received
PUR001333,P0008,V004,WH005,2026-01-29,359,10443.3,Received
PUR001334,P0073,V014,WH007,2025-10-26,1095,1237.38,Received
PUR001335,P0134,V019,WH004,2026-07-26,485,2998.59,Received
PUR001336,P0107,V004,WH007,2026-06-22,737,4795.01,Received
PUR001337,P0089,V025,WH002,2025-12-03,818,6848.9,Received
PUR001338,P0039,V003,WH006,2025-09-05,494,8111.25,Received
PUR001339,P0113,V024,WH005,2026-07-02,420,6484.94,Received
PUR001340,P0028,V019,WH004,2025-11-21,624,4316.36,Received
PUR001341,P0097,V015,WH006,2026-01-13,951,1094.4,Received
PUR001342,P0037,V016,WH006,2026-02-24,1016,1314.25,Received
PUR001343,P0137,V008,WH008,2026-06-09,941,348.2,Received
PUR001344,P0082,V005,WH007,2026-04-03,840,7982.4,Received
PUR001345,P0056,V026,WH008,2025-10-27,676,146.13,Received
PUR001346,P0085,V023,WH003,2026-06-20,617,961.5,Received
PUR001347,P0002,V002,WH002,2025-12-19,1196,1273.25,Received
PUR001348,P0058,V019,WH002,2026-06-10,533,4000.92,Received
PUR001349,P0107,V004,WH002,2026-03-05,1049,4378.84,Received
PUR001350,P0123,V009,WH005,2025-09-06,519,3781.32,Received
PUR001351,P0114,V012,WH001,2025-11-07,736,11813.44,Received
PUR001352,P0107,V004,WH005,2025-10-20,1161,4753.13,Received
PUR001353,P0037,V016,WH004,2026-02-27,620,1288.01,Received
PUR001354,P0079,V004,WH006,2026-05-31,685,7515.89,Received
PUR001355,P0092,V017,WH006,2026-03-11,487,8249.04,Received
PUR001356,P0018,V017,WH008,2026-06-30,180,814.43,Received
PUR001357,P0098,V025,WH001,2025-12-18,289,6798.2,Received
PUR001358,P0063,V012,WH004,2025-09-19,1099,7813.18,Received
PUR001359,P0150,V008,WH001,2026-07-06,247,8108.41,Received
PUR001360,P0139,V022,WH006,2025-09-06,868,11796.9,Received
PUR001361,P0004,V003,WH007,2026-06-21,168,1528.59,Received
PUR001362,P0135,V001,WH005,2026-01-09,1089,11086.51,Received
PUR001363,P0061,V017,WH002,2025-12-24,1187,506.06,Received
PUR001364,P0107,V004,WH006,2025-10-17,651,4828.89,Received
PUR001365,P0054,V009,WH003,2025-11-24,432,8397.05,Received
PUR001366,P0088,V029,WH002,2026-06-22,539,533.43,Received
PUR001367,P0068,V012,WH006,2026-06-11,406,4800.36,Partially Received
PUR001368,P0129,V026,WH005,2025-10-17,294,4728.5,Received
PUR001369,P0055,V026,WH001,2026-06-01,372,9902.45,Received
PUR001370,P0003,V012,WH007,2025-09-27,1109,7839.36,Received
PUR001371,P0121,V008,WH007,2025-09-12,1122,4118.91,Received
PUR001372,P0129,V026,WH002,2025-08-08,617,4843.32,Received
PUR001373,P0102,V012,WH005,2026-03-01,577,8221.85,Received
PUR001374,P0038,V018,WH007,2025-09-06,132,1965.82,Received
PUR001375,P0085,V023,WH007,2026-06-07,1134,929.37,Received
PUR001376,P0133,V023,WH004,2025-08-10,160,9180.75,Received
PUR001377,P0092,V017,WH003,2025-09-17,749,8551.97,Received
PUR001378,P0021,V002,WH002,2025-11-28,608,5239.59,Received
PUR001379,P0109,V007,WH001,2026-04-20,430,5171.27,Received
PUR001380,P0047,V012,WH007,2026-04-21,396,11798.7,Received
PUR001381,P0084,V014,WH004,2026-04-12,1195,307.89,Received
PUR001382,P0083,V011,WH005,2026-04-25,770,2540.29,Received
PUR001383,P0035,V024,WH007,2025-11-17,646,10417.34,Received
PUR001384,P0069,V015,WH008,2025-11-11,1014,3104.14,Received
PUR001385,P0129,V026,WH003,2026-07-20,722,4528.74,Received
PUR001386,P0140,V025,WH001,2026-07-20,481,7401.39,Received
PUR001387,P0027,V028,WH005,2026-01-24,31,7753.52,Received
PUR001388,P0056,V026,WH005,2025-11-03,1199,143.52,Received
PUR001389,P0023,V006,WH002,2026-04-05,496,2927.68,Partially Received
PUR001390,P0021,V002,WH007,2025-11-06,958,4907.33,Received
PUR001391,P0061,V017,WH002,2025-09-02,420,536.19,Received
PUR001392,P0063,V012,WH001,2025-12-15,827,7832.54,Received
PUR001393,P0122,V005,WH008,2025-10-25,196,11893.74,Received
PUR001394,P0052,V008,WH007,2026-04-18,76,959.67,Received
PUR001395,P0088,V029,WH006,2025-08-15,467,535.67,Received
PUR001396,P0055,V026,WH007,2025-12-22,222,9806.12,Received
PUR001397,P0046,V016,WH008,2026-07-12,757,3425.3,Received
PUR001398,P0032,V028,WH006,2026-02-02,221,3033.71,Received
PUR001399,P0055,V026,WH005,2025-10-02,382,9846.08,Received
PUR001400,P0096,V007,WH002,2026-06-17,911,11746.56,Received
PUR001401,P0133,V023,WH003,2025-11-09,473,9386.05,Received
PUR001402,P0036,V008,WH007,2026-03-18,375,9733.85,Received
PUR001403,P0110,V028,WH003,2026-03-19,235,6980.5,Received
PUR001404,P0106,V022,WH007,2026-07-07,991,9351.87,Received
PUR001405,P0058,V019,WH005,2026-03-24,574,3956.09,Received
PUR001406,P0039,V003,WH002,2026-01-15,906,7973.96,Received
PUR001407,P0080,V027,WH001,2025-12-10,42,9437.16,Partially Received
PUR001408,P0097,V015,WH001,2026-06-21,174,1028.51,Received
PUR001409,P0113,V024,WH001,2026-01-09,268,6360.67,Received
PUR001410,P0061,V017,WH007,2025-12-23,768,530.95,Received
PUR001411,P0137,V008,WH007,2025-12-17,824,339.67,Received
PUR001412,P0006,V015,WH003,2026-07-08,153,5327.68,Received
PUR001413,P0109,V007,WH002,2026-04-08,340,5368.13,Received
PUR001414,P0035,V024,WH008,2026-03-28,409,10519.45,Received
PUR001415,P0039,V003,WH007,2025-10-19,453,8110.76,Received
PUR001416,P0150,V008,WH002,2025-12-29,1065,8561.32,Received
PUR001417,P0118,V022,WH003,2026-07-26,892,7186.77,Received
PUR001418,P0005,V005,WH007,2026-01-16,1168,6844.06,Received
PUR001419,P0087,V004,WH001,2025-10-06,1122,7932.74,Received
PUR001420,P0076,V030,WH001,2026-05-06,877,8033.58,Received
PUR001421,P0057,V001,WH005,2025-08-31,70,917.63,Received
PUR001422,P0127,V005,WH006,2026-07-18,195,415.46,Received
PUR001423,P0029,V008,WH004,2025-09-02,889,4877.38,Received
PUR001424,P0087,V004,WH008,2025-09-27,272,8461.39,Received
PUR001425,P0141,V011,WH006,2026-01-25,985,2560.24,Received
PUR001426,P0046,V016,WH007,2025-11-29,758,3332.26,Received
PUR001427,P0116,V004,WH002,2025-09-26,1149,6598.03,Received
PUR001428,P0112,V030,WH007,2026-03-14,321,4862.41,Received
PUR001429,P0045,V015,WH002,2026-03-13,567,5847.07,Received
PUR001430,P0145,V019,WH002,2026-08-05,735,8451.66,Received
PUR001431,P0104,V009,WH006,2026-02-19,798,9562.4,Received
PUR001432,P0085,V023,WH004,2026-08-11,287,982.01,Received
PUR001433,P0134,V019,WH005,2026-01-22,1029,2912.92,Received
PUR001434,P0108,V022,WH006,2025-11-12,570,8930.17,Partially Received
PUR001435,P0018,V017,WH004,2026-05-11,1184,896.62,Received
PUR001436,P0094,V022,WH001,2026-08-02,1189,3656.07,Received
PUR001437,P0150,V008,WH001,2026-07-01,333,8631.59,Received
PUR001438,P0033,V005,WH002,2026-02-05,203,10790.98,Received
PUR001439,P0126,V010,WH003,2026-01-23,732,11414.29,Received
PUR001440,P0122,V005,WH007,2025-09-03,147,11548.18,Received
PUR001441,P0138,V022,WH007,2026-01-05,719,9821.39,Received
PUR001442,P0115,V016,WH002,2025-12-25,405,6456.87,Received
PUR001443,P0028,V019,WH003,2026-03-11,290,4256.41,Received
PUR001444,P0011,V021,WH008,2025-12-22,830,10611.73,Received
PUR001445,P0047,V012,WH004,2025-09-16,434,11081.77,Received
PUR001446,P0127,V005,WH008,2026-03-22,217,390.49,Received
PUR001447,P0147,V024,WH008,2026-05-21,1099,601.12,Received
PUR001448,P0118,V022,WH001,2025-10-25,850,6733.29,Received
PUR001449,P0143,V019,WH008,2026-04-23,647,10617.4,Received
PUR001450,P0126,V010,WH007,2025-09-03,623,10729.67,Received
PUR001451,P0072,V016,WH006,2025-12-29,1181,1895.02,Received
PUR001452,P0107,V004,WH003,2026-04-27,1100,4744.97,Received
PUR001453,P0137,V008,WH004,2025-09-01,1029,328.69,Received
PUR001454,P0033,V005,WH001,2026-05-14,90,11056.1,Received
PUR001455,P0019,V030,WH008,2025-08-13,930,8212.19,Received
PUR001456,P0074,V030,WH006,2026-03-01,613,8856.01,Received
PUR001457,P0098,V025,WH003,2026-04-16,619,6702.51,Received
PUR001458,P0141,V011,WH002,2026-07-19,533,2575.62,Received
PUR001459,P0129,V026,WH002,2025-08-23,103,4652.29,Received
PUR001460,P0093,V030,WH002,2026-05-03,1013,10751.89,Received
PUR001461,P0048,V006,WH007,2025-09-16,1086,4546.53,Received
PUR001462,P0064,V020,WH004,2025-08-08,858,4796.96,Received
PUR001463,P0061,V017,WH002,2026-04-27,625,556.53,Received
PUR001464,P0039,V003,WH007,2026-05-13,829,7826.34,Received
PUR001465,P0128,V018,WH005,2025-10-20,152,11709.77,Partially Received
PUR001466,P0088,V029,WH007,2026-01-16,1108,562.49,Received
PUR001467,P0026,V027,WH001,2025-12-14,309,2280.33,Received
PUR001468,P0017,V024,WH007,2026-01-05,395,11791.05,Received
PUR001469,P0071,V022,WH004,2026-06-26,788,8781.8,Received
PUR001470,P0013,V028,WH006,2026-05-29,486,4453.21,Received
PUR001471,P0069,V015,WH008,2026-07-10,1191,2945.96,Received
PUR001472,P0026,V027,WH007,2025-09-05,490,2402.51,Received
PUR001473,P0049,V017,WH002,2026-07-07,168,6875.22,Received
PUR001474,P0007,V019,WH001,2025-12-22,107,442.5,Received
PUR001475,P0058,V019,WH003,2025-09-25,415,3969.12,Received
PUR001476,P0049,V017,WH002,2025-11-02,809,6567.54,Received
PUR001477,P0103,V029,WH001,2026-03-06,1125,10652.65,Received
PUR001478,P0053,V027,WH005,2026-02-23,884,3521.57,Received
PUR001479,P0062,V028,WH008,2025-11-05,43,3974.37,Received
PUR001480,P0017,V024,WH003,2025-11-23,975,10790.89,Received
PUR001481,P0025,V006,WH005,2025-10-16,330,4803.51,Received
PUR001482,P0131,V001,WH006,2025-12-06,683,246.09,Received
PUR001483,P0029,V008,WH001,2025-08-23,457,4947.1,Received
PUR001484,P0117,V015,WH005,2026-03-26,725,7634.3,Partially Received
PUR001485,P0026,V027,WH008,2026-01-12,441,2395.67,Received
PUR001486,P0124,V016,WH008,2026-02-13,340,2038.95,Received
PUR001487,P0144,V001,WH006,2026-06-03,606,8992.35,Received
PUR001488,P0025,V006,WH008,2026-01-19,966,4759.79,Received
PUR001489,P0054,V009,WH001,2026-01-17,868,8566.13,Received
PUR001490,P0073,V014,WH001,2025-12-09,61,1238.31,Received
PUR001491,P0120,V021,WH008,2025-08-09,958,3537.09,Received
PUR001492,P0056,V026,WH005,2025-11-18,406,138.27,Received
PUR001493,P0065,V018,WH001,2025-10-02,1181,6073.53,Received
PUR001494,P0093,V030,WH002,2026-04-21,929,10536.35,Received
PUR001495,P0086,V026,WH008,2026-08-01,735,4353.36,Received
PUR001496,P0080,V027,WH001,2026-04-16,450,10048.93,Received
PUR001497,P0108,V022,WH004,2025-08-28,573,8783.58,Received
PUR001498,P0118,V022,WH006,2025-08-20,819,6997.13,Received
PUR001499,P0083,V011,WH008,2026-01-06,445,2427.06,Received
PUR001500,P0147,V024,WH001,2025-11-10,45,627.34,Received
PUR001501,P0015,V009,WH004,2026-02-09,404,3630.84,Received
PUR001502,P0131,V001,WH001,2025-11-25,75,244.32,Received
PUR001503,P0139,V022,WH001,2025-08-07,653,11076.31,Received
PUR001504,P0030,V028,WH005,2026-06-12,125,8529.82,Received
PUR001505,P0057,V001,WH002,2026-02-02,1173,969.61,Received
PUR001506,P0146,V024,WH008,2026-07-18,868,10448.43,Received
PUR001507,P0128,V018,WH006,2025-12-05,689,11807.04,Received
PUR001508,P0048,V006,WH008,2025-08-25,395,4523.23,Received
PUR001509,P0136,V001,WH002,2026-03-22,762,8011.46,Received
PUR001510,P0022,V019,WH003,2026-07-24,986,8452.0,Received
PUR001511,P0006,V015,WH005,2026-03-15,327,5363.99,Received
PUR001512,P0104,V009,WH005,2025-11-28,110,10211.99,Received
PUR001513,P0036,V008,WH002,2026-05-06,821,9719.66,Received
PUR001514,P0079,V004,WH007,2025-12-08,129,7216.84,Received
PUR001515,P0116,V004,WH005,2025-11-12,604,6596.26,Received
PUR001516,P0057,V001,WH008,2025-08-24,359,927.18,Received
PUR001517,P0049,V017,WH002,2025-09-28,998,6578.18,Received
PUR001518,P0082,V005,WH005,2026-08-11,375,7790.39,Received
PUR001519,P0066,V024,WH001,2026-05-30,187,3262.76,Received
PUR001520,P0077,V005,WH002,2026-07-07,576,10278.7,Received
PUR001521,P0045,V015,WH002,2025-09-18,924,5914.48,Received
PUR001522,P0079,V004,WH008,2026-08-04,124,7849.81,Received
PUR001523,P0020,V017,WH004,2025-10-16,169,11671.91,Received
PUR001524,P0123,V009,WH005,2025-10-04,165,3834.92,Received
PUR001525,P0067,V026,WH005,2026-06-07,735,381.27,Received
PUR001526,P0083,V011,WH002,2026-04-14,893,2312.0,Received
PUR001527,P0003,V012,WH001,2026-04-10,318,7707.85,Received
PUR001528,P0064,V020,WH001,2026-05-05,665,5119.08,Received
PUR001529,P0040,V004,WH006,2025-10-31,742,2926.78,Received
PUR001530,P0059,V023,WH001,2026-03-25,1091,8462.16,Received
PUR001531,P0062,V028,WH005,2025-12-09,657,3901.29,Received
PUR001532,P0132,V005,WH007,2025-08-03,258,11510.62,Received
PUR001533,P0060,V030,WH004,2026-07-17,1050,3680.91,Received
PUR001534,P0116,V004,WH002,2026-08-17,483,6625.82,Received
PUR001535,P0075,V016,WH003,2025-11-21,472,9828.4,Received
PUR001536,P0122,V005,WH004,2025-10-14,803,12128.9,Received
PUR001537,P0107,V004,WH008,2025-08-09,916,4499.61,Received
PUR001538,P0096,V007,WH008,2026-07-03,390,11815.59,Received
PUR001539,P0091,V007,WH007,2026-08-06,506,6754.35,Received
PUR001540,P0130,V017,WH003,2026-01-28,184,9891.99,Received
PUR001541,P0062,V028,WH004,2026-05-27,1168,3838.25,Received
PUR001542,P0049,V017,WH001,2025-12-08,211,6930.62,Received
PUR001543,P0137,V008,WH005,2026-06-02,749,335.65,Received
PUR001544,P0092,V017,WH007,2025-09-20,233,8420.38,Received
PUR001545,P0124,V016,WH003,2025-08-05,593,2126.9,Received
PUR001546,P0061,V017,WH007,2025-12-18,976,529.42,Received
PUR001547,P0048,V006,WH004,2026-06-26,400,4534.53,Received
PUR001548,P0136,V001,WH005,2026-01-31,692,8092.44,Partially Received
PUR001549,P0058,V019,WH007,2025-09-17,817,4050.75,Received
PUR001550,P0101,V023,WH003,2026-06-29,258,6602.62,Received
PUR001551,P0112,V030,WH002,2026-04-17,719,4929.77,Received
PUR001552,P0062,V028,WH004,2025-10-12,1125,4205.98,Received
PUR001553,P0039,V003,WH002,2026-07-14,524,8268.71,Received
PUR001554,P0058,V019,WH001,2025-08-09,221,4293.13,Received
PUR001555,P0099,V023,WH002,2026-07-29,939,9842.08,Received
PUR001556,P0044,V027,WH002,2025-12-21,56,9568.13,Received
PUR001557,P0029,V008,WH006,2026-03-22,663,4794.56,Received
PUR001558,P0059,V023,WH004,2026-07-07,784,8482.6,Received
PUR001559,P0071,V022,WH001,2025-10-12,725,8722.57,Received
PUR001560,P0092,V017,WH002,2026-05-28,564,8640.35,Received
PUR001561,P0009,V004,WH008,2025-10-11,559,11270.55,Received
PUR001562,P0127,V005,WH005,2025-08-03,1036,400.65,Received
PUR001563,P0134,V019,WH003,2025-10-27,413,3113.42,Received
PUR001564,P0145,V019,WH002,2025-12-23,852,8854.01,Received
PUR001565,P0144,V001,WH001,2025-10-25,1085,9203.59,Received
PUR001566,P0131,V001,WH002,2026-04-01,616,250.76,Received
PUR001567,P0021,V002,WH003,2026-05-22,412,5015.86,Received
PUR001568,P0064,V020,WH001,2026-06-05,719,4881.39,Received
PUR001569,P0090,V017,WH004,2026-04-22,460,9113.04,Received
PUR001570,P0036,V008,WH001,2026-03-04,937,9542.7,Received
PUR001571,P0062,V028,WH004,2026-03-28,339,4063.91,Received
PUR001572,P0076,V030,WH001,2026-05-03,572,7711.98,Received
PUR001573,P0013,V028,WH008,2026-06-23,1114,4339.79,Received
PUR001574,P0011,V021,WH007,2026-01-31,587,10655.28,Received
PUR001575,P0054,V009,WH003,2025-11-07,938,8407.45,Partially Received
PUR001576,P0016,V030,WH003,2025-12-10,255,2650.67,Received
PUR001577,P0008,V004,WH001,2026-07-14,1006,11506.1,Received
PUR001578,P0104,V009,WH007,2025-09-24,1052,9938.41,Received
PUR001579,P0059,V023,WH002,2025-10-04,79,8339.18,Received
PUR001580,P0057,V001,WH003,2026-01-09,912,921.19,Received
PUR001581,P0040,V004,WH008,2026-01-14,244,2876.21,Received
PUR001582,P0130,V017,WH004,2026-06-11,719,10020.38,Received
PUR001583,P0094,V022,WH004,2026-03-05,601,3609.71,Received
PUR001584,P0138,V022,WH005,2025-12-31,1013,10088.45,Received
PUR001585,P0044,V027,WH006,2025-08-17,188,9647.61,Received
PUR001586,P0139,V022,WH007,2025-12-24,1105,11672.7,Received
PUR001587,P0080,V027,WH006,2026-05-30,33,9288.69,Received
PUR001588,P0081,V028,WH006,2025-12-07,183,1619.08,Received
PUR001589,P0002,V002,WH004,2025-08-03,776,1179.07,Received
PUR001590,P0140,V025,WH008,2026-04-15,1071,6855.34,Received
PUR001591,P0115,V016,WH008,2026-06-29,465,6705.22,Partially Received
PUR001592,P0090,V017,WH005,2026-08-02,735,8946.85,Partially Received
PUR001593,P0023,V006,WH006,2025-10-09,995,3032.15,Received
PUR001594,P0146,V024,WH006,2026-08-13,838,10059.02,Received
PUR001595,P0062,V028,WH001,2025-10-15,123,4172.32,Received
PUR001596,P0113,V024,WH001,2026-03-21,761,6506.83,Partially Received
PUR001597,P0128,V018,WH001,2025-09-25,445,12258.39,Received
PUR001598,P0062,V028,WH002,2026-05-25,1144,3936.1,Received
PUR001599,P0038,V018,WH006,2025-10-19,658,2107.86,Received
PUR001600,P0061,V017,WH008,2025-12-23,869,546.33,Received
PUR001601,P0129,V026,WH008,2026-03-26,1149,4823.21,Received
PUR001602,P0149,V015,WH002,2025-10-09,788,1566.05,Received
PUR001603,P0122,V005,WH008,2026-02-12,296,11458.62,Received
PUR001604,P0110,V028,WH005,2026-08-06,1108,6763.9,Received
PUR001605,P0013,V028,WH007,2025-10-18,919,4239.66,Received
PUR001606,P0100,V026,WH004,2026-03-03,207,799.88,Received
PUR001607,P0135,V001,WH006,2025-11-01,1181,10919.84,Received
PUR001608,P0022,V019,WH008,2025-11-05,124,7852.9,Received
PUR001609,P0074,V030,WH004,2025-12-03,565,8299.35,Received
PUR001610,P0132,V005,WH008,2026-05-08,399,11660.56,Received
PUR001611,P0023,V006,WH007,2026-07-19,129,2892.66,Received
PUR001612,P0119,V010,WH001,2026-04-15,564,11839.86,Received
PUR001613,P0070,V008,WH006,2025-10-08,373,11354.62,Received
PUR001614,P0084,V014,WH003,2026-04-26,762,282.53,Received
PUR001615,P0101,V023,WH002,2025-11-23,336,6569.04,Received
PUR001616,P0084,V014,WH002,2026-08-05,1108,295.67,Received
PUR001617,P0028,V019,WH006,2025-11-01,352,4077.39,Received
PUR001618,P0136,V001,WH007,2026-08-01,1176,8283.79,Received
PUR001619,P0001,V007,WH001,2026-01-21,611,8054.35,Received
PUR001620,P0063,V012,WH002,2026-03-29,802,7724.73,Received
PUR001621,P0022,V019,WH001,2025-10-28,559,8440.91,Received
PUR001622,P0070,V008,WH005,2025-09-21,754,10659.64,Received
PUR001623,P0125,V006,WH004,2026-06-28,640,12027.92,Received
PUR001624,P0149,V015,WH007,2025-10-02,638,1680.19,Received
PUR001625,P0096,V007,WH003,2026-06-17,928,12052.87,Received
PUR001626,P0079,V004,WH004,2025-11-11,1011,7062.67,Received
PUR001627,P0005,V005,WH004,2025-09-03,118,7127.39,Received
PUR001628,P0060,V030,WH005,2026-03-14,336,3632.17,Received
PUR001629,P0120,V021,WH002,2026-02-13,142,3528.93,Received
PUR001630,P0046,V016,WH003,2025-09-12,818,3290.63,Received
PUR001631,P0134,V019,WH002,2025-12-03,476,3123.07,Received
PUR001632,P0056,V026,WH006,2025-11-12,541,149.68,Received
PUR001633,P0110,V028,WH004,2026-01-18,539,7061.78,Received
PUR001634,P0104,V009,WH006,2026-02-22,936,10002.61,Received
PUR001635,P0077,V005,WH001,2026-05-16,736,11224.49,Received
PUR001636,P0146,V024,WH004,2026-02-21,334,10104.81,Received
PUR001637,P0002,V002,WH002,2025-11-06,728,1236.67,Received
PUR001638,P0008,V004,WH004,2026-06-23,729,10924.32,Received
PUR001639,P0075,V016,WH001,2025-08-10,1063,10208.66,Received
PUR001640,P0125,V006,WH005,2026-08-13,579,10926.95,Received
PUR001641,P0038,V018,WH006,2025-10-06,988,2007.06,Received
PUR001642,P0027,V028,WH008,2026-01-31,1173,8365.09,Partially Received
PUR001643,P0020,V017,WH006,2026-05-02,1175,12417.39,Received
PUR001644,P0140,V025,WH002,2025-12-31,375,7212.78,Received
PUR001645,P0043,V006,WH004,2026-08-15,1097,12335.6,Received
PUR001646,P0031,V003,WH002,2026-04-13,909,2954.68,Received
PUR001647,P0091,V007,WH005,2026-04-25,812,6699.6,Received
PUR001648,P0061,V017,WH004,2026-07-09,284,522.18,Received
PUR001649,P0109,V007,WH008,2025-08-14,1001,5009.31,Received
PUR001650,P0091,V007,WH004,2026-07-15,821,6903.73,Received
PUR001651,P0095,V012,WH008,2025-09-06,62,11610.0,Received
PUR001652,P0143,V019,WH002,2026-02-04,881,11402.48,Received
PUR001653,P0144,V001,WH002,2026-03-16,1173,9827.39,Received
PUR001654,P0013,V028,WH001,2025-09-27,369,4171.4,Received
PUR001655,P0113,V024,WH007,2026-01-17,1149,6124.53,Received
PUR001656,P0035,V024,WH007,2025-09-24,931,10820.23,Received
PUR001657,P0149,V015,WH005,2026-01-28,20,1630.04,Received
PUR001658,P0048,V006,WH007,2026-01-11,603,4399.31,Received
PUR001659,P0035,V024,WH001,2026-08-16,451,11184.03,Received
PUR001660,P0086,V026,WH006,2026-02-14,72,4355.58,Received
PUR001661,P0114,V012,WH008,2026-05-20,959,11669.53,Received
PUR001662,P0100,V026,WH004,2026-04-17,539,802.82,Received
PUR001663,P0099,V023,WH002,2026-06-11,1157,9320.11,Received
PUR001664,P0003,V012,WH004,2025-08-24,166,7918.14,Received
PUR001665,P0085,V023,WH004,2026-06-28,1182,930.76,Received
PUR001666,P0125,V006,WH003,2026-05-14,648,10985.27,Received
PUR001667,P0138,V022,WH006,2026-04-03,318,10510.15,Received
PUR001668,P0083,V011,WH003,2025-08-10,808,2413.71,Received
PUR001669,P0025,V006,WH007,2026-07-09,869,4982.85,Received
PUR001670,P0068,V012,WH004,2026-04-14,197,4907.1,Received
PUR001671,P0061,V017,WH008,2026-01-16,861,500.02,Received
PUR001672,P0029,V008,WH002,2026-06-05,1197,4507.26,Received
PUR001673,P0127,V005,WH008,2025-12-05,897,396.1,Received
PUR001674,P0019,V030,WH004,2025-10-22,1158,8596.96,Received
PUR001675,P0074,V030,WH006,2026-05-05,778,8356.0,Received
PUR001676,P0061,V017,WH008,2025-10-04,1111,539.11,Received
PUR001677,P0020,V017,WH003,2025-08-14,464,12294.55,Received
PUR001678,P0048,V006,WH002,2026-07-19,727,4615.53,Partially Received
PUR001679,P0087,V004,WH004,2025-09-05,621,8374.09,Received
PUR001680,P0139,V022,WH005,2026-07-14,164,12206.57,Received
PUR001681,P0110,V028,WH006,2025-10-04,294,6918.23,Received
PUR001682,P0028,V019,WH006,2026-07-19,528,4234.11,Received
PUR001683,P0059,V023,WH005,2026-08-10,772,7863.46,Received
PUR001684,P0133,V023,WH008,2026-03-20,496,9096.93,Received
PUR001685,P0051,V018,WH004,2026-01-25,1196,6412.5,Received
PUR001686,P0149,V015,WH006,2025-11-08,1147,1648.07,Received
PUR001687,P0012,V020,WH002,2026-03-06,1118,10476.39,Received
PUR001688,P0050,V020,WH004,2025-12-15,1171,3530.44,Received
PUR001689,P0132,V005,WH004,2025-12-31,685,12413.99,Received
PUR001690,P0113,V024,WH003,2026-08-12,587,6288.84,Received
PUR001691,P0014,V025,WH006,2025-08-05,550,7618.26,Received
PUR001692,P0032,V028,WH006,2026-08-14,178,3088.93,Received
PUR001693,P0139,V022,WH005,2026-01-18,700,12027.61,Received
PUR001694,P0146,V024,WH003,2026-07-11,42,9756.2,Received
PUR001695,P0055,V026,WH008,2026-04-02,1090,9735.7,Received
PUR001696,P0120,V021,WH007,2026-01-18,544,3405.89,Received
PUR001697,P0075,V016,WH008,2026-02-02,748,9946.8,Received
PUR001698,P0021,V002,WH008,2026-04-12,163,5077.46,Received
PUR001699,P0133,V023,WH003,2026-05-03,687,9608.59,Received
PUR001700,P0087,V004,WH006,2026-01-21,700,7963.34,Received
PUR001701,P0059,V023,WH004,2026-08-05,992,7949.84,Received
PUR001702,P0089,V025,WH003,2026-07-22,818,6484.97,Received
PUR001703,P0150,V008,WH005,2026-08-01,104,8097.82,Received
PUR001704,P0083,V011,WH003,2025-09-17,435,2369.92,Received
PUR001705,P0065,V018,WH005,2026-05-02,713,6135.01,Received
PUR001706,P0064,V020,WH008,2026-04-10,501,5020.25,Received
PUR001707,P0071,V022,WH007,2026-07-08,475,8984.12,Received
PUR001708,P0004,V003,WH003,2025-11-30,846,1493.4,Received
PUR001709,P0143,V019,WH005,2025-08-23,316,11173.98,Partially Received
PUR001710,P0104,V009,WH003,2025-10-24,1155,9747.96,Received
PUR001711,P0150,V008,WH007,2026-03-01,1139,8230.84,Received
PUR001712,P0093,V030,WH008,2026-02-16,969,10941.73,Received
PUR001713,P0142,V006,WH003,2026-02-02,699,6981.11,Received
PUR001714,P0148,V013,WH002,2026-03-31,397,2466.78,Received
PUR001715,P0112,V030,WH005,2025-12-19,1199,4831.14,Received
PUR001716,P0119,V010,WH007,2026-04-27,440,12021.79,Received
PUR001717,P0059,V023,WH005,2026-04-29,124,8328.14,Received
PUR001718,P0043,V006,WH005,2025-11-06,349,11274.87,Received
PUR001719,P0012,V020,WH001,2026-01-20,458,11181.25,Received
PUR001720,P0040,V004,WH007,2026-05-05,1175,2996.86,Received
PUR001721,P0118,V022,WH003,2026-01-25,401,7166.23,Received
PUR001722,P0020,V017,WH005,2026-01-01,157,12454.77,Received
PUR001723,P0131,V001,WH006,2026-01-11,962,241.62,Received
PUR001724,P0090,V017,WH001,2026-02-20,862,8575.62,Received
PUR001725,P0094,V022,WH002,2025-09-21,289,3650.75,Received
PUR001726,P0013,V028,WH005,2026-03-01,415,4371.95,Received
PUR001727,P0066,V024,WH008,2026-04-28,932,3338.81,Partially Received
PUR001728,P0037,V016,WH005,2026-04-29,483,1305.22,Received
PUR001729,P0066,V024,WH001,2025-11-25,469,3488.15,Received
PUR001730,P0036,V008,WH003,2026-08-14,39,9906.21,Received
PUR001731,P0026,V027,WH006,2025-12-19,258,2410.01,Received
PUR001732,P0075,V016,WH008,2026-03-12,437,10068.45,Received
PUR001733,P0108,V022,WH002,2025-09-06,1074,8940.89,Received
PUR001734,P0043,V006,WH008,2026-01-18,1147,11288.27,Received
PUR001735,P0150,V008,WH005,2025-11-15,205,8207.64,Received
PUR001736,P0148,V013,WH003,2025-12-03,1171,2584.3,Received
PUR001737,P0008,V004,WH007,2026-03-29,272,11368.11,Received
PUR001738,P0029,V008,WH006,2026-05-07,38,4716.0,Partially Received
PUR001739,P0040,V004,WH007,2026-06-15,731,3001.89,Partially Received
PUR001740,P0128,V018,WH006,2026-03-16,1179,11437.02,Received
PUR001741,P0084,V014,WH002,2026-01-08,242,290.59,Received
PUR001742,P0116,V004,WH004,2025-12-24,22,6885.71,Received
PUR001743,P0144,V001,WH006,2025-09-10,873,9120.8,Received
PUR001744,P0062,V028,WH004,2026-04-09,247,3928.58,Received
PUR001745,P0007,V019,WH007,2025-10-14,932,445.15,Partially Received
PUR001746,P0045,V015,WH006,2026-06-03,518,5882.29,Received
PUR001747,P0088,V029,WH002,2025-10-01,540,562.37,Received
PUR001748,P0073,V014,WH001,2026-02-06,721,1163.04,Received
PUR001749,P0037,V016,WH002,2026-02-14,936,1303.83,Received
PUR001750,P0119,V010,WH002,2025-09-12,1182,10963.87,Received
PUR001751,P0057,V001,WH001,2026-03-21,310,961.3,Received
PUR001752,P0008,V004,WH001,2026-06-14,1096,10796.7,Received
PUR001753,P0095,V012,WH003,2026-06-02,1153,11751.33,Received
PUR001754,P0117,V015,WH006,2026-04-21,734,7808.33,Received
PUR001755,P0110,V028,WH007,2026-08-10,967,6706.31,Received
PUR001756,P0020,V017,WH003,2025-08-14,667,12539.57,Received
PUR001757,P0124,V016,WH001,2025-12-10,1047,2054.29,Received
PUR001758,P0053,V027,WH004,2025-09-13,703,3589.64,Received
PUR001759,P0119,V010,WH007,2026-04-27,889,11067.28,Received
PUR001760,P0012,V020,WH004,2026-02-14,1090,11294.42,Received
PUR001761,P0017,V024,WH002,2026-03-07,113,11693.67,Received
PUR001762,P0064,V020,WH005,2025-08-15,959,4848.21,Received
PUR001763,P0042,V019,WH002,2025-12-18,579,7566.57,Received
PUR001764,P0094,V022,WH002,2026-04-12,232,3769.53,Received
PUR001765,P0147,V024,WH005,2025-12-26,455,643.29,Received
PUR001766,P0011,V021,WH006,2025-09-14,871,10826.19,Received
PUR001767,P0098,V025,WH001,2025-10-13,527,6670.33,Received
PUR001768,P0071,V022,WH004,2026-05-31,855,9035.1,Received
PUR001769,P0108,V022,WH002,2026-08-08,670,8421.1,Received
PUR001770,P0058,V019,WH005,2026-04-23,224,3998.94,Received
PUR001771,P0034,V003,WH003,2026-07-14,400,8593.42,Received
PUR001772,P0020,V017,WH002,2026-06-15,1116,12659.86,Received
PUR001773,P0050,V020,WH004,2026-07-17,1119,3532.99,Received
PUR001774,P0102,V012,WH001,2026-01-06,96,8287.17,Received
PUR001775,P0138,V022,WH002,2026-06-27,835,10231.11,Received
PUR001776,P0052,V008,WH002,2026-04-19,787,928.15,Received
PUR001777,P0015,V009,WH006,2026-04-22,429,3871.82,Received
PUR001778,P0084,V014,WH008,2025-12-13,125,307.24,Received
PUR001779,P0131,V001,WH005,2026-07-11,570,232.38,Partially Received
PUR001780,P0037,V016,WH003,2026-05-14,845,1366.69,Received
PUR001781,P0126,V010,WH003,2026-07-06,107,11565.02,Received
PUR001782,P0040,V004,WH007,2025-09-08,900,3038.96,Received
PUR001783,P0072,V016,WH001,2025-12-30,1120,2013.71,Received
PUR001784,P0040,V004,WH007,2026-05-07,1120,3036.52,Partially Received
PUR001785,P0056,V026,WH004,2025-08-31,559,136.46,Received
PUR001786,P0104,V009,WH001,2026-04-02,264,9760.53,Received
PUR001787,P0139,V022,WH002,2025-08-23,597,12157.41,Received
PUR001788,P0110,V028,WH008,2026-06-07,1001,6700.24,Received
PUR001789,P0136,V001,WH002,2025-09-09,736,7751.94,Received
PUR001790,P0093,V030,WH003,2026-04-21,161,11236.13,Received
PUR001791,P0094,V022,WH004,2026-05-13,912,3779.83,Received
PUR001792,P0056,V026,WH005,2025-09-07,1127,137.25,Received
PUR001793,P0060,V030,WH004,2026-05-21,1186,3649.3,Received
PUR001794,P0138,V022,WH002,2025-10-24,371,10245.14,Received
PUR001795,P0039,V003,WH005,2025-12-06,564,7907.98,Received
PUR001796,P0028,V019,WH004,2026-07-28,932,4411.17,Received
PUR001797,P0049,V017,WH008,2026-03-21,171,6643.07,Received
PUR001798,P0125,V006,WH008,2026-07-11,672,11074.83,Received
PUR001799,P0013,V028,WH004,2025-11-04,977,4246.3,Received
PUR001800,P0036,V008,WH005,2025-09-11,782,9493.83,Received
PUR001801,P0101,V023,WH002,2026-04-05,643,6642.96,Received
PUR001802,P0026,V027,WH004,2026-06-12,675,2392.24,Received
PUR001803,P0086,V026,WH005,2026-06-08,469,4293.63,Received
PUR001804,P0004,V003,WH006,2025-11-02,740,1526.56,Received
PUR001805,P0082,V005,WH008,2026-03-31,62,7811.83,Partially Received
PUR001806,P0127,V005,WH006,2026-07-07,283,382.89,Received
PUR001807,P0088,V029,WH002,2026-06-02,1046,522.76,Received
PUR001808,P0127,V005,WH005,2025-08-03,615,412.47,Received
PUR001809,P0120,V021,WH006,2026-05-02,1059,3245.21,Received
PUR001810,P0022,V019,WH005,2026-04-22,1102,8006.66,Received
PUR001811,P0130,V017,WH004,2026-04-07,1032,10339.66,Received
PUR001812,P0031,V003,WH002,2026-03-26,196,2790.41,Received
PUR001813,P0119,V010,WH006,2026-03-01,82,11938.21,Received
PUR001814,P0011,V021,WH007,2026-02-19,977,10287.53,Received
PUR001815,P0046,V016,WH004,2026-08-17,1022,3259.94,Received
PUR001816,P0096,V007,WH008,2025-08-21,580,11290.65,Received
PUR001817,P0010,V028,WH007,2026-04-25,974,11313.67,Received
PUR001818,P0128,V018,WH007,2025-09-27,869,11745.88,Received
PUR001819,P0099,V023,WH001,2025-09-15,623,9476.05,Received
PUR001820,P0112,V030,WH001,2026-06-22,625,5075.86,Received
PUR001821,P0060,V030,WH002,2026-07-14,849,3671.65,Received
PUR001822,P0087,V004,WH006,2025-09-03,765,8166.27,Received
PUR001823,P0145,V019,WH006,2026-04-04,577,8402.9,Received
PUR001824,P0065,V018,WH006,2025-12-25,83,6299.17,Received
PUR001825,P0057,V001,WH005,2026-05-07,961,975.98,Received
PUR001826,P0106,V022,WH004,2025-11-29,268,10353.2,Received
PUR001827,P0009,V004,WH006,2025-12-26,959,11045.97,Received
PUR001828,P0022,V019,WH004,2025-10-01,176,8439.57,Received
PUR001829,P0141,V011,WH002,2025-09-13,754,2596.49,Received
PUR001830,P0089,V025,WH007,2025-12-11,1004,6287.13,Received
PUR001831,P0018,V017,WH006,2025-10-01,1131,811.71,Received
PUR001832,P0115,V016,WH002,2025-09-02,1109,6374.42,Received
PUR001833,P0145,V019,WH006,2025-09-18,681,8427.1,Received
PUR001834,P0143,V019,WH001,2025-09-21,1063,10341.65,Received
PUR001835,P0106,V022,WH003,2026-06-06,52,10018.27,Received
PUR001836,P0015,V009,WH002,2025-12-17,577,3647.42,Partially Received
PUR001837,P0063,V012,WH006,2025-11-19,92,7591.82,Received
PUR001838,P0013,V028,WH008,2026-03-14,844,4253.95,Received
PUR001839,P0081,V028,WH003,2026-07-28,1176,1560.77,Received
PUR001840,P0032,V028,WH002,2025-10-21,1098,3172.46,Received
PUR001841,P0137,V008,WH008,2026-04-24,80,336.02,Received
PUR001842,P0040,V004,WH008,2026-08-06,291,2933.68,Received
PUR001843,P0148,V013,WH005,2026-03-30,265,2500.47,Received
PUR001844,P0082,V005,WH008,2025-11-25,647,7585.88,Received
PUR001845,P0077,V005,WH006,2026-02-25,724,10301.12,Received
PUR001846,P0076,V030,WH005,2026-07-08,681,8011.6,Received
PUR001847,P0038,V018,WH001,2025-12-14,1174,2062.59,Received
PUR001848,P0071,V022,WH006,2025-08-18,1145,8449.61,Received
PUR001849,P0048,V006,WH007,2025-12-30,329,4498.84,Received
PUR001850,P0018,V017,WH008,2025-11-16,514,817.5,Partially Received
PUR001851,P0144,V001,WH001,2026-03-30,357,9569.99,Received
PUR001852,P0039,V003,WH003,2026-08-10,598,7687.16,Partially Received
PUR001853,P0089,V025,WH002,2025-12-17,29,6664.97,Received
PUR001854,P0062,V028,WH008,2025-12-10,68,4001.18,Received
PUR001855,P0141,V011,WH004,2025-10-01,642,2753.85,Received
PUR001856,P0109,V007,WH001,2025-09-13,750,5313.36,Received
PUR001857,P0081,V028,WH004,2026-03-28,814,1634.49,Received
PUR001858,P0134,V019,WH008,2025-12-12,990,3010.77,Partially Received
PUR001859,P0077,V005,WH004,2026-06-14,152,11228.53,Received
PUR001860,P0090,V017,WH008,2026-03-22,102,9113.6,Received
PUR001861,P0014,V025,WH002,2026-08-15,76,7655.34,Received
PUR001862,P0095,V012,WH003,2026-07-14,395,11998.98,Received
PUR001863,P0054,V009,WH002,2025-09-30,368,8433.01,Received
PUR001864,P0132,V005,WH006,2025-12-26,290,12490.33,Received
PUR001865,P0039,V003,WH001,2026-04-08,130,8169.5,Received
PUR001866,P0072,V016,WH004,2025-12-06,888,1913.47,Received
PUR001867,P0025,V006,WH002,2026-08-08,906,4965.11,Received
PUR001868,P0077,V005,WH008,2025-08-12,95,10457.23,Received
PUR001869,P0120,V021,WH002,2026-03-31,348,3327.88,Received
PUR001870,P0053,V027,WH002,2026-05-13,141,3537.22,Received
PUR001871,P0131,V001,WH001,2025-11-20,60,250.21,Received
PUR001872,P0150,V008,WH003,2025-08-18,941,8175.1,Received
PUR001873,P0096,V007,WH007,2026-03-16,661,10911.96,Received
PUR001874,P0072,V016,WH002,2026-05-09,1066,2027.59,Received
PUR001875,P0062,V028,WH001,2025-10-23,298,3849.82,Received
PUR001876,P0006,V015,WH004,2025-11-27,782,4976.97,Received
PUR001877,P0032,V028,WH008,2026-05-31,488,3112.95,Received
PUR001878,P0099,V023,WH006,2025-11-26,28,9315.92,Received
PUR001879,P0138,V022,WH007,2026-05-25,32,10013.42,Received
PUR001880,P0131,V001,WH005,2025-11-17,943,232.01,Received
PUR001881,P0076,V030,WH007,2025-10-31,942,8269.49,Received
PUR001882,P0059,V023,WH008,2025-12-10,1095,8323.29,Received
PUR001883,P0031,V003,WH007,2026-01-11,1094,2763.8,Received
PUR001884,P0093,V030,WH008,2026-03-31,672,10676.47,Received
PUR001885,P0069,V015,WH001,2026-03-29,640,3060.88,Partially Received
PUR001886,P0052,V008,WH005,2025-12-18,215,936.72,Received
PUR001887,P0089,V025,WH002,2025-08-27,436,6387.69,Received
PUR001888,P0127,V005,WH002,2026-07-21,683,382.77,Received
PUR001889,P0031,V003,WH007,2026-07-03,167,2929.22,Received
PUR001890,P0084,V014,WH001,2026-06-02,1020,290.72,Received
PUR001891,P0127,V005,WH005,2025-09-24,383,391.07,Received
PUR001892,P0150,V008,WH002,2025-11-09,421,8766.54,Partially Received
PUR001893,P0132,V005,WH004,2026-03-03,625,12271.91,Received
PUR001894,P0013,V028,WH003,2026-02-20,248,4273.36,Received
PUR001895,P0045,V015,WH003,2025-08-11,556,6100.81,Partially Received
PUR001896,P0127,V005,WH002,2025-08-17,287,375.43,Received
PUR001897,P0114,V012,WH005,2026-04-11,1054,12099.48,Received
PUR001898,P0020,V017,WH006,2025-11-11,145,12015.83,Received
PUR001899,P0081,V028,WH002,2025-11-28,325,1675.3,Received
PUR001900,P0129,V026,WH006,2025-09-19,1132,4874.38,Received
PUR001901,P0143,V019,WH006,2025-10-27,647,11420.39,Received
PUR001902,P0017,V024,WH008,2026-04-27,708,11885.67,Received
PUR001903,P0058,V019,WH008,2026-01-26,1057,4134.95,Received
PUR001904,P0072,V016,WH005,2026-01-29,300,1950.6,Received
PUR001905,P0109,V007,WH006,2026-06-28,462,5264.74,Received
PUR001906,P0023,V006,WH004,2025-11-05,856,3042.07,Received
PUR001907,P0072,V016,WH005,2026-07-31,408,2064.18,Received
PUR001908,P0008,V004,WH002,2026-03-01,636,10601.42,Received
PUR001909,P0059,V023,WH007,2026-06-28,166,8503.18,Received
PUR001910,P0111,V009,WH004,2025-09-10,540,9306.08,Received
PUR001911,P0013,V028,WH001,2026-01-20,649,4576.63,Received
PUR001912,P0016,V030,WH003,2025-08-12,453,2855.25,Received
PUR001913,P0119,V010,WH002,2025-12-12,163,11189.77,Received
PUR001914,P0002,V002,WH002,2026-02-28,308,1170.61,Received
PUR001915,P0145,V019,WH002,2026-01-01,33,8079.76,Received
PUR001916,P0030,V028,WH004,2025-11-23,276,8684.9,Received
PUR001917,P0103,V029,WH001,2026-08-10,877,10251.6,Received
PUR001918,P0013,V028,WH007,2025-08-24,962,4493.56,Received
PUR001919,P0096,V007,WH005,2026-07-20,483,12046.89,Received
PUR001920,P0094,V022,WH008,2025-09-02,289,3695.33,Received
PUR001921,P0082,V005,WH001,2026-03-27,1195,7168.81,Received
PUR001922,P0013,V028,WH004,2026-06-25,642,4199.4,Received
PUR001923,P0094,V022,WH002,2025-10-20,91,3486.22,Received
PUR001924,P0149,V015,WH003,2026-03-03,93,1600.03,Received
PUR001925,P0112,V030,WH002,2026-02-25,374,4875.63,Received
PUR001926,P0055,V026,WH005,2025-10-11,516,9296.2,Received
PUR001927,P0081,V028,WH006,2026-06-15,1007,1592.92,Partially Received
PUR001928,P0116,V004,WH003,2026-08-12,599,6479.54,Received
PUR001929,P0143,V019,WH002,2026-07-29,929,11087.51,Partially Received
PUR001930,P0108,V022,WH007,2026-05-20,392,8493.69,Received
PUR001931,P0053,V027,WH003,2026-03-20,381,3616.01,Received
PUR001932,P0128,V018,WH006,2026-02-21,112,11813.33,Received
PUR001933,P0057,V001,WH008,2026-08-14,343,976.68,Received
PUR001934,P0052,V008,WH001,2025-09-12,403,895.11,Received
PUR001935,P0137,V008,WH004,2025-10-20,594,346.79,Received
PUR001936,P0111,V009,WH008,2025-08-19,755,9228.14,Received
PUR001937,P0001,V007,WH002,2026-03-13,756,7929.07,Received
PUR001938,P0044,V027,WH005,2025-11-24,365,10052.8,Received
PUR001939,P0075,V016,WH001,2025-10-13,1146,9616.71,Received
PUR001940,P0098,V025,WH008,2026-05-30,738,6686.85,Received
PUR001941,P0009,V004,WH002,2026-05-18,800,10863.09,Received
PUR001942,P0032,V028,WH001,2025-11-11,1039,3243.26,Received
PUR001943,P0015,V009,WH008,2025-10-17,683,3645.05,Received
PUR001944,P0140,V025,WH005,2025-11-02,619,6882.07,Partially Received
PUR001945,P0136,V001,WH002,2026-06-30,30,8166.72,Partially Received
PUR001946,P0072,V016,WH006,2026-07-29,206,1987.93,Received
PUR001947,P0012,V020,WH006,2026-01-27,745,10272.8,Received
PUR001948,P0065,V018,WH005,2026-03-01,1058,6401.4,Received
PUR001949,P0107,V004,WH003,2026-02-26,797,4649.99,Received
PUR001950,P0042,V019,WH005,2026-05-04,430,7441.2,Received
PUR001951,P0115,V016,WH003,2026-05-11,975,6380.63,Received
PUR001952,P0139,V022,WH002,2025-12-29,604,11957.92,Received
PUR001953,P0103,V029,WH008,2026-02-05,1095,10157.68,Received
PUR001954,P0095,V012,WH003,2026-06-13,1071,11431.07,Received
PUR001955,P0017,V024,WH002,2026-03-11,596,11154.86,Received
PUR001956,P0085,V023,WH002,2026-05-08,1060,944.49,Received
PUR001957,P0056,V026,WH007,2026-07-21,1008,149.36,Received
PUR001958,P0134,V019,WH004,2025-12-11,762,3100.74,Partially Received
PUR001959,P0086,V026,WH002,2025-08-29,1147,3967.27,Received
PUR001960,P0102,V012,WH003,2025-11-11,223,8286.91,Received
PUR001961,P0054,V009,WH004,2025-08-04,1096,8859.3,Received
PUR001962,P0115,V016,WH004,2026-04-10,993,6117.88,Received
PUR001963,P0139,V022,WH002,2026-07-26,959,12301.13,Received
PUR001964,P0088,V029,WH005,2026-04-07,1097,576.86,Received
PUR001965,P0049,V017,WH005,2026-07-17,1074,6392.93,Received
PUR001966,P0149,V015,WH006,2026-03-01,1178,1701.39,Received
PUR001967,P0115,V016,WH004,2026-01-30,1101,6306.14,Received
PUR001968,P0063,V012,WH002,2025-12-22,124,7826.94,Received
PUR001969,P0104,V009,WH007,2026-01-08,272,9837.28,Received
PUR001970,P0083,V011,WH005,2026-06-14,314,2410.19,Received
PUR001971,P0103,V029,WH007,2025-11-12,687,10273.83,Received
PUR001972,P0017,V024,WH002,2025-09-19,568,11717.84,Received
PUR001973,P0006,V015,WH002,2026-03-26,650,4936.71,Received
PUR001974,P0147,V024,WH008,2026-03-13,1110,636.22,Received
PUR001975,P0028,V019,WH004,2026-01-25,318,4111.31,Received
PUR001976,P0038,V018,WH008,2025-10-03,120,1972.98,Received
PUR001977,P0119,V010,WH007,2025-11-08,1099,11275.15,Received
PUR001978,P0037,V016,WH008,2026-02-16,351,1291.6,Received
PUR001979,P0115,V016,WH006,2025-12-02,855,6285.83,Received
PUR001980,P0068,V012,WH004,2025-10-03,412,4765.5,Received
PUR001981,P0043,V006,WH001,2026-03-02,893,11349.18,Received
PUR001982,P0058,V019,WH008,2025-11-18,400,3918.57,Partially Received
PUR001983,P0013,V028,WH007,2026-02-18,111,4334.54,Received
PUR001984,P0052,V008,WH005,2025-10-27,466,969.91,Received
PUR001985,P0058,V019,WH005,2026-02-28,128,3955.74,Received
PUR001986,P0032,V028,WH005,2026-01-06,336,3361.57,Received
PUR001987,P0105,V029,WH003,2026-03-03,461,1124.74,Received
PUR001988,P0083,V011,WH002,2026-06-04,237,2462.41,Received
PUR001989,P0099,V023,WH004,2026-07-06,692,9590.12,Received
PUR001990,P0104,V009,WH005,2026-03-02,297,10280.92,Received
PUR001991,P0028,V019,WH001,2026-07-21,1028,4074.12,Received
PUR001992,P0129,V026,WH005,2026-01-24,588,4645.74,Received
PUR001993,P0048,V006,WH006,2026-03-20,1029,4612.14,Received
PUR001994,P0040,V004,WH002,2025-11-14,894,2950.32,Received
PUR001995,P0097,V015,WH007,2026-06-17,485,1117.38,Partially Received
PUR001996,P0114,V012,WH002,2026-01-25,858,11243.06,Received
PUR001997,P0132,V005,WH008,2026-01-20,773,12308.27,Received
PUR001998,P0137,V008,WH007,2026-02-26,857,347.45,Received
PUR001999,P0111,V009,WH007,2025-08-18,49,8876.78,Received
PUR002000,P0144,V001,WH008,2025-08-12,378,9302.72,Received
PUR002001,P0076,V030,WH004,2025-09-23,105,7968.44,Received
PUR002002,P0031,V003,WH008,2026-04-29,766,2938.95,Partially Received
PUR002003,P0119,V010,WH003,2025-10-02,332,11461.15,Received
PUR002004,P0142,V006,WH007,2026-07-22,384,7626.82,Received
PUR002005,P0025,V006,WH007,2025-08-31,924,4806.13,Received
PUR002006,P0034,V003,WH008,2025-08-20,717,8101.79,Received
PUR002007,P0067,V026,WH004,2026-03-04,150,365.66,Received
PUR002008,P0118,V022,WH005,2025-09-09,822,6732.56,Partially Received
PUR002009,P0073,V014,WH006,2026-02-09,808,1164.63,Received
PUR002010,P0026,V027,WH001,2025-11-18,370,2273.58,Received
PUR002011,P0148,V013,WH004,2025-10-20,199,2647.38,Received
PUR002012,P0104,V009,WH003,2026-04-20,1139,10189.76,Received
PUR002013,P0010,V028,WH004,2026-03-05,793,10666.34,Received
PUR002014,P0067,V026,WH002,2025-10-04,529,372.37,Received
PUR002015,P0005,V005,WH005,2025-12-27,384,6636.15,Received
PUR002016,P0027,V028,WH005,2026-01-10,1000,8240.07,Received
PUR002017,P0113,V024,WH007,2026-07-28,372,6160.65,Received
PUR002018,P0015,V009,WH005,2026-05-26,819,3582.05,Received
PUR002019,P0105,V029,WH005,2025-09-14,1126,1150.0,Received
PUR002020,P0044,V027,WH008,2026-03-22,431,9921.62,Received
PUR002021,P0026,V027,WH005,2026-02-08,754,2233.91,Received
PUR002022,P0095,V012,WH005,2025-08-10,1000,11445.09,Received
PUR002023,P0084,V014,WH001,2026-06-11,137,293.97,Received
PUR002024,P0140,V025,WH003,2025-10-27,501,7375.5,Received
PUR002025,P0132,V005,WH007,2026-02-04,211,12070.09,Received
PUR002026,P0087,V004,WH008,2026-01-01,610,8039.57,Received
PUR002027,P0112,V030,WH005,2025-10-12,609,5002.43,Received
PUR002028,P0129,V026,WH007,2025-08-17,678,4590.92,Received
PUR002029,P0089,V025,WH003,2025-11-18,126,6472.45,Received
PUR002030,P0066,V024,WH008,2025-08-30,401,3279.55,Received
PUR002031,P0131,V001,WH006,2026-05-09,802,244.12,Received
PUR002032,P0122,V005,WH005,2025-11-30,409,11551.44,Received
PUR002033,P0149,V015,WH007,2025-12-23,263,1578.45,Received
PUR002034,P0084,V014,WH004,2026-04-23,604,295.37,Received
PUR002035,P0116,V004,WH008,2025-09-01,888,6361.94,Received
PUR002036,P0116,V004,WH008,2026-02-25,487,6915.64,Received
PUR002037,P0038,V018,WH007,2025-08-06,885,1934.54,Partially Received
PUR002038,P0143,V019,WH005,2026-05-31,953,10367.13,Received
PUR002039,P0110,V028,WH002,2026-03-21,623,7042.94,Received
PUR002040,P0046,V016,WH001,2026-05-22,1034,3547.2,Received
PUR002041,P0025,V006,WH004,2026-04-03,1116,5025.04,Received
PUR002042,P0021,V002,WH004,2025-09-01,879,5000.9,Received
PUR002043,P0121,V008,WH002,2026-07-23,32,4174.32,Received
PUR002044,P0122,V005,WH005,2025-12-31,318,12058.44,Received
PUR002045,P0133,V023,WH008,2026-01-13,1119,9495.69,Received
PUR002046,P0070,V008,WH008,2025-08-27,1094,10963.53,Received
PUR002047,P0113,V024,WH001,2026-03-28,806,6693.09,Received
PUR002048,P0107,V004,WH004,2026-03-07,168,4389.17,Received
PUR002049,P0112,V030,WH001,2026-01-10,141,5132.46,Partially Received
PUR002050,P0108,V022,WH004,2026-01-02,557,8863.25,Received
PUR002051,P0047,V012,WH005,2026-01-23,1199,11580.08,Received
PUR002052,P0091,V007,WH006,2026-03-12,395,7372.92,Received
PUR002053,P0018,V017,WH004,2026-03-28,101,878.66,Received
PUR002054,P0149,V015,WH006,2026-02-08,511,1569.3,Received
PUR002055,P0104,V009,WH004,2025-08-20,375,9863.11,Received
PUR002056,P0040,V004,WH008,2026-03-15,944,2785.48,Received
PUR002057,P0138,V022,WH003,2026-06-24,1087,9918.64,Received
PUR002058,P0089,V025,WH005,2026-02-23,1024,6820.6,Partially Received
PUR002059,P0061,V017,WH002,2026-04-21,142,521.26,Received
PUR002060,P0005,V005,WH006,2025-12-17,727,6677.88,Received
PUR002061,P0122,V005,WH002,2026-08-06,349,11875.93,Received
PUR002062,P0055,V026,WH005,2025-10-26,1010,10183.87,Partially Received
PUR002063,P0037,V016,WH007,2026-02-22,342,1231.81,Received
PUR002064,P0056,V026,WH002,2025-12-31,1154,140.72,Received
PUR002065,P0102,V012,WH005,2026-02-10,789,8011.4,Received
PUR002066,P0093,V030,WH008,2026-03-08,1132,11125.53,Received
PUR002067,P0073,V014,WH002,2026-05-14,452,1129.18,Received
PUR002068,P0059,V023,WH006,2025-08-27,729,8277.68,Received
PUR002069,P0002,V002,WH003,2025-09-17,813,1194.75,Received
PUR002070,P0104,V009,WH002,2025-12-08,731,9598.85,Received
PUR002071,P0051,V018,WH006,2026-07-03,1142,7073.07,Received
PUR002072,P0030,V028,WH004,2026-06-28,558,8419.61,Received
PUR002073,P0011,V021,WH005,2026-02-16,620,10448.5,Received
PUR002074,P0108,V022,WH001,2026-04-25,1189,8080.56,Received
PUR002075,P0076,V030,WH007,2025-12-17,276,7850.3,Received
PUR002076,P0090,V017,WH008,2025-10-28,890,8846.26,Partially Received
PUR002077,P0123,V009,WH001,2026-04-19,918,3714.47,Received
PUR002078,P0125,V006,WH008,2025-09-16,828,10997.28,Received
PUR002079,P0122,V005,WH005,2026-02-06,696,11594.25,Received
PUR002080,P0094,V022,WH008,2026-03-02,290,3714.69,Received
PUR002081,P0103,V029,WH003,2026-03-03,569,10438.02,Received
PUR002082,P0031,V003,WH002,2026-01-15,1157,2827.83,Received
PUR002083,P0052,V008,WH003,2025-09-08,587,933.04,Received
PUR002084,P0089,V025,WH001,2026-01-03,1005,6427.14,Received
PUR002085,P0076,V030,WH007,2026-03-26,378,7681.36,Received
PUR002086,P0129,V026,WH006,2025-10-23,817,4471.49,Received
PUR002087,P0022,V019,WH007,2025-09-20,906,8009.01,Received
PUR002088,P0040,V004,WH005,2026-08-07,230,2834.55,Received
PUR002089,P0101,V023,WH005,2026-07-25,306,6634.35,Received
PUR002090,P0111,V009,WH003,2026-05-23,762,9057.48,Received
PUR002091,P0129,V026,WH006,2025-11-08,1066,4869.45,Received
PUR002092,P0065,V018,WH003,2025-09-30,1152,6056.7,Received
PUR002093,P0149,V015,WH002,2026-03-28,315,1649.52,Received
PUR002094,P0079,V004,WH004,2026-04-12,25,7717.03,Received
PUR002095,P0022,V019,WH006,2025-12-07,569,8289.28,Received
PUR002096,P0099,V023,WH004,2026-05-01,700,9186.88,Received
PUR002097,P0008,V004,WH007,2026-01-10,814,10668.03,Received
PUR002098,P0017,V024,WH002,2025-11-20,222,10802.38,Received
PUR002099,P0017,V024,WH008,2026-05-20,344,11133.83,Received
PUR002100,P0090,V017,WH008,2026-03-19,844,9082.06,Received
PUR002101,P0141,V011,WH004,2025-12-15,263,2501.29,Received
PUR002102,P0145,V019,WH001,2026-02-18,346,8178.63,Received
PUR002103,P0081,V028,WH007,2025-11-28,1006,1656.34,Received
PUR002104,P0078,V019,WH004,2026-06-23,1090,6296.72,Received
PUR002105,P0006,V015,WH002,2026-06-05,780,5176.73,Received
PUR002106,P0110,V028,WH004,2026-07-26,1056,7076.58,Received
PUR002107,P0014,V025,WH005,2025-11-29,926,7743.33,Received
PUR002108,P0072,V016,WH003,2026-04-22,384,1907.19,Partially Received
PUR002109,P0143,V019,WH001,2026-03-12,92,10790.21,Received
PUR002110,P0054,V009,WH005,2026-02-18,1089,8570.24,Received
PUR002111,P0027,V028,WH005,2026-07-07,293,8599.36,Received
PUR002112,P0013,V028,WH002,2026-07-11,227,4143.44,Received
PUR002113,P0060,V030,WH003,2025-08-24,143,3515.89,Received
PUR002114,P0006,V015,WH003,2026-06-14,1053,5104.76,Received
PUR002115,P0058,V019,WH006,2025-10-01,562,4133.2,Received
PUR002116,P0049,V017,WH007,2026-01-26,79,6353.1,Received
PUR002117,P0026,V027,WH001,2025-10-03,918,2267.44,Received
PUR002118,P0047,V012,WH007,2026-08-07,905,11743.98,Received
PUR002119,P0005,V005,WH002,2026-07-26,801,6844.45,Received
PUR002120,P0020,V017,WH001,2026-07-11,461,11967.85,Received
PUR002121,P0134,V019,WH006,2026-01-11,930,2972.09,Received
PUR002122,P0059,V023,WH004,2025-12-06,1045,7951.27,Received
PUR002123,P0146,V024,WH005,2025-12-09,851,10038.22,Received
PUR002124,P0132,V005,WH001,2026-02-25,1027,12499.44,Received
PUR002125,P0017,V024,WH007,2026-04-27,645,11957.82,Received
PUR002126,P0014,V025,WH005,2026-05-08,1017,7786.84,Received
PUR002127,P0013,V028,WH002,2025-12-23,753,4297.94,Received
PUR002128,P0135,V001,WH007,2025-09-29,110,11946.12,Received
PUR002129,P0128,V018,WH004,2026-07-02,186,11812.31,Received
PUR002130,P0044,V027,WH002,2026-01-11,978,9656.59,Received
PUR002131,P0119,V010,WH008,2026-06-30,226,11128.28,Received
PUR002132,P0143,V019,WH004,2026-07-08,1108,11202.68,Received
PUR002133,P0019,V030,WH004,2025-10-24,535,8451.34,Received
PUR002134,P0063,V012,WH005,2025-12-22,766,7797.49,Received
PUR002135,P0081,V028,WH002,2026-04-15,325,1669.55,Received
PUR002136,P0147,V024,WH002,2026-08-11,414,610.16,Received
PUR002137,P0148,V013,WH001,2025-11-03,1117,2646.73,Received
PUR002138,P0100,V026,WH007,2025-10-31,206,795.22,Received
PUR002139,P0122,V005,WH008,2025-08-12,642,11555.29,Received
PUR002140,P0044,V027,WH002,2026-02-03,749,9257.85,Received
PUR002141,P0104,V009,WH001,2026-05-05,259,9385.6,Received
PUR002142,P0061,V017,WH008,2026-01-17,552,524.98,Received
PUR002143,P0125,V006,WH003,2026-03-16,160,11273.54,Received
PUR002144,P0145,V019,WH003,2025-08-16,158,8488.58,Received
PUR002145,P0071,V022,WH008,2025-10-21,478,8524.62,Received
PUR002146,P0107,V004,WH003,2026-03-02,89,4768.44,Received
PUR002147,P0050,V020,WH006,2026-06-06,404,3512.12,Partially Received
PUR002148,P0065,V018,WH002,2026-05-20,649,6077.86,Partially Received
PUR002149,P0099,V023,WH006,2026-04-13,217,9420.09,Received
PUR002150,P0032,V028,WH007,2026-07-19,224,3204.62,Received
PUR002151,P0141,V011,WH002,2026-07-21,587,2549.56,Received
PUR002152,P0058,V019,WH001,2025-08-12,1001,4026.33,Received
PUR002153,P0128,V018,WH006,2025-08-20,824,11477.09,Received
PUR002154,P0142,V006,WH006,2026-01-01,878,7541.16,Received
PUR002155,P0112,V030,WH007,2026-03-21,901,5019.03,Received
PUR002156,P0068,V012,WH006,2025-11-24,993,4958.96,Received
PUR002157,P0040,V004,WH004,2025-10-11,659,2991.03,Received
PUR002158,P0144,V001,WH001,2026-06-05,344,9712.75,Received
PUR002159,P0132,V005,WH003,2026-03-26,461,11579.27,Received
PUR002160,P0090,V017,WH001,2026-05-19,823,9296.57,Received
PUR002161,P0028,V019,WH004,2025-10-02,307,4406.87,Received
PUR002162,P0096,V007,WH007,2026-04-05,245,11169.15,Received
PUR002163,P0031,V003,WH007,2025-09-19,1107,2721.53,Received
PUR002164,P0003,V012,WH002,2025-11-27,986,7401.86,Received
PUR002165,P0136,V001,WH001,2026-01-07,957,7805.43,Received
PUR002166,P0024,V017,WH008,2025-11-03,579,9043.28,Partially Received
PUR002167,P0015,V009,WH008,2026-05-18,733,3719.16,Received
PUR002168,P0045,V015,WH007,2026-01-25,517,6165.77,Received
PUR002169,P0008,V004,WH006,2026-08-05,868,11247.89,Received
PUR002170,P0071,V022,WH007,2026-05-05,945,8927.04,Partially Received
PUR002171,P0108,V022,WH007,2025-08-18,79,8700.97,Received
PUR002172,P0115,V016,WH007,2026-06-11,276,6064.55,Received
PUR002173,P0103,V029,WH007,2026-06-17,596,9916.47,Received
PUR002174,P0125,V006,WH008,2026-03-03,258,11631.47,Partially Received
PUR002175,P0057,V001,WH008,2026-02-21,57,880.29,Received
PUR002176,P0030,V028,WH003,2025-11-16,44,8433.67,Received
PUR002177,P0146,V024,WH003,2026-02-08,429,10559.95,Received
PUR002178,P0114,V012,WH002,2026-02-21,480,12032.84,Received
PUR002179,P0117,V015,WH007,2026-04-01,1007,7424.64,Received
PUR002180,P0060,V030,WH008,2026-04-15,376,3585.32,Received
PUR002181,P0098,V025,WH001,2025-08-12,402,6928.44,Received
PUR002182,P0126,V010,WH004,2026-03-20,588,11016.12,Received
PUR002183,P0094,V022,WH002,2026-08-03,1091,3460.8,Received
PUR002184,P0134,V019,WH008,2026-01-19,452,3187.7,Partially Received
PUR002185,P0122,V005,WH001,2026-03-08,75,11554.1,Received
PUR002186,P0108,V022,WH007,2025-11-08,596,8159.76,Received
PUR002187,P0004,V003,WH005,2026-03-01,287,1511.74,Received
PUR002188,P0093,V030,WH007,2025-12-16,88,11212.7,Received
PUR002189,P0006,V015,WH003,2025-08-31,921,5043.68,Received
PUR002190,P0032,V028,WH004,2026-03-30,812,3124.16,Received
PUR002191,P0106,V022,WH008,2026-04-04,276,9540.95,Received
PUR002192,P0146,V024,WH008,2025-11-20,691,10715.53,Received
PUR002193,P0015,V009,WH006,2026-01-09,509,3607.97,Received
PUR002194,P0122,V005,WH004,2026-04-08,765,11850.42,Received
PUR002195,P0096,V007,WH006,2025-11-23,68,12079.76,Partially Received
PUR002196,P0006,V015,WH004,2026-08-04,335,5001.12,Received
PUR002197,P0112,V030,WH003,2025-10-31,432,5126.15,Received
PUR002198,P0120,V021,WH006,2026-05-29,453,3570.0,Received
PUR002199,P0123,V009,WH001,2026-05-26,1045,3947.88,Received
PUR002200,P0067,V026,WH006,2025-11-04,1188,372.09,Received
PUR002201,P0106,V022,WH002,2026-01-03,439,9961.46,Received
PUR002202,P0139,V022,WH001,2025-12-28,863,12009.76,Received
PUR002203,P0043,V006,WH002,2025-09-15,935,12435.25,Received
PUR002204,P0145,V019,WH007,2026-07-14,453,8142.73,Received
PUR002205,P0096,V007,WH004,2026-05-04,662,11878.58,Received
PUR002206,P0132,V005,WH001,2026-08-11,76,11843.89,Received
PUR002207,P0081,V028,WH004,2026-05-24,983,1562.27,Received
PUR002208,P0041,V003,WH007,2026-01-06,996,7889.86,Received
PUR002209,P0133,V023,WH005,2025-08-15,65,9591.42,Received
PUR002210,P0035,V024,WH008,2026-02-01,436,10674.31,Received
PUR002211,P0022,V019,WH004,2025-08-25,867,8268.8,Received
PUR002212,P0150,V008,WH007,2026-02-21,158,8880.77,Received
PUR002213,P0112,V030,WH004,2025-10-08,266,4821.08,Received
PUR002214,P0011,V021,WH007,2025-09-07,1191,10653.03,Received
PUR002215,P0003,V012,WH002,2026-06-14,249,7604.25,Received
PUR002216,P0137,V008,WH007,2026-07-01,811,342.1,Partially Received
PUR002217,P0060,V030,WH006,2026-05-06,656,3588.27,Received
PUR002218,P0076,V030,WH005,2026-07-26,393,8241.35,Received
PUR002219,P0087,V004,WH004,2026-05-22,1123,8419.8,Received
PUR002220,P0014,V025,WH007,2026-04-20,757,8069.77,Received
PUR002221,P0018,V017,WH007,2026-02-25,1108,819.22,Received
PUR002222,P0113,V024,WH004,2025-12-06,107,6207.41,Received
PUR002223,P0073,V014,WH008,2026-02-16,1131,1180.39,Received
PUR002224,P0023,V006,WH005,2026-05-18,732,2823.56,Received
PUR002225,P0083,V011,WH005,2025-11-20,620,2360.28,Received
PUR002226,P0125,V006,WH007,2026-03-25,558,11480.44,Received
PUR002227,P0069,V015,WH001,2026-06-17,233,2914.8,Partially Received
PUR002228,P0047,V012,WH002,2026-06-07,93,11054.3,Received
PUR002229,P0116,V004,WH005,2026-07-23,80,6725.66,Received
PUR002230,P0030,V028,WH005,2026-01-05,717,8959.16,Received
PUR002231,P0025,V006,WH003,2025-08-19,31,5084.55,Received
PUR002232,P0112,V030,WH006,2026-03-08,833,4952.47,Received
PUR002233,P0025,V006,WH005,2025-10-01,51,4812.82,Received
PUR002234,P0074,V030,WH002,2025-08-28,1020,8910.78,Received
PUR002235,P0058,V019,WH006,2025-12-06,256,4258.21,Received
PUR002236,P0094,V022,WH006,2025-09-03,577,3526.23,Received
PUR002237,P0119,V010,WH004,2026-03-06,1123,11002.66,Received
PUR002238,P0127,V005,WH004,2025-12-04,666,403.89,Received
PUR002239,P0025,V006,WH004,2026-01-03,1006,4890.0,Received
PUR002240,P0078,V019,WH004,2025-10-08,839,6301.42,Received
PUR002241,P0099,V023,WH003,2025-08-01,492,9686.76,Received
PUR002242,P0116,V004,WH005,2026-06-01,131,6807.38,Partially Received
PUR002243,P0048,V006,WH004,2026-07-08,402,4755.1,Received
PUR002244,P0010,V028,WH007,2026-01-20,36,11259.05,Received
PUR002245,P0099,V023,WH001,2025-11-15,512,9040.26,Received
PUR002246,P0011,V021,WH004,2026-01-12,945,10898.14,Received
PUR002247,P0085,V023,WH005,2026-02-21,136,907.87,Received
PUR002248,P0149,V015,WH004,2026-02-06,899,1673.63,Received
PUR002249,P0135,V001,WH003,2026-03-17,134,12085.39,Received
PUR002250,P0126,V010,WH002,2025-08-31,833,11496.52,Received
PUR002251,P0064,V020,WH002,2026-01-14,663,5060.9,Received
PUR002252,P0002,V002,WH005,2025-10-15,355,1218.07,Received
PUR002253,P0076,V030,WH007,2026-07-18,941,7747.71,Received
PUR002254,P0121,V008,WH002,2026-03-12,166,4244.02,Partially Received
PUR002255,P0042,V019,WH008,2026-07-31,141,7818.39,Received
PUR002256,P0054,V009,WH002,2026-06-17,100,8729.54,Partially Received
PUR002257,P0075,V016,WH001,2026-08-05,704,9937.34,Received
PUR002258,P0016,V030,WH005,2026-03-10,681,2650.68,Received
PUR002259,P0018,V017,WH007,2026-04-27,394,857.22,Received
PUR002260,P0090,V017,WH005,2026-06-17,82,9127.59,Received
PUR002261,P0144,V001,WH002,2025-12-30,523,9443.07,Received
PUR002262,P0006,V015,WH002,2026-03-28,687,5223.02,Received
PUR002263,P0108,V022,WH002,2026-01-06,468,8780.09,Received
PUR002264,P0048,V006,WH006,2025-10-05,887,4594.44,Received
PUR002265,P0042,V019,WH003,2025-09-15,699,7626.97,Received
PUR002266,P0076,V030,WH004,2026-06-07,480,8204.79,Partially Received
PUR002267,P0077,V005,WH008,2025-08-20,478,10307.2,Received
PUR002268,P0132,V005,WH003,2025-08-08,483,12710.51,Partially Received
PUR002269,P0130,V017,WH005,2026-06-20,931,9700.93,Received
PUR002270,P0059,V023,WH008,2025-12-09,398,7699.33,Received
PUR002271,P0027,V028,WH001,2026-06-25,1045,8547.29,Received
PUR002272,P0079,V004,WH004,2026-05-06,383,7249.86,Received
PUR002273,P0072,V016,WH001,2025-08-27,91,2030.73,Received
PUR002274,P0007,V019,WH007,2025-08-20,657,472.47,Received
PUR002275,P0111,V009,WH006,2026-02-06,356,9349.22,Received
PUR002276,P0119,V010,WH005,2025-08-13,214,12082.88,Received
PUR002277,P0063,V012,WH006,2025-12-05,1031,7372.35,Received
PUR002278,P0124,V016,WH005,2026-08-06,672,2075.16,Received
PUR002279,P0012,V020,WH001,2026-08-01,26,10319.41,Received
PUR002280,P0141,V011,WH001,2025-09-05,924,2604.78,Received
PUR002281,P0043,V006,WH001,2026-04-17,998,12256.83,Received
PUR002282,P0017,V024,WH005,2026-03-02,585,11211.29,Received
PUR002283,P0063,V012,WH002,2026-01-05,635,7617.58,Received
PUR002284,P0120,V021,WH001,2026-02-17,592,3404.72,Received
PUR002285,P0036,V008,WH006,2026-02-18,618,9640.04,Received
PUR002286,P0008,V004,WH007,2026-03-15,789,11519.59,Received
PUR002287,P0069,V015,WH004,2026-01-24,261,2928.53,Received
PUR002288,P0090,V017,WH005,2026-01-08,1123,8916.85,Received
PUR002289,P0036,V008,WH008,2026-07-23,785,9865.49,Received
PUR002290,P0028,V019,WH006,2026-08-01,403,4248.61,Received
PUR002291,P0118,V022,WH003,2026-04-03,410,6753.63,Received
PUR002292,P0093,V030,WH007,2025-09-12,915,10964.8,Received
PUR002293,P0076,V030,WH003,2025-09-07,707,7719.88,Received
PUR002294,P0101,V023,WH004,2026-06-20,1169,6370.23,Received
PUR002295,P0144,V001,WH002,2026-06-26,66,9829.96,Received
PUR002296,P0014,V025,WH001,2026-06-08,638,7858.01,Received
PUR002297,P0071,V022,WH005,2025-08-23,483,9244.54,Received
PUR002298,P0124,V016,WH006,2026-05-27,142,2096.42,Received
PUR002299,P0125,V006,WH008,2025-09-15,153,11700.64,Received
PUR002300,P0037,V016,WH001,2025-10-17,860,1225.78,Received
PUR002301,P0029,V008,WH006,2025-10-22,868,4676.1,Received
PUR002302,P0143,V019,WH005,2025-11-10,626,10550.56,Received
PUR002303,P0019,V030,WH003,2026-02-23,42,8800.52,Received
PUR002304,P0106,V022,WH001,2026-08-10,585,9467.74,Received
PUR002305,P0021,V002,WH004,2025-09-25,785,4887.27,Received
PUR002306,P0064,V020,WH002,2025-12-06,984,5017.49,Received
PUR002307,P0027,V028,WH004,2026-01-11,254,7985.04,Received
PUR002308,P0055,V026,WH002,2025-12-15,1015,9474.49,Received
PUR002309,P0029,V008,WH007,2026-01-13,1102,4764.46,Received
PUR002310,P0148,V013,WH006,2026-07-13,845,2469.37,Received
PUR002311,P0025,V006,WH001,2026-01-16,235,4623.22,Received
PUR002312,P0070,V008,WH001,2026-06-08,676,11119.02,Received
PUR002313,P0063,V012,WH007,2026-07-20,954,7724.54,Received
PUR002314,P0130,V017,WH002,2026-04-07,1133,10183.97,Received
PUR002315,P0150,V008,WH003,2025-09-14,330,8353.1,Received
PUR002316,P0016,V030,WH005,2026-07-04,576,2760.89,Received
PUR002317,P0146,V024,WH004,2026-06-13,991,10018.57,Received
PUR002318,P0100,V026,WH007,2025-11-02,276,806.68,Received
PUR002319,P0030,V028,WH008,2025-08-16,552,8455.0,Received
PUR002320,P0045,V015,WH008,2026-06-19,71,6094.06,Received
PUR002321,P0019,V030,WH006,2026-01-07,1110,8782.53,Received
PUR002322,P0034,V003,WH007,2026-05-08,319,8752.15,Received
PUR002323,P0141,V011,WH004,2025-11-28,691,2540.61,Partially Received
PUR002324,P0062,V028,WH004,2025-12-19,797,3904.35,Received
PUR002325,P0118,V022,WH006,2026-02-12,851,7248.46,Received
PUR002326,P0100,V026,WH006,2025-10-21,251,734.9,Received
PUR002327,P0022,V019,WH001,2026-04-13,994,8516.07,Received
PUR002328,P0111,V009,WH004,2026-03-30,1111,9211.29,Received
PUR002329,P0073,V014,WH005,2026-07-17,47,1209.77,Received
PUR002330,P0147,V024,WH008,2026-02-10,1094,602.25,Received
PUR002331,P0038,V018,WH005,2025-11-21,610,2054.65,Received
PUR002332,P0070,V008,WH002,2026-07-18,804,11498.65,Received
PUR002333,P0116,V004,WH007,2026-03-08,639,6958.58,Received
PUR002334,P0079,V004,WH006,2025-11-23,605,7083.86,Received
PUR002335,P0148,V013,WH001,2025-10-24,1021,2450.74,Received
PUR002336,P0009,V004,WH005,2026-03-20,203,11217.29,Received
PUR002337,P0032,V028,WH003,2025-11-25,1066,3081.82,Received
PUR002338,P0132,V005,WH008,2025-12-06,148,12133.66,Received
PUR002339,P0050,V020,WH001,2025-11-01,310,3772.58,Partially Received
PUR002340,P0082,V005,WH001,2026-06-29,520,7488.88,Received
PUR002341,P0005,V005,WH005,2026-07-04,205,7061.17,Received
PUR002342,P0148,V013,WH003,2026-08-15,498,2444.27,Received
PUR002343,P0087,V004,WH002,2026-05-24,511,8076.87,Partially Received
PUR002344,P0126,V010,WH005,2026-05-22,532,10675.69,Partially Received
PUR002345,P0075,V016,WH003,2025-11-04,1110,9563.56,Received
PUR002346,P0022,V019,WH001,2025-11-19,486,8602.9,Received
PUR002347,P0068,V012,WH008,2026-03-17,304,4759.82,Received
PUR002348,P0044,V027,WH003,2026-05-07,620,9713.75,Partially Received
PUR002349,P0034,V003,WH001,2025-08-15,1143,8425.44,Received
PUR002350,P0077,V005,WH007,2025-08-29,208,11216.1,Received
PUR002351,P0042,V019,WH005,2026-02-25,1008,7385.13,Received
PUR002352,P0137,V008,WH006,2026-07-30,909,335.25,Received
PUR002353,P0106,V022,WH005,2026-03-24,407,9311.89,Received
PUR002354,P0095,V012,WH007,2025-10-29,260,11479.72,Received
PUR002355,P0135,V001,WH004,2026-05-29,436,11229.68,Partially Received
PUR002356,P0068,V012,WH004,2026-01-30,195,5181.1,Received
PUR002357,P0147,V024,WH004,2026-07-02,406,637.04,Received
PUR002358,P0128,V018,WH005,2025-08-28,872,12056.27,Received
PUR002359,P0085,V023,WH002,2026-02-09,682,936.47,Received
PUR002360,P0083,V011,WH005,2025-08-06,471,2317.53,Received
PUR002361,P0095,V012,WH008,2026-05-31,296,11493.75,Received
PUR002362,P0032,V028,WH007,2026-02-02,232,3380.25,Received
PUR002363,P0066,V024,WH008,2026-01-29,60,3446.86,Received
PUR002364,P0116,V004,WH007,2026-04-26,1165,7004.55,Received
PUR002365,P0138,V022,WH006,2026-03-15,313,10395.09,Partially Received
PUR002366,P0130,V017,WH003,2026-06-30,619,9683.41,Received
PUR002367,P0060,V030,WH005,2026-08-02,560,3408.25,Received
PUR002368,P0017,V024,WH005,2026-03-28,470,10757.39,Received
PUR002369,P0096,V007,WH001,2025-10-21,1104,11294.26,Received
PUR002370,P0144,V001,WH007,2026-03-21,1190,9062.64,Partially Received
PUR002371,P0016,V030,WH001,2025-12-13,809,2733.0,Received
PUR002372,P0046,V016,WH001,2026-06-08,353,3510.71,Received
PUR002373,P0107,V004,WH005,2026-07-06,910,4775.89,Received
PUR002374,P0088,V029,WH002,2026-04-15,1185,564.83,Received
PUR002375,P0129,V026,WH003,2025-08-04,63,4866.22,Received
PUR002376,P0139,V022,WH003,2025-09-26,163,11106.22,Received
PUR002377,P0119,V010,WH008,2026-03-04,352,10853.74,Received
PUR002378,P0085,V023,WH007,2025-10-13,1017,949.69,Received
PUR002379,P0004,V003,WH006,2025-12-11,74,1478.2,Received
PUR002380,P0071,V022,WH007,2026-02-27,889,8587.86,Received
PUR002381,P0111,V009,WH002,2025-11-01,816,8829.24,Received
PUR002382,P0050,V020,WH002,2025-08-03,344,3516.88,Partially Received
PUR002383,P0140,V025,WH003,2026-03-11,99,7156.78,Received
PUR002384,P0095,V012,WH004,2026-03-12,1074,11487.59,Received
PUR002385,P0092,V017,WH001,2025-10-04,1004,8235.86,Received
PUR002386,P0065,V018,WH001,2025-09-17,1155,6383.91,Received
PUR002387,P0047,V012,WH003,2026-06-03,577,11206.55,Received
PUR002388,P0106,V022,WH007,2026-07-17,884,9550.18,Received
PUR002389,P0130,V017,WH002,2026-01-18,736,9753.39,Received
PUR002390,P0106,V022,WH007,2025-12-06,491,9655.67,Received
PUR002391,P0024,V017,WH006,2025-11-05,93,9037.16,Received
PUR002392,P0004,V003,WH004,2025-10-19,608,1555.6,Received
PUR002393,P0108,V022,WH003,2026-07-24,583,8682.81,Received
PUR002394,P0019,V030,WH001,2026-03-24,486,8176.68,Received
PUR002395,P0040,V004,WH005,2026-01-15,618,2950.73,Received
PUR002396,P0050,V020,WH007,2026-02-14,1011,3635.69,Received
PUR002397,P0075,V016,WH002,2026-03-07,756,9730.11,Partially Received
PUR002398,P0012,V020,WH005,2026-06-14,1013,10831.83,Received
PUR002399,P0027,V028,WH006,2025-09-27,267,8189.99,Received
PUR002400,P0113,V024,WH003,2026-06-06,1163,6455.98,Received
PUR002401,P0049,V017,WH007,2026-01-29,86,6860.4,Received
PUR002402,P0144,V001,WH001,2026-07-02,592,9063.69,Received
PUR002403,P0130,V017,WH007,2026-02-09,722,10399.83,Received
PUR002404,P0060,V030,WH004,2026-04-08,489,3373.04,Received
PUR002405,P0030,V028,WH008,2025-09-20,512,8466.41,Received
PUR002406,P0084,V014,WH005,2026-05-06,682,314.25,Received
PUR002407,P0028,V019,WH004,2025-10-17,305,4470.23,Received
PUR002408,P0025,V006,WH006,2026-04-06,331,4624.43,Received
PUR002409,P0096,V007,WH001,2025-10-31,328,11470.8,Received
PUR002410,P0125,V006,WH005,2026-08-14,794,11065.11,Received
PUR002411,P0010,V028,WH006,2026-03-27,1140,11199.82,Received
PUR002412,P0042,V019,WH004,2025-12-30,984,7981.8,Received
PUR002413,P0040,V004,WH004,2025-12-21,1156,3066.69,Received
PUR002414,P0077,V005,WH008,2026-01-01,475,10859.74,Received
PUR002415,P0105,V029,WH005,2026-06-14,151,1079.19,Received
PUR002416,P0118,V022,WH001,2025-10-01,949,7160.33,Received
PUR002417,P0042,V019,WH004,2025-12-16,984,7544.89,Received
PUR002418,P0047,V012,WH003,2026-04-03,948,11855.69,Received
PUR002419,P0022,V019,WH008,2025-09-07,140,8568.84,Received
PUR002420,P0107,V004,WH006,2026-01-25,653,4617.08,Received
PUR002421,P0027,V028,WH005,2025-08-27,916,8040.16,Received
PUR002422,P0041,V003,WH002,2026-08-06,791,7778.37,Received
PUR002423,P0080,V027,WH002,2025-11-26,1082,9181.34,Received
PUR002424,P0089,V025,WH001,2025-11-30,585,6874.58,Received
PUR002425,P0066,V024,WH003,2025-10-31,531,3306.81,Received
PUR002426,P0012,V020,WH004,2025-10-06,308,10566.71,Received
PUR002427,P0073,V014,WH002,2026-01-06,219,1176.38,Received
PUR002428,P0076,V030,WH001,2025-10-12,547,8138.79,Received
PUR002429,P0090,V017,WH006,2025-10-13,936,8481.82,Received
PUR002430,P0010,V028,WH008,2025-09-27,1130,11656.95,Partially Received
PUR002431,P0096,V007,WH003,2026-07-04,1125,12044.69,Received
PUR002432,P0020,V017,WH003,2026-05-03,1105,12621.27,Received
PUR002433,P0039,V003,WH007,2025-11-04,818,7802.1,Received
PUR002434,P0060,V030,WH001,2026-05-26,1085,3404.28,Received
PUR002435,P0066,V024,WH001,2025-09-09,31,3278.88,Received
PUR002436,P0065,V018,WH007,2026-06-15,852,6150.89,Received
PUR002437,P0124,V016,WH008,2026-03-04,860,1956.58,Received
PUR002438,P0130,V017,WH004,2026-05-14,662,10242.1,Received
PUR002439,P0057,V001,WH001,2026-05-01,1158,927.87,Received
PUR002440,P0078,V019,WH007,2026-04-09,125,6352.24,Partially Received
PUR002441,P0029,V008,WH004,2026-08-17,710,4471.96,Received
PUR002442,P0015,V009,WH008,2026-06-15,547,3790.31,Partially Received
PUR002443,P0012,V020,WH004,2025-12-22,865,11082.95,Received
PUR002444,P0101,V023,WH005,2025-09-03,912,6808.28,Received
PUR002445,P0084,V014,WH003,2026-06-03,406,311.31,Received
PUR002446,P0125,V006,WH006,2025-12-02,500,11745.87,Partially Received
PUR002447,P0103,V029,WH003,2025-12-26,427,10599.17,Received
PUR002448,P0024,V017,WH003,2025-10-08,917,8642.88,Received
PUR002449,P0149,V015,WH005,2026-04-30,730,1624.9,Received
PUR002450,P0138,V022,WH004,2026-03-01,658,9505.92,Received
PUR002451,P0110,V028,WH004,2026-01-04,1064,6552.64,Received
PUR002452,P0078,V019,WH001,2026-07-23,834,5934.04,Partially Received
PUR002453,P0101,V023,WH005,2026-07-03,937,6331.0,Received
PUR002454,P0146,V024,WH001,2025-12-25,222,9901.45,Received
PUR002455,P0142,V006,WH005,2026-07-16,436,7104.71,Received
PUR002456,P0128,V018,WH001,2025-12-07,435,11293.08,Received
PUR002457,P0058,V019,WH002,2025-12-11,104,4314.44,Received
PUR002458,P0076,V030,WH007,2026-06-18,186,7441.11,Received
PUR002459,P0150,V008,WH003,2025-09-12,403,8641.89,Received
PUR002460,P0036,V008,WH003,2026-06-12,487,9127.21,Received
PUR002461,P0022,V019,WH008,2025-12-05,1115,8606.54,Received
PUR002462,P0127,V005,WH006,2025-08-20,829,413.3,Received
PUR002463,P0080,V027,WH007,2025-10-08,1016,9838.44,Received
PUR002464,P0100,V026,WH004,2025-09-07,492,784.44,Received
PUR002465,P0096,V007,WH006,2025-09-05,1012,10917.56,Received
PUR002466,P0148,V013,WH002,2026-01-12,294,2722.93,Received
PUR002467,P0018,V017,WH008,2026-01-21,1063,893.26,Received
PUR002468,P0038,V018,WH006,2026-05-05,509,2093.6,Received
PUR002469,P0109,V007,WH008,2026-06-18,345,5377.08,Received
PUR002470,P0123,V009,WH003,2025-10-14,548,3724.06,Received
PUR002471,P0144,V001,WH004,2025-11-26,911,9876.19,Received
PUR002472,P0149,V015,WH002,2026-05-03,108,1587.27,Received
PUR002473,P0104,V009,WH003,2025-09-16,505,9994.08,Received
PUR002474,P0140,V025,WH007,2026-04-08,727,6834.68,Received
PUR002475,P0144,V001,WH001,2026-02-10,369,9905.53,Received
PUR002476,P0081,V028,WH005,2025-11-22,1127,1556.09,Received
PUR002477,P0087,V004,WH002,2026-03-27,406,8128.59,Received
PUR002478,P0142,V006,WH004,2025-11-17,106,7411.92,Received
PUR002479,P0061,V017,WH008,2025-08-01,326,543.07,Received
PUR002480,P0046,V016,WH006,2026-05-20,1197,3488.93,Received
PUR002481,P0032,V028,WH007,2026-08-01,459,3111.06,Received
PUR002482,P0015,V009,WH006,2026-05-30,759,3527.73,Received
PUR002483,P0044,V027,WH002,2026-06-11,283,9872.17,Received
PUR002484,P0145,V019,WH007,2026-02-16,996,8885.98,Received
PUR002485,P0054,V009,WH004,2025-10-18,754,8784.07,Received
PUR002486,P0044,V027,WH002,2026-07-15,440,9560.1,Received
PUR002487,P0098,V025,WH004,2026-03-09,512,7010.24,Received
PUR002488,P0005,V005,WH006,2025-09-21,652,6737.13,Received
PUR002489,P0109,V007,WH003,2026-01-10,1012,5299.39,Received
PUR002490,P0027,V028,WH007,2025-12-03,430,8176.83,Received
PUR002491,P0116,V004,WH001,2025-12-21,192,6676.85,Received
PUR002492,P0087,V004,WH003,2025-08-07,23,8633.38,Received
PUR002493,P0104,V009,WH001,2026-01-06,873,9955.04,Received
PUR002494,P0123,V009,WH006,2025-10-15,1005,3712.42,Received
PUR002495,P0079,V004,WH008,2025-11-26,1153,7260.64,Received
PUR002496,P0043,V006,WH007,2026-08-05,1080,11209.76,Received
PUR002497,P0097,V015,WH003,2025-08-08,602,1087.93,Received
PUR002498,P0031,V003,WH003,2025-12-03,1074,2735.04,Received
PUR002499,P0099,V023,WH002,2025-08-10,400,9076.45,Received
PUR002500,P0017,V024,WH005,2026-07-30,1054,11567.62,Received
