order_id,order_date,customer_type,order_status
O0000001,2026-07-18,Repeat,Delivered
O0000002,2026-02-03,New,Returned
O0000003,2026-03-08,New,Delivered
O0000004,2026-01-25,New,Delivered
O0000005,2026-01-28,New,Delivered
O0000006,2026-04-15,Repeat,Delivered
O0000007,2026-03-15,Repeat,Delivered
O0000008,2026-01-27,Repeat,Cancelled
O0000009,2025-09-24,Repeat,Delivered
O0000010,2026-02-03,Repeat,Delivered
O0000011,2025-11-25,New,Delivered
O0000012,2025-10-13,New,Delivered
O0000013,2025-10-28,New,Delivered
O0000014,2026-04-19,New,Delivered
O0000015,2026-04-05,Repeat,Delivered
O0000016,2026-03-26,New,Delivered
O0000017,2026-05-19,Repeat,Delivered
O0000018,2026-04-13,Repeat,Delivered
O0000019,2026-04-07,New,Delivered
O0000020,2026-01-14,Repeat,Delivered
O0000021,2025-10-02,Repeat,Delivered
O0000022,2026-02-08,Repeat,Delivered
O0000023,2026-06-03,Repeat,Delivered
O0000024,2026-02-17,New,Delivered
O0000025,2026-01-27,Repeat,Delivered
O0000026,2025-11-07,New,Delivered
O0000027,2026-05-05,Repeat,Delivered
O0000028,2026-07-26,Repeat,Delivered
O0000029,2025-12-12,New,Delivered
O0000030,2025-10-07,Repeat,Delivered
O0000031,2026-08-02,Repeat,Delivered
O0000032,2025-08-31,New,Delivered
O0000033,2025-08-14,Repeat,Delivered
O0000034,2025-11-06,Repeat,Delivered
O0000035,2026-06-04,New,Delivered
O0000036,2026-03-18,Repeat,Delivered
O0000037,2026-04-16,Repeat,Delivered
O0000038,2026-03-26,Repeat,Delivered
O0000039,2026-07-03,New,Delivered
O0000040,2025-09-14,New,Delivered
O0000041,2026-07-06,Repeat,Delivered
O0000042,2025-10-31,New,Delivered
O0000043,2025-11-01,New,Delivered
O0000044,2025-11-03,New,Delivered
O0000045,2026-06-05,New,Delivered
O0000046,2026-06-30,New,Delivered
O0000047,2025-11-08,New,Delivered
O0000048,2026-05-09,New,Delivered
O0000049,2026-06-30,New,Delivered
O0000050,2026-01-26,New,Delivered
O0000051,2026-02-02,New,Delivered
O0000052,2026-04-28,New,Delivered
O0000053,2025-10-12,New,Delivered
O0000054,2026-04-26,New,Cancelled
O0000055,2026-07-21,Repeat,Delivered
O0000056,2026-08-16,New,Delivered
O0000057,2026-02-07,New,Delivered
O0000058,2026-05-10,New,Delivered
O0000059,2026-07-30,New,Delivered
O0000060,2026-05-09,Repeat,Cancelled
O0000061,2026-06-22,New,Delivered
O0000062,2026-02-14,New,Delivered
O0000063,2026-03-02,New,Delivered
O0000064,2025-10-29,Repeat,Delivered
O0000065,2026-07-12,New,Delivered
O0000066,2026-05-10,New,Delivered
O0000067,2025-08-16,Repeat,Delivered
O0000068,2026-07-12,New,Delivered
O0000069,2026-04-09,Repeat,Delivered
O0000070,2026-06-14,New,Delivered
O0000071,2026-05-29,New,Delivered
O0000072,2025-11-30,New,Delivered
O0000073,2026-06-24,New,Delivered
O0000074,2026-04-07,New,Delivered
O0000075,2026-06-26,Repeat,Delivered
O0000076,2025-08-06,New,Delivered
O0000077,2025-12-25,Repeat,Delivered
O0000078,2025-08-15,New,Delivered
O0000079,2026-02-14,Repeat,Delivered
O0000080,2026-02-27,Repeat,Delivered
O0000081,2026-05-30,New,Delivered
O0000082,2025-11-18,New,Delivered
O0000083,2026-05-01,Repeat,Delivered
O0000084,2026-01-08,New,Delivered
O0000085,2025-11-26,Repeat,Delivered
O0000086,2025-10-26,Repeat,Delivered
O0000087,2026-04-25,New,Delivered
O0000088,2025-10-21,Repeat,Delivered
O0000089,2026-07-24,New,Delivered
O0000090,2026-08-12,New,Delivered
O0000091,2026-05-31,New,Delivered
O0000092,2026-06-05,New,Delivered
O0000093,2025-10-08,New,Delivered
O0000094,2026-03-29,New,Delivered
O0000095,2026-06-11,Repeat,Delivered
O0000096,2026-03-11,New,Delivered
O0000097,2025-11-18,New,Delivered
O0000098,2025-11-25,New,Delivered
O0000099,2025-10-05,New,Delivered
O0000100,2025-10-05,Repeat,Delivered
O0000101,2026-06-17,New,Delivered
O0000102,2026-07-29,Repeat,Delivered
O0000103,2025-11-20,New,Cancelled
O0000104,2026-08-15,Repeat,Delivered
O0000105,2026-04-15,New,Delivered
O0000106,2026-01-06,Repeat,Delivered
O0000107,2026-05-06,New,Delivered
O0000108,2025-09-16,New,Delivered
O0000109,2025-12-29,Repeat,Delivered
O0000110,2025-10-21,Repeat,Delivered
O0000111,2025-11-01,New,Delivered
O0000112,2026-02-01,Repeat,Delivered
O0000113,2026-05-20,Repeat,Delivered
O0000114,2025-11-16,New,Delivered
O0000115,2026-07-17,New,Delivered
O0000116,2026-02-18,New,Delivered
O0000117,2026-02-24,New,Delivered
O0000118,2025-08-31,New,Delivered
O0000119,2025-09-21,New,Delivered
O0000120,2026-07-24,New,Delivered
O0000121,2026-03-24,New,Delivered
O0000122,2025-11-15,New,Delivered
O0000123,2026-04-27,New,Delivered
O0000124,2025-12-04,New,Delivered
O0000125,2025-11-24,New,Delivered
O0000126,2026-03-02,New,Delivered
O0000127,2026-07-22,Repeat,Delivered
O0000128,2025-09-08,Repeat,Delivered
O0000129,2026-03-26,New,Delivered
O0000130,2026-06-09,New,Delivered
O0000131,2025-09-16,Repeat,Delivered
O0000132,2025-11-15,New,Delivered
O0000133,2025-12-30,New,Delivered
O0000134,2026-07-06,New,Returned
O0000135,2025-08-24,New,Delivered
O0000136,2025-12-14,New,Delivered
O0000137,2025-08-30,Repeat,Delivered
O0000138,2025-12-26,New,Delivered
O0000139,2026-07-20,Repeat,Delivered
O0000140,2025-12-25,New,Delivered
O0000141,2026-05-12,New,Delivered
O0000142,2026-06-07,New,Delivered
O0000143,2026-06-24,Repeat,Delivered
O0000144,2025-09-15,New,Delivered
O0000145,2025-09-24,New,Delivered
O0000146,2025-11-18,New,Delivered
O0000147,2025-11-27,New,Delivered
O0000148,2026-08-08,New,Delivered
O0000149,2026-05-29,Repeat,Delivered
O0000150,2025-08-30,New,Delivered
O0000151,2025-12-10,New,Delivered
O0000152,2025-12-07,Repeat,Delivered
O0000153,2026-02-24,Repeat,Delivered
O0000154,2026-02-21,New,Delivered
O0000155,2026-06-06,New,Delivered
O0000156,2025-09-18,New,Delivered
O0000157,2026-03-12,Repeat,Delivered
O0000158,2025-08-20,New,Delivered
O0000159,2025-08-08,New,Delivered
O0000160,2026-01-12,Repeat,Delivered
O0000161,2026-01-10,New,Delivered
O0000162,2025-10-02,New,Delivered
O0000163,2025-11-08,New,Delivered
O0000164,2025-08-03,New,Returned
O0000165,2025-12-27,Repeat,Delivered
O0000166,2025-08-04,New,Delivered
O0000167,2025-08-28,New,Delivered
O0000168,2026-06-07,New,Delivered
O0000169,2026-04-05,Repeat,Returned
O0000170,2026-06-21,New,Delivered
O0000171,2026-04-28,Repeat,Delivered
O0000172,2026-07-18,New,Delivered
O0000173,2025-12-11,Repeat,Delivered
O0000174,2026-06-18,Repeat,Delivered
O0000175,2025-08-27,Repeat,Delivered
O0000176,2026-05-28,Repeat,Delivered
O0000177,2025-12-19,New,Delivered
O0000178,2026-05-25,New,Delivered
O0000179,2026-03-22,New,Delivered
O0000180,2026-01-27,Repeat,Delivered
O0000181,2026-07-03,Repeat,Delivered
O0000182,2025-12-12,New,Delivered
O0000183,2026-04-04,New,Delivered
O0000184,2025-11-30,Repeat,Delivered
O0000185,2025-12-17,New,Delivered
O0000186,2026-03-28,Repeat,Delivered
O0000187,2026-04-17,Repeat,Delivered
O0000188,2026-02-18,New,Delivered
O0000189,2025-08-16,New,Delivered
O0000190,2026-03-19,Repeat,Delivered
O0000191,2025-09-11,New,Delivered
O0000192,2026-03-07,New,Delivered
O0000193,2026-05-26,New,Delivered
O0000194,2026-01-25,New,Delivered
O0000195,2026-08-12,New,Delivered
O0000196,2026-01-28,Repeat,Delivered
O0000197,2026-04-14,Repeat,Delivered
O0000198,2025-11-17,New,Delivered
O0000199,2026-01-22,Repeat,Returned
O0000200,2025-12-01,New,Delivered
O0000201,2026-01-11,New,Delivered
O0000202,2026-05-27,New,Delivered
O0000203,2026-03-15,Repeat,Delivered
O0000204,2026-08-04,Repeat,Delivered
O0000205,2026-06-28,New,Cancelled
O0000206,2026-03-12,New,Delivered
O0000207,2025-10-16,Repeat,Delivered
O0000208,2026-07-26,New,Returned
O0000209,2026-05-25,Repeat,Returned
O0000210,2026-04-02,New,Delivered
O0000211,2025-11-21,Repeat,Delivered
O0000212,2025-11-28,New,Delivered
O0000213,2026-06-11,New,Delivered
O0000214,2025-10-31,Repeat,Delivered
O0000215,2025-10-18,New,Delivered
O0000216,2025-12-13,New,Delivered
O0000217,2025-08-19,New,Delivered
O0000218,2026-06-27,New,Delivered
O0000219,2025-08-09,New,Delivered
O0000220,2026-04-08,New,Delivered
O0000221,2025-09-11,New,Delivered
O0000222,2026-03-01,Repeat,Delivered
O0000223,2025-08-02,New,Delivered
O0000224,2025-11-28,New,Delivered
O0000225,2026-01-25,Repeat,Delivered
O0000226,2026-03-12,Repeat,Delivered
O0000227,2026-07-17,New,Delivered
O0000228,2026-04-24,New,Delivered
O0000229,2026-02-24,New,Delivered
O0000230,2026-01-03,New,Delivered
O0000231,2026-02-19,Repeat,Delivered
O0000232,2025-09-09,Repeat,Delivered
O0000233,2026-07-19,Repeat,Delivered
O0000234,2026-06-26,New,Delivered
O0000235,2026-05-29,New,Cancelled
O0000236,2025-10-25,New,Delivered
O0000237,2026-05-05,New,Delivered
O0000238,2025-08-08,New,Delivered
O0000239,2026-01-01,Repeat,Delivered
O0000240,2026-03-03,Repeat,Delivered
O0000241,2025-10-22,New,Delivered
O0000242,2025-11-29,New,Delivered
O0000243,2026-04-30,New,Delivered
O0000244,2026-04-15,Repeat,Cancelled
O0000245,2025-09-26,Repeat,Delivered
O0000246,2026-07-08,New,Delivered
O0000247,2026-04-01,Repeat,Delivered
O0000248,2026-03-11,Repeat,Delivered
O0000249,2026-04-16,Repeat,Delivered
O0000250,2026-05-01,New,Delivered
O0000251,2026-05-10,New,Delivered
O0000252,2026-05-06,New,Delivered
O0000253,2025-11-28,New,Delivered
O0000254,2026-02-18,Repeat,Cancelled
O0000255,2026-04-19,New,Delivered
O0000256,2026-06-17,Repeat,Cancelled
O0000257,2025-11-25,New,Delivered
O0000258,2026-05-04,New,Delivered
O0000259,2025-09-28,New,Delivered
O0000260,2026-05-20,New,Delivered
O0000261,2025-09-23,New,Delivered
O0000262,2026-02-16,Repeat,Delivered
O0000263,2025-09-07,Repeat,Delivered
O0000264,2026-03-05,New,Delivered
O0000265,2025-12-18,Repeat,Delivered
O0000266,2026-06-27,New,Delivered
O0000267,2025-11-19,New,Delivered
O0000268,2025-12-01,New,Delivered
O0000269,2026-02-28,New,Delivered
O0000270,2026-07-20,New,Delivered
O0000271,2025-08-26,Repeat,Delivered
O0000272,2026-01-11,Repeat,Delivered
O0000273,2026-03-05,Repeat,Delivered
O0000274,2026-07-03,Repeat,Delivered
O0000275,2026-06-23,Repeat,Returned
O0000276,2026-01-16,New,Delivered
O0000277,2025-09-03,New,Delivered
O0000278,2026-01-27,Repeat,Delivered
O0000279,2025-11-08,Repeat,Delivered
O0000280,2026-07-02,New,Cancelled
O0000281,2026-08-09,New,Delivered
O0000282,2026-01-06,New,Cancelled
O0000283,2025-11-11,New,Delivered
O0000284,2026-04-23,Repeat,Delivered
O0000285,2025-11-17,New,Delivered
O0000286,2026-03-04,New,Delivered
O0000287,2026-07-26,New,Delivered
O0000288,2025-08-14,New,Cancelled
O0000289,2026-01-03,New,Delivered
O0000290,2026-02-09,Repeat,Delivered
O0000291,2025-09-16,New,Delivered
O0000292,2026-05-11,New,Delivered
O0000293,2026-06-16,New,Delivered
O0000294,2026-01-27,New,Delivered
O0000295,2025-11-29,New,Delivered
O0000296,2026-05-12,New,Delivered
O0000297,2026-04-11,Repeat,Delivered
O0000298,2025-10-09,New,Delivered
O0000299,2026-04-19,Repeat,Returned
O0000300,2025-08-11,New,Delivered
O0000301,2026-04-25,New,Delivered
O0000302,2026-08-10,New,Delivered
O0000303,2026-03-03,Repeat,Delivered
O0000304,2025-08-11,New,Returned
O0000305,2026-04-10,New,Delivered
O0000306,2025-12-18,New,Delivered
O0000307,2026-03-17,Repeat,Cancelled
O0000308,2025-12-16,Repeat,Returned
O0000309,2025-09-23,New,Cancelled
O0000310,2026-01-04,Repeat,Delivered
O0000311,2026-03-25,New,Delivered
O0000312,2025-12-17,New,Delivered
O0000313,2026-07-26,Repeat,Cancelled
O0000314,2026-06-19,Repeat,Delivered
O0000315,2026-05-30,Repeat,Delivered
O0000316,2025-08-11,New,Delivered
O0000317,2026-02-04,New,Delivered
O0000318,2026-07-09,Repeat,Delivered
O0000319,2026-01-25,New,Delivered
O0000320,2026-02-26,Repeat,Delivered
O0000321,2026-06-14,Repeat,Delivered
O0000322,2026-01-28,New,Delivered
O0000323,2025-11-08,New,Delivered
O0000324,2025-12-04,New,Delivered
O0000325,2026-04-23,New,Delivered
O0000326,2025-11-05,Repeat,Delivered
O0000327,2026-03-25,New,Delivered
O0000328,2025-11-16,New,Cancelled
O0000329,2025-08-10,Repeat,Delivered
O0000330,2025-11-01,New,Delivered
O0000331,2025-10-24,New,Delivered
O0000332,2026-04-14,Repeat,Delivered
O0000333,2026-06-09,Repeat,Delivered
O0000334,2026-07-04,New,Delivered
O0000335,2026-03-15,Repeat,Delivered
O0000336,2026-01-14,New,Delivered
O0000337,2026-08-13,Repeat,Delivered
O0000338,2026-05-23,New,Delivered
O0000339,2026-04-01,New,Delivered
O0000340,2026-01-28,New,Delivered
O0000341,2026-07-28,New,Delivered
O0000342,2026-08-12,New,Delivered
O0000343,2026-02-11,Repeat,Delivered
O0000344,2025-12-03,Repeat,Delivered
O0000345,2026-02-17,Repeat,Delivered
O0000346,2025-12-05,New,Delivered
O0000347,2025-12-11,Repeat,Delivered
O0000348,2026-02-12,Repeat,Delivered
O0000349,2026-03-25,New,Cancelled
O0000350,2025-09-03,New,Delivered
O0000351,2026-01-15,New,Delivered
O0000352,2025-10-31,New,Cancelled
O0000353,2026-06-16,Repeat,Delivered
O0000354,2026-07-16,New,Returned
O0000355,2026-08-01,New,Delivered
O0000356,2025-11-22,Repeat,Delivered
O0000357,2026-01-11,New,Delivered
O0000358,2025-08-01,New,Delivered
O0000359,2025-11-14,New,Delivered
O0000360,2025-10-23,New,Delivered
O0000361,2026-03-24,New,Delivered
O0000362,2025-10-18,Repeat,Delivered
O0000363,2026-08-09,New,Delivered
O0000364,2026-07-06,New,Delivered
O0000365,2025-11-13,New,Delivered
O0000366,2025-10-05,New,Delivered
O0000367,2025-09-16,Repeat,Cancelled
O0000368,2026-05-22,New,Cancelled
O0000369,2026-05-21,Repeat,Delivered
O0000370,2026-07-30,New,Delivered
O0000371,2025-12-31,New,Delivered
O0000372,2026-03-18,Repeat,Delivered
O0000373,2025-10-31,New,Delivered
O0000374,2026-08-14,Repeat,Delivered
O0000375,2026-07-26,New,Delivered
O0000376,2025-11-30,Repeat,Delivered
O0000377,2026-05-30,New,Delivered
O0000378,2025-12-22,New,Delivered
O0000379,2026-02-26,New,Delivered
O0000380,2026-06-15,New,Delivered
O0000381,2025-08-28,Repeat,Delivered
O0000382,2025-11-14,New,Delivered
O0000383,2025-10-17,Repeat,Delivered
O0000384,2025-11-09,Repeat,Delivered
O0000385,2025-11-01,Repeat,Delivered
O0000386,2025-10-30,New,Delivered
O0000387,2025-12-04,New,Delivered
O0000388,2026-04-21,New,Delivered
O0000389,2026-02-10,New,Delivered
O0000390,2025-11-25,New,Delivered
O0000391,2026-01-13,New,Delivered
O0000392,2025-10-18,Repeat,Delivered
O0000393,2026-06-04,Repeat,Delivered
O0000394,2025-08-08,Repeat,Delivered
O0000395,2025-08-24,Repeat,Delivered
O0000396,2025-12-14,Repeat,Delivered
O0000397,2026-06-18,New,Delivered
O0000398,2026-06-18,Repeat,Delivered
O0000399,2026-02-11,New,Delivered
O0000400,2026-02-07,New,Delivered
O0000401,2026-07-12,New,Delivered
O0000402,2026-04-29,New,Delivered
O0000403,2026-06-01,Repeat,Delivered
O0000404,2025-10-05,Repeat,Delivered
O0000405,2026-06-15,New,Delivered
O0000406,2025-09-25,New,Delivered
O0000407,2025-10-15,New,Delivered
O0000408,2025-09-12,Repeat,Delivered
O0000409,2025-09-06,New,Delivered
O0000410,2026-01-10,Repeat,Delivered
O0000411,2026-02-07,New,Delivered
O0000412,2026-05-21,Repeat,Delivered
O0000413,2026-01-30,New,Delivered
O0000414,2026-03-22,New,Delivered
O0000415,2026-08-08,New,Cancelled
O0000416,2026-02-23,New,Delivered
O0000417,2025-09-13,New,Delivered
O0000418,2025-11-24,Repeat,Delivered
O0000419,2026-05-05,New,Delivered
O0000420,2026-05-15,New,Delivered
O0000421,2025-08-03,New,Delivered
O0000422,2026-06-13,New,Delivered
O0000423,2026-04-09,New,Delivered
O0000424,2025-08-30,Repeat,Delivered
O0000425,2026-02-04,New,Delivered
O0000426,2025-08-18,New,Delivered
O0000427,2026-06-04,New,Delivered
O0000428,2025-12-03,Repeat,Delivered
O0000429,2025-11-15,New,Delivered
O0000430,2026-03-03,Repeat,Delivered
O0000431,2026-07-01,New,Delivered
O0000432,2025-12-11,New,Delivered
O0000433,2025-11-03,New,Delivered
O0000434,2025-08-23,New,Delivered
O0000435,2025-12-10,New,Delivered
O0000436,2026-07-07,New,Delivered
O0000437,2026-05-16,New,Delivered
O0000438,2026-03-14,Repeat,Cancelled
O0000439,2026-06-16,New,Cancelled
O0000440,2026-03-20,New,Delivered
O0000441,2025-11-25,New,Delivered
O0000442,2026-04-06,New,Delivered
O0000443,2026-05-23,New,Delivered
O0000444,2026-07-02,New,Delivered
O0000445,2026-01-23,New,Delivered
O0000446,2025-09-14,New,Delivered
O0000447,2026-03-20,New,Cancelled
O0000448,2025-08-31,New,Delivered
O0000449,2025-10-05,Repeat,Delivered
O0000450,2025-09-24,New,Returned
O0000451,2025-11-01,Repeat,Delivered
O0000452,2026-03-10,Repeat,Delivered
O0000453,2026-08-10,Repeat,Delivered
O0000454,2026-02-05,Repeat,Delivered
O0000455,2025-09-27,New,Delivered
O0000456,2025-08-25,New,Delivered
O0000457,2026-06-08,Repeat,Delivered
O0000458,2026-04-09,New,Cancelled
O0000459,2025-11-04,New,Delivered
O0000460,2026-06-14,New,Delivered
O0000461,2026-04-14,New,Delivered
O0000462,2025-10-02,Repeat,Delivered
O0000463,2025-12-21,New,Delivered
O0000464,2026-01-14,New,Delivered
O0000465,2025-11-24,New,Delivered
O0000466,2025-09-10,New,Cancelled
O0000467,2025-11-08,New,Delivered
O0000468,2026-01-20,New,Delivered
O0000469,2026-08-10,New,Returned
O0000470,2025-08-23,New,Delivered
O0000471,2025-10-04,New,Delivered
O0000472,2026-08-16,Repeat,Delivered
O0000473,2025-11-17,New,Delivered
O0000474,2025-09-19,New,Delivered
O0000475,2025-08-16,Repeat,Cancelled
O0000476,2025-09-28,New,Delivered
O0000477,2025-09-02,New,Delivered
O0000478,2025-12-25,Repeat,Returned
O0000479,2026-04-24,Repeat,Delivered
O0000480,2026-03-19,Repeat,Delivered
O0000481,2026-07-10,New,Delivered
O0000482,2026-04-17,Repeat,Cancelled
O0000483,2026-08-09,New,Returned
O0000484,2026-07-27,Repeat,Delivered
O0000485,2026-04-27,Repeat,Delivered
O0000486,2025-08-30,New,Delivered
O0000487,2025-08-30,New,Delivered
O0000488,2026-03-26,Repeat,Delivered
O0000489,2026-03-14,New,Delivered
O0000490,2026-01-01,New,Delivered
O0000491,2026-01-18,Repeat,Delivered
O0000492,2026-07-01,New,Delivered
O0000493,2026-02-15,Repeat,Delivered
O0000494,2025-09-16,Repeat,Delivered
O0000495,2026-02-21,Repeat,Delivered
O0000496,2025-10-09,New,Delivered
O0000497,2026-04-27,New,Delivered
O0000498,2026-05-14,Repeat,Delivered
O0000499,2026-06-15,New,Delivered
O0000500,2026-06-18,Repeat,Delivered
O0000501,2026-03-17,Repeat,Delivered
O0000502,2026-03-28,New,Delivered
O0000503,2025-10-24,Repeat,Delivered
O0000504,2026-06-02,New,Delivered
O0000505,2026-04-11,New,Delivered
O0000506,2026-06-13,New,Delivered
O0000507,2026-04-22,Repeat,Delivered
O0000508,2025-11-28,Repeat,Delivered
O0000509,2026-06-22,New,Delivered
O0000510,2025-10-02,New,Delivered
O0000511,2025-12-17,New,Delivered
O0000512,2026-02-01,New,Delivered
O0000513,2026-01-22,New,Delivered
O0000514,2026-07-25,Repeat,Delivered
O0000515,2025-12-23,Repeat,Delivered
O0000516,2025-12-15,New,Cancelled
O0000517,2026-01-04,Repeat,Delivered
O0000518,2025-08-20,New,Delivered
O0000519,2026-07-19,Repeat,Delivered
O0000520,2025-11-15,New,Delivered
O0000521,2026-04-06,Repeat,Delivered
O0000522,2025-09-27,Repeat,Delivered
O0000523,2026-05-14,Repeat,Delivered
O0000524,2025-12-24,New,Delivered
O0000525,2025-09-14,New,Delivered
O0000526,2026-05-13,Repeat,Delivered
O0000527,2025-09-09,New,Delivered
O0000528,2025-10-21,New,Delivered
O0000529,2026-01-22,New,Delivered
O0000530,2026-03-04,New,Delivered
O0000531,2025-12-29,New,Delivered
O0000532,2026-06-05,New,Delivered
O0000533,2026-07-19,New,Delivered
O0000534,2026-01-03,New,Delivered
O0000535,2026-07-10,New,Delivered
O0000536,2026-02-18,Repeat,Returned
O0000537,2026-01-09,New,Cancelled
O0000538,2025-10-14,Repeat,Delivered
O0000539,2025-09-13,New,Delivered
O0000540,2025-08-26,Repeat,Delivered
O0000541,2026-04-07,Repeat,Delivered
O0000542,2025-09-08,New,Delivered
O0000543,2025-08-25,New,Delivered
O0000544,2026-06-23,Repeat,Delivered
O0000545,2026-06-09,Repeat,Returned
O0000546,2026-05-26,New,Delivered
O0000547,2026-01-18,Repeat,Delivered
O0000548,2025-12-01,New,Delivered
O0000549,2025-10-01,Repeat,Cancelled
O0000550,2026-02-19,New,Delivered
O0000551,2026-02-05,New,Delivered
O0000552,2025-09-24,New,Delivered
O0000553,2026-01-13,New,Delivered
O0000554,2025-10-30,Repeat,Delivered
O0000555,2026-06-25,Repeat,Delivered
O0000556,2025-08-28,Repeat,Cancelled
O0000557,2025-12-04,Repeat,Delivered
O0000558,2026-01-13,New,Delivered
O0000559,2026-02-16,New,Delivered
O0000560,2025-09-19,Repeat,Delivered
O0000561,2026-04-27,New,Delivered
O0000562,2025-11-11,Repeat,Delivered
O0000563,2025-08-10,New,Delivered
O0000564,2026-01-02,Repeat,Delivered
O0000565,2025-08-03,New,Delivered
O0000566,2025-11-20,Repeat,Delivered
O0000567,2026-05-03,Repeat,Delivered
O0000568,2026-07-05,Repeat,Delivered
O0000569,2026-01-30,New,Delivered
O0000570,2025-12-14,New,Delivered
O0000571,2026-03-15,New,Cancelled
O0000572,2025-11-01,Repeat,Delivered
O0000573,2025-09-01,New,Delivered
O0000574,2026-01-28,Repeat,Delivered
O0000575,2026-04-23,Repeat,Delivered
O0000576,2026-01-26,Repeat,Delivered
O0000577,2026-07-31,New,Delivered
O0000578,2025-08-24,Repeat,Delivered
O0000579,2026-07-20,New,Cancelled
O0000580,2025-12-27,Repeat,Cancelled
O0000581,2026-01-24,New,Delivered
O0000582,2025-11-17,New,Delivered
O0000583,2026-06-19,New,Cancelled
O0000584,2026-07-09,New,Delivered
O0000585,2025-09-24,New,Delivered
O0000586,2025-09-28,Repeat,Delivered
O0000587,2026-07-17,New,Delivered
O0000588,2025-12-21,New,Delivered
O0000589,2026-04-09,New,Cancelled
O0000590,2025-12-16,Repeat,Delivered
O0000591,2025-12-14,New,Delivered
O0000592,2026-07-05,New,Delivered
O0000593,2025-09-18,New,Delivered
O0000594,2025-09-06,Repeat,Delivered
O0000595,2025-09-18,New,Delivered
O0000596,2026-06-12,New,Delivered
O0000597,2026-02-24,New,Delivered
O0000598,2025-09-14,New,Delivered
O0000599,2025-08-03,New,Returned
O0000600,2026-06-18,Repeat,Delivered
O0000601,2026-01-16,Repeat,Delivered
O0000602,2026-02-08,New,Delivered
O0000603,2025-11-12,New,Delivered
O0000604,2025-11-09,New,Delivered
O0000605,2025-12-25,New,Delivered
O0000606,2025-08-18,New,Delivered
O0000607,2026-07-04,New,Delivered
O0000608,2026-03-07,New,Delivered
O0000609,2026-03-12,Repeat,Delivered
O0000610,2026-04-15,New,Delivered
O0000611,2026-04-25,New,Delivered
O0000612,2026-01-03,New,Delivered
O0000613,2025-08-05,New,Delivered
O0000614,2026-07-23,Repeat,Delivered
O0000615,2026-01-29,Repeat,Delivered
O0000616,2026-05-01,New,Delivered
O0000617,2026-05-13,Repeat,Delivered
O0000618,2025-09-19,New,Delivered
O0000619,2026-01-01,Repeat,Delivered
O0000620,2026-07-29,Repeat,Delivered
O0000621,2026-02-07,Repeat,Delivered
O0000622,2026-06-08,New,Delivered
O0000623,2026-03-27,Repeat,Delivered
O0000624,2026-06-17,Repeat,Delivered
O0000625,2026-05-21,New,Delivered
O0000626,2026-03-30,New,Delivered
O0000627,2026-03-02,New,Cancelled
O0000628,2026-03-10,New,Delivered
O0000629,2026-03-20,New,Delivered
O0000630,2026-04-04,New,Delivered
O0000631,2026-04-18,New,Delivered
O0000632,2025-10-12,New,Delivered
O0000633,2026-03-16,Repeat,Delivered
O0000634,2026-04-01,New,Delivered
O0000635,2026-02-06,Repeat,Delivered
O0000636,2025-12-11,New,Delivered
O0000637,2026-04-26,Repeat,Delivered
O0000638,2025-12-19,New,Delivered
O0000639,2025-08-20,New,Delivered
O0000640,2026-06-11,New,Delivered
O0000641,2026-02-05,New,Delivered
O0000642,2025-11-11,Repeat,Delivered
O0000643,2025-09-16,Repeat,Delivered
O0000644,2025-08-04,New,Delivered
O0000645,2025-09-01,New,Delivered
O0000646,2025-12-08,New,Delivered
O0000647,2025-08-08,New,Cancelled
O0000648,2025-11-06,New,Returned
O0000649,2026-03-28,New,Delivered
O0000650,2026-07-10,New,Returned
O0000651,2025-08-19,New,Delivered
O0000652,2025-12-04,New,Delivered
O0000653,2026-06-22,Repeat,Delivered
O0000654,2026-05-14,New,Delivered
O0000655,2025-10-23,Repeat,Delivered
O0000656,2026-06-08,New,Delivered
O0000657,2025-11-14,New,Delivered
O0000658,2026-01-24,New,Delivered
O0000659,2025-08-09,Repeat,Delivered
O0000660,2025-12-22,Repeat,Delivered
O0000661,2025-11-13,Repeat,Delivered
O0000662,2026-07-28,Repeat,Delivered
O0000663,2026-06-12,Repeat,Delivered
O0000664,2026-06-01,Repeat,Delivered
O0000665,2025-08-04,Repeat,Delivered
O0000666,2025-12-26,New,Delivered
O0000667,2026-06-06,Repeat,Delivered
O0000668,2025-11-28,New,Delivered
O0000669,2026-03-22,Repeat,Delivered
O0000670,2025-11-06,New,Delivered
O0000671,2026-04-01,New,Delivered
O0000672,2025-08-17,Repeat,Delivered
O0000673,2026-01-21,New,Delivered
O0000674,2025-10-11,Repeat,Cancelled
O0000675,2026-05-25,New,Delivered
O0000676,2025-09-29,New,Delivered
O0000677,2025-11-26,Repeat,Delivered
O0000678,2026-08-11,New,Delivered
O0000679,2026-02-25,Repeat,Delivered
O0000680,2026-01-15,New,Delivered
O0000681,2026-02-10,Repeat,Delivered
O0000682,2025-12-11,Repeat,Delivered
O0000683,2026-08-08,Repeat,Cancelled
O0000684,2026-02-20,Repeat,Delivered
O0000685,2026-06-06,New,Delivered
O0000686,2026-03-08,Repeat,Delivered
O0000687,2026-06-30,Repeat,Delivered
O0000688,2025-08-03,New,Delivered
O0000689,2026-02-17,New,Delivered
O0000690,2026-03-11,Repeat,Delivered
O0000691,2025-12-26,Repeat,Delivered
O0000692,2026-05-21,New,Delivered
O0000693,2026-08-03,New,Delivered
O0000694,2026-04-22,New,Delivered
O0000695,2026-01-27,New,Delivered
O0000696,2026-05-12,New,Delivered
O0000697,2026-08-16,New,Delivered
O0000698,2025-11-14,New,Delivered
O0000699,2026-03-31,Repeat,Delivered
O0000700,2025-09-28,Repeat,Returned
O0000701,2026-08-03,New,Delivered
O0000702,2025-11-07,New,Delivered
O0000703,2026-03-08,Repeat,Delivered
O0000704,2026-01-02,Repeat,Delivered
O0000705,2026-06-19,Repeat,Delivered
O0000706,2025-09-14,Repeat,Delivered
O0000707,2026-06-14,New,Delivered
O0000708,2025-09-08,New,Delivered
O0000709,2025-11-10,Repeat,Delivered
O0000710,2026-07-07,New,Delivered
O0000711,2026-07-16,New,Delivered
O0000712,2025-11-13,New,Delivered
O0000713,2026-07-26,New,Delivered
O0000714,2025-09-04,New,Delivered
O0000715,2025-09-08,New,Delivered
O0000716,2026-07-22,New,Delivered
O0000717,2025-12-09,New,Delivered
O0000718,2025-08-06,Repeat,Delivered
O0000719,2026-06-03,Repeat,Delivered
O0000720,2025-11-11,Repeat,Delivered
O0000721,2026-06-13,New,Cancelled
O0000722,2026-07-05,New,Delivered
O0000723,2025-09-28,New,Delivered
O0000724,2025-08-05,New,Delivered
O0000725,2026-07-28,New,Delivered
O0000726,2026-07-26,New,Delivered
O0000727,2025-08-23,New,Delivered
O0000728,2026-03-27,Repeat,Delivered
O0000729,2026-01-21,Repeat,Delivered
O0000730,2025-11-01,New,Delivered
O0000731,2025-09-25,Repeat,Delivered
O0000732,2026-08-01,New,Delivered
O0000733,2026-03-23,Repeat,Delivered
O0000734,2026-08-06,New,Delivered
O0000735,2026-04-24,New,Delivered
O0000736,2025-09-22,New,Delivered
O0000737,2026-01-18,New,Delivered
O0000738,2026-03-15,Repeat,Delivered
O0000739,2026-05-12,New,Delivered
O0000740,2026-04-30,Repeat,Delivered
O0000741,2025-12-01,New,Delivered
O0000742,2025-09-14,New,Delivered
O0000743,2026-03-06,Repeat,Delivered
O0000744,2026-07-31,Repeat,Delivered
O0000745,2026-02-21,Repeat,Delivered
O0000746,2026-03-02,New,Delivered
O0000747,2025-09-01,New,Delivered
O0000748,2025-08-09,New,Cancelled
O0000749,2026-05-10,New,Delivered
O0000750,2025-11-25,Repeat,Delivered
O0000751,2025-10-28,New,Delivered
O0000752,2026-02-26,Repeat,Delivered
O0000753,2026-04-19,New,Delivered
O0000754,2025-08-05,New,Delivered
O0000755,2025-12-02,New,Delivered
O0000756,2026-08-06,New,Delivered
O0000757,2026-04-07,New,Delivered
O0000758,2025-12-02,New,Cancelled
O0000759,2025-08-17,Repeat,Delivered
O0000760,2026-07-13,Repeat,Delivered
O0000761,2025-10-28,Repeat,Delivered
O0000762,2026-06-28,New,Delivered
O0000763,2025-10-06,New,Delivered
O0000764,2026-02-23,New,Delivered
O0000765,2025-08-14,New,Returned
O0000766,2025-10-17,New,Delivered
O0000767,2025-10-20,Repeat,Delivered
O0000768,2026-02-10,New,Delivered
O0000769,2026-04-08,New,Delivered
O0000770,2025-09-28,Repeat,Delivered
O0000771,2026-06-23,New,Delivered
O0000772,2026-06-24,New,Delivered
O0000773,2025-10-09,Repeat,Delivered
O0000774,2026-06-27,New,Delivered
O0000775,2026-03-28,Repeat,Delivered
O0000776,2025-12-14,New,Delivered
O0000777,2025-09-10,Repeat,Delivered
O0000778,2025-11-05,New,Delivered
O0000779,2026-02-13,New,Delivered
O0000780,2025-09-19,Repeat,Delivered
O0000781,2026-01-14,New,Delivered
O0000782,2025-11-06,Repeat,Delivered
O0000783,2026-06-28,New,Delivered
O0000784,2026-08-16,Repeat,Delivered
O0000785,2026-05-06,New,Cancelled
O0000786,2026-05-15,Repeat,Delivered
O0000787,2026-01-06,New,Delivered
O0000788,2026-06-17,New,Delivered
O0000789,2025-12-17,Repeat,Delivered
O0000790,2026-06-15,Repeat,Delivered
O0000791,2025-12-11,Repeat,Cancelled
O0000792,2026-01-02,New,Delivered
O0000793,2025-12-30,Repeat,Delivered
O0000794,2026-01-05,New,Delivered
O0000795,2026-04-01,Repeat,Delivered
O0000796,2025-12-19,New,Delivered
O0000797,2026-01-27,New,Delivered
O0000798,2026-02-07,Repeat,Delivered
O0000799,2025-08-02,Repeat,Delivered
O0000800,2026-06-03,Repeat,Delivered
O0000801,2026-07-27,Repeat,Delivered
O0000802,2026-03-20,Repeat,Delivered
O0000803,2025-12-05,New,Delivered
O0000804,2026-07-20,Repeat,Delivered
O0000805,2026-06-22,Repeat,Delivered
O0000806,2025-11-28,New,Delivered
O0000807,2026-08-11,Repeat,Delivered
O0000808,2026-05-26,Repeat,Delivered
O0000809,2025-12-16,Repeat,Delivered
O0000810,2026-01-11,New,Delivered
O0000811,2025-10-10,New,Delivered
O0000812,2026-02-21,Repeat,Returned
O0000813,2026-05-23,New,Delivered
O0000814,2026-01-12,Repeat,Delivered
O0000815,2026-03-05,Repeat,Delivered
O0000816,2025-12-31,Repeat,Delivered
O0000817,2026-06-04,Repeat,Delivered
O0000818,2025-11-14,New,Delivered
O0000819,2026-01-19,New,Delivered
O0000820,2025-11-02,New,Delivered
O0000821,2025-09-20,Repeat,Returned
O0000822,2026-02-02,New,Delivered
O0000823,2025-08-03,Repeat,Delivered
O0000824,2025-11-26,New,Cancelled
O0000825,2026-02-06,Repeat,Delivered
O0000826,2025-08-13,New,Delivered
O0000827,2026-06-17,New,Cancelled
O0000828,2026-07-28,Repeat,Delivered
O0000829,2025-10-02,Repeat,Delivered
O0000830,2025-08-30,New,Delivered
O0000831,2026-05-06,Repeat,Delivered
O0000832,2026-02-24,New,Delivered
O0000833,2026-06-13,New,Delivered
O0000834,2025-10-28,New,Delivered
O0000835,2025-08-10,Repeat,Delivered
O0000836,2026-03-22,New,Delivered
O0000837,2025-08-09,Repeat,Delivered
O0000838,2026-02-25,New,Delivered
O0000839,2026-03-30,New,Delivered
O0000840,2026-06-10,New,Delivered
O0000841,2025-10-20,Repeat,Delivered
O0000842,2025-12-14,Repeat,Delivered
O0000843,2026-08-04,New,Returned
O0000844,2026-04-19,New,Delivered
O0000845,2025-10-25,New,Delivered
O0000846,2026-03-23,Repeat,Delivered
O0000847,2025-09-30,New,Delivered
O0000848,2026-02-26,New,Delivered
O0000849,2025-08-13,New,Delivered
O0000850,2026-02-13,Repeat,Delivered
O0000851,2026-06-30,New,Delivered
O0000852,2026-03-21,New,Delivered
O0000853,2026-07-05,Repeat,Delivered
O0000854,2025-08-25,New,Delivered
O0000855,2026-02-04,Repeat,Delivered
O0000856,2026-06-03,New,Delivered
O0000857,2025-10-02,New,Delivered
O0000858,2025-11-10,New,Delivered
O0000859,2026-03-30,Repeat,Delivered
O0000860,2025-11-01,New,Delivered
O0000861,2026-04-22,New,Delivered
O0000862,2025-10-06,New,Delivered
O0000863,2026-07-14,New,Delivered
O0000864,2026-03-16,New,Delivered
O0000865,2026-08-01,New,Delivered
O0000866,2026-01-21,New,Delivered
O0000867,2025-09-27,New,Delivered
O0000868,2025-12-12,New,Delivered
O0000869,2025-10-22,New,Delivered
O0000870,2026-02-16,New,Delivered
O0000871,2026-05-28,New,Delivered
O0000872,2026-01-14,New,Delivered
O0000873,2026-07-02,Repeat,Delivered
O0000874,2025-12-09,Repeat,Delivered
O0000875,2025-08-06,New,Delivered
O0000876,2025-09-12,Repeat,Delivered
O0000877,2025-10-19,Repeat,Delivered
O0000878,2025-12-21,New,Delivered
O0000879,2025-08-08,New,Delivered
O0000880,2026-02-07,Repeat,Delivered
O0000881,2025-12-19,Repeat,Delivered
O0000882,2025-10-13,Repeat,Delivered
O0000883,2026-06-04,New,Delivered
O0000884,2026-02-11,New,Delivered
O0000885,2026-05-18,New,Delivered
O0000886,2026-04-18,Repeat,Delivered
O0000887,2025-12-27,New,Delivered
O0000888,2025-09-15,Repeat,Delivered
O0000889,2025-11-10,Repeat,Delivered
O0000890,2025-11-24,New,Delivered
O0000891,2026-02-17,New,Delivered
O0000892,2026-02-19,Repeat,Delivered
O0000893,2025-12-17,New,Delivered
O0000894,2026-06-19,Repeat,Delivered
O0000895,2026-03-25,Repeat,Delivered
O0000896,2026-01-09,New,Delivered
O0000897,2025-10-01,New,Delivered
O0000898,2025-10-24,Repeat,Delivered
O0000899,2026-07-25,New,Delivered
O0000900,2026-01-20,New,Cancelled
O0000901,2025-12-16,New,Cancelled
O0000902,2026-04-20,Repeat,Delivered
O0000903,2025-08-10,New,Cancelled
O0000904,2026-04-12,Repeat,Delivered
O0000905,2025-08-03,New,Delivered
O0000906,2025-12-05,New,Delivered
O0000907,2026-01-13,New,Delivered
O0000908,2025-09-13,New,Delivered
O0000909,2025-12-07,Repeat,Delivered
O0000910,2026-01-06,Repeat,Delivered
O0000911,2026-04-20,New,Delivered
O0000912,2026-05-31,New,Delivered
O0000913,2025-09-26,Repeat,Delivered
O0000914,2025-09-13,New,Delivered
O0000915,2026-01-27,New,Delivered
O0000916,2025-10-23,New,Delivered
O0000917,2025-08-09,Repeat,Cancelled
O0000918,2026-03-26,New,Delivered
O0000919,2025-11-13,Repeat,Delivered
O0000920,2026-07-23,New,Delivered
O0000921,2026-05-19,New,Delivered
O0000922,2026-06-11,New,Delivered
O0000923,2025-12-12,Repeat,Delivered
O0000924,2025-11-26,Repeat,Delivered
O0000925,2025-11-16,New,Delivered
O0000926,2026-02-21,New,Delivered
O0000927,2026-05-04,New,Delivered
O0000928,2026-01-05,New,Delivered
O0000929,2026-07-21,New,Delivered
O0000930,2026-03-15,Repeat,Delivered
O0000931,2025-08-03,New,Delivered
O0000932,2026-05-07,Repeat,Returned
O0000933,2025-12-13,New,Cancelled
O0000934,2026-06-20,New,Delivered
O0000935,2026-08-12,Repeat,Delivered
O0000936,2026-03-10,New,Delivered
O0000937,2026-07-10,New,Delivered
O0000938,2025-09-14,New,Delivered
O0000939,2025-12-22,Repeat,Delivered
O0000940,2026-03-19,New,Delivered
O0000941,2026-03-05,New,Delivered
O0000942,2026-01-04,Repeat,Returned
O0000943,2026-01-28,New,Delivered
O0000944,2026-07-11,New,Cancelled
O0000945,2026-02-23,New,Returned
O0000946,2025-08-02,New,Delivered
O0000947,2026-08-16,New,Delivered
O0000948,2026-03-02,Repeat,Delivered
O0000949,2025-09-13,New,Delivered
O0000950,2025-11-14,New,Delivered
O0000951,2026-02-22,New,Delivered
O0000952,2026-05-29,New,Delivered
O0000953,2026-06-01,New,Delivered
O0000954,2026-07-10,New,Delivered
O0000955,2026-04-13,New,Delivered
O0000956,2025-11-24,New,Delivered
O0000957,2025-10-29,New,Delivered
O0000958,2026-02-06,New,Delivered
O0000959,2026-03-05,New,Delivered
O0000960,2025-10-13,New,Delivered
O0000961,2026-01-03,New,Delivered
O0000962,2026-02-21,Repeat,Delivered
O0000963,2026-08-11,Repeat,Delivered
O0000964,2025-11-16,New,Delivered
O0000965,2026-07-29,Repeat,Delivered
O0000966,2026-08-13,Repeat,Delivered
O0000967,2026-05-01,New,Delivered
O0000968,2025-08-01,New,Delivered
O0000969,2026-06-06,Repeat,Delivered
O0000970,2026-03-25,New,Cancelled
O0000971,2025-11-19,New,Delivered
O0000972,2026-01-26,Repeat,Delivered
O0000973,2025-11-27,Repeat,Delivered
O0000974,2025-12-13,New,Delivered
O0000975,2026-03-09,Repeat,Delivered
O0000976,2026-05-20,New,Delivered
O0000977,2025-09-23,Repeat,Delivered
O0000978,2025-10-01,New,Delivered
O0000979,2026-07-21,New,Delivered
O0000980,2025-08-27,Repeat,Delivered
O0000981,2025-09-22,New,Returned
O0000982,2025-10-18,New,Delivered
O0000983,2026-04-22,New,Delivered
O0000984,2025-12-23,New,Delivered
O0000985,2026-01-25,Repeat,Delivered
O0000986,2025-09-01,New,Returned
O0000987,2025-09-19,New,Delivered
O0000988,2026-03-15,Repeat,Delivered
O0000989,2025-11-05,New,Delivered
O0000990,2025-11-27,New,Delivered
O0000991,2026-05-25,New,Cancelled
O0000992,2025-08-18,New,Delivered
O0000993,2026-05-07,New,Delivered
O0000994,2026-02-28,New,Delivered
O0000995,2025-11-02,Repeat,Delivered
O0000996,2025-11-05,New,Delivered
O0000997,2026-01-29,Repeat,Delivered
O0000998,2026-06-05,Repeat,Delivered
O0000999,2026-08-17,New,Delivered
O0001000,2026-04-02,Repeat,Delivered
O0001001,2026-05-04,New,Delivered
O0001002,2026-08-06,Repeat,Delivered
O0001003,2025-11-14,New,Delivered
O0001004,2026-06-13,New,Delivered
O0001005,2025-10-21,Repeat,Delivered
O0001006,2026-03-22,Repeat,Delivered
O0001007,2025-11-28,New,Delivered
O0001008,2025-11-06,New,Delivered
O0001009,2025-11-02,Repeat,Delivered
O0001010,2025-08-20,New,Delivered
O0001011,2026-01-29,New,Delivered
O0001012,2026-02-25,New,Delivered
O0001013,2026-01-13,Repeat,Delivered
O0001014,2026-03-27,Repeat,Delivered
O0001015,2026-07-18,Repeat,Delivered
O0001016,2026-04-26,New,Delivered
O0001017,2026-02-17,Repeat,Delivered
O0001018,2026-03-04,New,Delivered
O0001019,2025-09-08,Repeat,Cancelled
O0001020,2026-07-01,New,Delivered
O0001021,2026-05-16,New,Returned
O0001022,2026-05-26,Repeat,Delivered
O0001023,2025-08-24,New,Delivered
O0001024,2026-04-30,New,Delivered
O0001025,2025-09-07,New,Delivered
O0001026,2026-04-10,Repeat,Delivered
O0001027,2026-07-05,New,Delivered
O0001028,2026-06-24,New,Delivered
O0001029,2026-06-05,New,Delivered
O0001030,2026-06-30,New,Delivered
O0001031,2025-09-25,New,Delivered
O0001032,2025-09-15,Repeat,Cancelled
O0001033,2026-05-25,Repeat,Cancelled
O0001034,2025-10-28,New,Delivered
O0001035,2026-08-08,Repeat,Delivered
O0001036,2025-11-16,New,Delivered
O0001037,2025-08-20,New,Delivered
O0001038,2025-10-08,New,Delivered
O0001039,2026-02-05,New,Returned
O0001040,2026-07-08,Repeat,Delivered
O0001041,2026-06-23,Repeat,Delivered
O0001042,2026-06-12,Repeat,Delivered
O0001043,2026-02-22,Repeat,Delivered
O0001044,2025-08-28,New,Delivered
O0001045,2025-12-20,New,Delivered
O0001046,2026-05-08,New,Delivered
O0001047,2025-12-23,Repeat,Delivered
O0001048,2026-01-09,New,Delivered
O0001049,2026-01-26,Repeat,Delivered
O0001050,2026-05-19,Repeat,Delivered
O0001051,2026-07-29,Repeat,Delivered
O0001052,2025-10-29,New,Delivered
O0001053,2026-04-05,New,Delivered
O0001054,2026-01-10,New,Delivered
O0001055,2026-01-25,Repeat,Delivered
O0001056,2025-08-19,New,Delivered
O0001057,2025-12-01,Repeat,Delivered
O0001058,2025-08-25,Repeat,Delivered
O0001059,2026-02-18,New,Delivered
O0001060,2025-12-28,New,Delivered
O0001061,2026-03-27,New,Delivered
O0001062,2026-01-06,New,Delivered
O0001063,2025-09-01,Repeat,Delivered
O0001064,2026-07-27,New,Delivered
O0001065,2026-06-03,New,Delivered
O0001066,2025-09-01,New,Delivered
O0001067,2026-05-03,New,Returned
O0001068,2026-03-22,New,Delivered
O0001069,2026-04-29,Repeat,Delivered
O0001070,2026-05-27,New,Delivered
O0001071,2025-12-07,Repeat,Cancelled
O0001072,2026-04-21,New,Delivered
O0001073,2026-03-19,New,Delivered
O0001074,2026-04-25,Repeat,Delivered
O0001075,2025-12-31,New,Delivered
O0001076,2026-01-22,New,Cancelled
O0001077,2026-05-28,New,Delivered
O0001078,2026-02-07,Repeat,Delivered
O0001079,2025-12-17,New,Delivered
O0001080,2025-11-11,New,Delivered
O0001081,2025-09-08,New,Delivered
O0001082,2025-08-16,New,Cancelled
O0001083,2025-09-06,New,Delivered
O0001084,2026-03-10,Repeat,Delivered
O0001085,2025-09-17,Repeat,Delivered
O0001086,2025-12-23,New,Delivered
O0001087,2025-11-17,New,Delivered
O0001088,2026-04-04,New,Delivered
O0001089,2026-02-02,New,Delivered
O0001090,2026-07-14,Repeat,Delivered
O0001091,2026-05-03,New,Delivered
O0001092,2026-08-15,New,Delivered
O0001093,2026-06-23,New,Delivered
O0001094,2026-03-14,New,Delivered
O0001095,2026-08-02,New,Delivered
O0001096,2026-02-10,Repeat,Delivered
O0001097,2026-01-19,New,Delivered
O0001098,2025-08-01,New,Delivered
O0001099,2026-06-12,New,Delivered
O0001100,2026-02-12,Repeat,Delivered
O0001101,2025-09-24,New,Delivered
O0001102,2026-08-02,New,Delivered
O0001103,2026-02-10,New,Delivered
O0001104,2025-09-22,New,Delivered
O0001105,2026-06-24,New,Delivered
O0001106,2026-05-17,New,Delivered
O0001107,2026-04-18,New,Delivered
O0001108,2026-04-21,New,Delivered
O0001109,2025-12-30,New,Delivered
O0001110,2025-09-23,Repeat,Delivered
O0001111,2026-02-19,New,Delivered
O0001112,2026-07-09,New,Delivered
O0001113,2025-10-16,New,Delivered
O0001114,2026-03-28,Repeat,Delivered
O0001115,2026-04-21,Repeat,Delivered
O0001116,2025-12-30,Repeat,Delivered
O0001117,2025-08-02,New,Delivered
O0001118,2026-02-21,Repeat,Delivered
O0001119,2025-12-21,New,Cancelled
O0001120,2026-06-14,New,Delivered
O0001121,2025-10-19,New,Delivered
O0001122,2026-06-22,New,Delivered
O0001123,2025-11-08,New,Delivered
O0001124,2025-09-02,New,Delivered
O0001125,2026-07-15,New,Delivered
O0001126,2026-07-28,Repeat,Delivered
O0001127,2025-09-28,New,Delivered
O0001128,2025-09-08,New,Cancelled
O0001129,2026-07-04,Repeat,Cancelled
O0001130,2026-01-12,New,Delivered
O0001131,2025-11-24,New,Delivered
O0001132,2026-05-01,Repeat,Delivered
O0001133,2026-04-09,New,Delivered
O0001134,2025-11-17,New,Delivered
O0001135,2025-10-21,Repeat,Delivered
O0001136,2025-08-05,New,Cancelled
O0001137,2026-03-06,Repeat,Delivered
O0001138,2025-09-15,New,Delivered
O0001139,2026-07-10,Repeat,Delivered
O0001140,2026-08-04,New,Delivered
O0001141,2026-02-18,Repeat,Delivered
O0001142,2026-06-13,New,Delivered
O0001143,2026-03-08,Repeat,Delivered
O0001144,2025-08-13,New,Cancelled
O0001145,2026-07-29,Repeat,Delivered
O0001146,2025-09-30,Repeat,Delivered
O0001147,2025-11-24,New,Delivered
O0001148,2026-05-09,Repeat,Delivered
O0001149,2025-10-03,New,Delivered
O0001150,2025-11-01,New,Delivered
O0001151,2026-03-14,Repeat,Delivered
O0001152,2025-12-11,Repeat,Delivered
O0001153,2025-12-19,New,Delivered
O0001154,2025-10-04,New,Delivered
O0001155,2025-11-24,New,Delivered
O0001156,2026-01-25,Repeat,Delivered
O0001157,2026-07-22,Repeat,Delivered
O0001158,2026-05-06,Repeat,Delivered
O0001159,2025-08-11,New,Delivered
O0001160,2025-10-07,New,Delivered
O0001161,2025-12-13,New,Delivered
O0001162,2025-11-03,Repeat,Delivered
O0001163,2025-11-13,Repeat,Delivered
O0001164,2025-11-11,Repeat,Delivered
O0001165,2026-08-11,Repeat,Delivered
O0001166,2025-11-28,New,Delivered
O0001167,2025-11-29,Repeat,Delivered
O0001168,2025-12-01,New,Delivered
O0001169,2025-08-21,New,Delivered
O0001170,2025-11-29,Repeat,Delivered
O0001171,2026-05-11,New,Delivered
O0001172,2026-01-25,Repeat,Delivered
O0001173,2026-03-20,Repeat,Delivered
O0001174,2026-08-15,Repeat,Delivered
O0001175,2025-12-09,Repeat,Delivered
O0001176,2026-07-03,New,Delivered
O0001177,2025-09-03,New,Cancelled
O0001178,2026-07-14,New,Delivered
O0001179,2026-05-22,New,Delivered
O0001180,2026-06-22,New,Delivered
O0001181,2026-06-20,New,Cancelled
O0001182,2025-09-11,New,Delivered
O0001183,2026-02-13,New,Cancelled
O0001184,2026-02-05,New,Delivered
O0001185,2026-03-08,New,Delivered
O0001186,2025-10-02,New,Delivered
O0001187,2025-08-31,New,Delivered
O0001188,2026-05-06,New,Delivered
O0001189,2026-03-11,New,Delivered
O0001190,2025-09-28,New,Delivered
O0001191,2025-10-26,New,Delivered
O0001192,2026-07-14,New,Delivered
O0001193,2026-02-24,New,Delivered
O0001194,2026-04-03,New,Delivered
O0001195,2026-04-22,Repeat,Delivered
O0001196,2026-02-05,New,Delivered
O0001197,2026-03-30,New,Cancelled
O0001198,2026-03-31,New,Delivered
O0001199,2026-07-15,Repeat,Delivered
O0001200,2026-02-01,New,Delivered
O0001201,2025-10-13,New,Delivered
O0001202,2026-02-11,New,Delivered
O0001203,2026-04-06,New,Delivered
O0001204,2026-04-11,New,Delivered
O0001205,2026-06-15,New,Delivered
O0001206,2025-10-16,New,Delivered
O0001207,2025-10-21,Repeat,Cancelled
O0001208,2026-08-14,Repeat,Delivered
O0001209,2026-03-30,Repeat,Delivered
O0001210,2026-03-25,Repeat,Delivered
O0001211,2025-12-13,New,Delivered
O0001212,2025-09-02,Repeat,Delivered
O0001213,2026-03-21,New,Delivered
O0001214,2026-07-30,New,Delivered
O0001215,2026-07-25,Repeat,Delivered
O0001216,2026-03-20,New,Delivered
O0001217,2025-08-12,Repeat,Delivered
O0001218,2025-09-16,New,Cancelled
O0001219,2025-11-15,New,Delivered
O0001220,2026-05-17,Repeat,Delivered
O0001221,2026-05-31,Repeat,Delivered
O0001222,2026-03-22,New,Delivered
O0001223,2026-06-16,New,Delivered
O0001224,2026-01-03,New,Delivered
O0001225,2026-08-15,New,Delivered
O0001226,2025-12-17,Repeat,Delivered
O0001227,2026-06-06,New,Cancelled
O0001228,2026-07-13,New,Delivered
O0001229,2025-10-20,New,Returned
O0001230,2025-10-30,New,Delivered
O0001231,2025-11-04,New,Delivered
O0001232,2025-10-05,Repeat,Delivered
O0001233,2025-09-29,New,Delivered
O0001234,2025-12-22,New,Delivered
O0001235,2025-12-13,New,Delivered
O0001236,2026-01-08,New,Delivered
O0001237,2026-05-21,New,Delivered
O0001238,2025-08-12,New,Delivered
O0001239,2026-07-06,New,Delivered
O0001240,2026-06-22,New,Returned
O0001241,2026-08-13,New,Delivered
O0001242,2026-08-09,Repeat,Returned
O0001243,2025-10-17,New,Cancelled
O0001244,2026-06-23,New,Delivered
O0001245,2025-10-17,New,Delivered
O0001246,2026-07-24,Repeat,Delivered
O0001247,2026-03-13,Repeat,Delivered
O0001248,2026-03-02,Repeat,Delivered
O0001249,2025-12-01,Repeat,Delivered
O0001250,2025-10-24,New,Delivered
O0001251,2026-05-26,Repeat,Delivered
O0001252,2025-09-07,New,Delivered
O0001253,2025-08-22,New,Delivered
O0001254,2025-11-01,New,Delivered
O0001255,2025-08-29,New,Cancelled
O0001256,2025-11-13,Repeat,Delivered
O0001257,2025-10-14,New,Delivered
O0001258,2026-05-08,New,Delivered
O0001259,2025-12-06,Repeat,Delivered
O0001260,2025-10-13,Repeat,Delivered
O0001261,2026-06-10,Repeat,Delivered
O0001262,2026-07-26,Repeat,Delivered
O0001263,2026-06-28,New,Delivered
O0001264,2026-01-10,New,Delivered
O0001265,2026-03-25,New,Delivered
O0001266,2026-02-07,Repeat,Delivered
O0001267,2025-08-16,New,Delivered
O0001268,2025-12-05,New,Delivered
O0001269,2025-11-17,New,Delivered
O0001270,2026-08-17,New,Delivered
O0001271,2026-07-20,New,Delivered
O0001272,2026-03-03,Repeat,Delivered
O0001273,2025-11-09,Repeat,Delivered
O0001274,2025-08-22,Repeat,Delivered
O0001275,2026-03-25,New,Delivered
O0001276,2026-01-13,New,Delivered
O0001277,2026-06-21,New,Delivered
O0001278,2026-04-20,New,Delivered
O0001279,2025-08-09,New,Delivered
O0001280,2026-05-04,Repeat,Cancelled
O0001281,2026-04-06,New,Delivered
O0001282,2025-10-25,New,Delivered
O0001283,2025-08-21,New,Cancelled
O0001284,2026-01-20,New,Delivered
O0001285,2025-12-15,New,Delivered
O0001286,2026-07-05,New,Delivered
O0001287,2026-01-11,New,Delivered
O0001288,2026-05-13,New,Delivered
O0001289,2025-12-11,New,Delivered
O0001290,2026-04-26,Repeat,Delivered
O0001291,2025-12-10,New,Delivered
O0001292,2026-04-21,New,Delivered
O0001293,2025-12-24,New,Delivered
O0001294,2026-01-24,Repeat,Delivered
O0001295,2026-08-12,New,Delivered
O0001296,2026-06-13,New,Cancelled
O0001297,2026-03-11,Repeat,Delivered
O0001298,2026-05-24,Repeat,Delivered
O0001299,2026-06-27,Repeat,Delivered
O0001300,2026-02-28,New,Delivered
O0001301,2026-03-14,Repeat,Delivered
O0001302,2026-08-16,Repeat,Delivered
O0001303,2025-11-14,Repeat,Delivered
O0001304,2025-11-24,Repeat,Cancelled
O0001305,2026-06-01,Repeat,Delivered
O0001306,2026-06-15,Repeat,Delivered
O0001307,2026-05-09,New,Delivered
O0001308,2026-03-25,New,Delivered
O0001309,2026-04-28,Repeat,Delivered
O0001310,2025-11-16,New,Delivered
O0001311,2026-06-05,New,Delivered
O0001312,2026-06-28,New,Delivered
O0001313,2025-11-24,New,Delivered
O0001314,2026-04-17,Repeat,Delivered
O0001315,2026-07-15,New,Delivered
O0001316,2025-10-21,Repeat,Delivered
O0001317,2026-01-06,Repeat,Delivered
O0001318,2026-03-13,New,Delivered
O0001319,2025-09-04,New,Delivered
O0001320,2025-08-14,Repeat,Delivered
O0001321,2026-05-20,Repeat,Delivered
O0001322,2026-02-22,New,Cancelled
O0001323,2026-01-22,Repeat,Delivered
O0001324,2025-12-21,New,Delivered
O0001325,2025-10-07,New,Delivered
O0001326,2025-12-26,Repeat,Returned
O0001327,2026-08-07,New,Delivered
O0001328,2026-02-18,Repeat,Delivered
O0001329,2026-07-02,New,Delivered
O0001330,2025-08-12,Repeat,Delivered
O0001331,2026-01-08,New,Delivered
O0001332,2026-07-19,New,Delivered
O0001333,2026-01-08,New,Cancelled
O0001334,2026-05-01,New,Delivered
O0001335,2025-11-17,Repeat,Delivered
O0001336,2026-03-04,New,Delivered
O0001337,2026-07-10,New,Delivered
O0001338,2025-08-07,Repeat,Delivered
O0001339,2025-09-25,New,Delivered
O0001340,2025-10-10,New,Delivered
O0001341,2025-12-07,Repeat,Delivered
O0001342,2026-05-31,New,Delivered
O0001343,2025-10-06,New,Delivered
O0001344,2026-04-19,New,Delivered
O0001345,2026-06-20,New,Delivered
O0001346,2025-12-25,Repeat,Delivered
O0001347,2026-06-18,New,Delivered
O0001348,2025-08-18,New,Cancelled
O0001349,2026-03-22,New,Delivered
O0001350,2026-02-06,New,Delivered
O0001351,2025-09-09,New,Delivered
O0001352,2025-09-26,Repeat,Delivered
O0001353,2026-01-11,New,Delivered
O0001354,2026-06-23,New,Cancelled
O0001355,2026-03-22,Repeat,Delivered
O0001356,2026-01-03,New,Delivered
O0001357,2026-06-12,New,Delivered
O0001358,2025-10-19,Repeat,Delivered
O0001359,2026-04-23,New,Delivered
O0001360,2025-11-04,Repeat,Delivered
O0001361,2025-10-18,Repeat,Delivered
O0001362,2026-03-16,New,Cancelled
O0001363,2026-02-20,New,Delivered
O0001364,2025-08-31,Repeat,Delivered
O0001365,2026-08-06,Repeat,Delivered
O0001366,2025-12-11,New,Delivered
O0001367,2025-12-04,Repeat,Delivered
O0001368,2026-08-02,New,Delivered
O0001369,2026-08-03,New,Delivered
O0001370,2026-07-06,Repeat,Delivered
O0001371,2026-05-16,New,Delivered
O0001372,2025-12-18,Repeat,Delivered
O0001373,2026-04-01,New,Delivered
O0001374,2025-12-22,Repeat,Delivered
O0001375,2026-08-01,New,Delivered
O0001376,2025-11-29,New,Returned
O0001377,2026-03-26,New,Delivered
O0001378,2025-11-29,New,Delivered
O0001379,2026-08-08,Repeat,Delivered
O0001380,2025-11-02,New,Delivered
O0001381,2026-07-02,Repeat,Delivered
O0001382,2026-06-02,New,Delivered
O0001383,2026-07-08,Repeat,Delivered
O0001384,2026-06-25,New,Delivered
O0001385,2026-06-01,New,Delivered
O0001386,2026-02-22,New,Delivered
O0001387,2026-01-29,Repeat,Delivered
O0001388,2026-02-22,New,Cancelled
O0001389,2026-03-01,New,Delivered
O0001390,2026-08-16,New,Delivered
O0001391,2025-10-16,New,Delivered
O0001392,2025-08-11,Repeat,Delivered
O0001393,2026-01-21,New,Delivered
O0001394,2025-10-07,New,Delivered
O0001395,2026-07-31,Repeat,Delivered
O0001396,2026-01-22,Repeat,Delivered
O0001397,2026-02-18,New,Delivered
O0001398,2026-02-14,Repeat,Delivered
O0001399,2026-05-23,New,Delivered
O0001400,2025-10-10,Repeat,Cancelled
O0001401,2025-08-06,Repeat,Delivered
O0001402,2026-03-22,New,Returned
O0001403,2026-01-12,Repeat,Delivered
O0001404,2026-07-04,New,Delivered
O0001405,2026-06-25,Repeat,Delivered
O0001406,2025-12-23,Repeat,Delivered
O0001407,2026-07-05,New,Delivered
O0001408,2026-01-09,New,Delivered
O0001409,2026-05-09,New,Delivered
O0001410,2025-11-02,Repeat,Delivered
O0001411,2026-02-10,Repeat,Delivered
O0001412,2026-05-29,New,Delivered
O0001413,2026-05-06,New,Delivered
O0001414,2026-01-20,New,Delivered
O0001415,2026-01-02,Repeat,Delivered
O0001416,2026-05-27,Repeat,Returned
O0001417,2026-07-11,New,Delivered
O0001418,2026-02-03,New,Cancelled
O0001419,2026-05-16,New,Delivered
O0001420,2026-04-03,New,Delivered
O0001421,2025-11-28,New,Delivered
O0001422,2026-02-03,New,Delivered
O0001423,2026-03-26,Repeat,Delivered
O0001424,2025-08-13,New,Delivered
O0001425,2025-09-30,New,Delivered
O0001426,2026-06-03,Repeat,Delivered
O0001427,2025-08-20,Repeat,Delivered
O0001428,2026-03-20,New,Delivered
O0001429,2025-11-15,New,Delivered
O0001430,2026-08-07,Repeat,Delivered
O0001431,2025-12-23,New,Delivered
O0001432,2026-01-06,New,Delivered
O0001433,2026-06-26,Repeat,Delivered
O0001434,2026-06-15,New,Delivered
O0001435,2026-08-17,Repeat,Returned
O0001436,2025-10-06,New,Delivered
O0001437,2026-05-10,New,Delivered
O0001438,2025-11-21,New,Delivered
O0001439,2026-05-28,New,Delivered
O0001440,2026-05-19,New,Delivered
O0001441,2025-09-27,New,Delivered
O0001442,2026-08-10,New,Delivered
O0001443,2026-07-13,Repeat,Delivered
O0001444,2026-03-03,Repeat,Delivered
O0001445,2026-06-06,Repeat,Delivered
O0001446,2026-02-17,Repeat,Delivered
O0001447,2026-01-31,New,Delivered
O0001448,2026-06-24,New,Delivered
O0001449,2026-07-09,New,Delivered
O0001450,2026-02-10,New,Delivered
O0001451,2026-08-08,Repeat,Delivered
O0001452,2026-01-01,Repeat,Delivered
O0001453,2025-10-06,Repeat,Delivered
O0001454,2026-05-09,New,Delivered
O0001455,2026-01-06,Repeat,Delivered
O0001456,2026-01-21,New,Delivered
O0001457,2025-10-09,New,Delivered
O0001458,2026-01-28,New,Delivered
O0001459,2026-01-09,New,Delivered
O0001460,2026-08-10,Repeat,Delivered
O0001461,2025-10-29,New,Delivered
O0001462,2026-05-24,New,Delivered
O0001463,2026-03-27,New,Delivered
O0001464,2025-08-08,New,Delivered
O0001465,2026-05-06,Repeat,Delivered
O0001466,2026-06-08,Repeat,Delivered
O0001467,2026-03-11,Repeat,Delivered
O0001468,2026-06-16,New,Delivered
O0001469,2025-08-12,New,Delivered
O0001470,2026-02-20,Repeat,Delivered
O0001471,2026-08-17,Repeat,Delivered
O0001472,2025-08-26,New,Delivered
O0001473,2026-05-17,Repeat,Delivered
O0001474,2026-04-22,New,Delivered
O0001475,2026-07-01,Repeat,Delivered
O0001476,2026-06-01,New,Cancelled
O0001477,2025-09-27,Repeat,Delivered
O0001478,2026-03-27,New,Delivered
O0001479,2025-08-20,New,Delivered
O0001480,2026-04-26,New,Delivered
O0001481,2026-07-07,New,Cancelled
O0001482,2025-10-20,New,Delivered
O0001483,2025-08-21,Repeat,Delivered
O0001484,2026-06-14,New,Delivered
O0001485,2025-08-04,Repeat,Delivered
O0001486,2026-02-24,New,Delivered
O0001487,2026-01-02,New,Delivered
O0001488,2025-08-07,New,Delivered
O0001489,2026-05-17,New,Delivered
O0001490,2026-03-12,Repeat,Delivered
O0001491,2026-01-16,Repeat,Delivered
O0001492,2026-03-18,Repeat,Delivered
O0001493,2025-08-05,New,Delivered
O0001494,2026-01-16,New,Delivered
O0001495,2026-05-27,Repeat,Delivered
O0001496,2025-08-22,New,Delivered
O0001497,2025-12-24,Repeat,Delivered
O0001498,2025-08-14,New,Delivered
O0001499,2026-06-19,New,Delivered
O0001500,2025-09-28,Repeat,Delivered
O0001501,2025-12-28,Repeat,Delivered
O0001502,2026-07-21,New,Delivered
O0001503,2026-05-06,New,Delivered
O0001504,2026-08-06,Repeat,Cancelled
O0001505,2026-06-04,New,Delivered
O0001506,2026-05-15,New,Delivered
O0001507,2026-08-12,New,Delivered
O0001508,2026-07-12,New,Delivered
O0001509,2025-09-21,Repeat,Delivered
O0001510,2026-06-28,Repeat,Delivered
O0001511,2025-09-12,New,Delivered
O0001512,2025-11-12,New,Delivered
O0001513,2026-03-01,New,Delivered
O0001514,2026-07-20,New,Delivered
O0001515,2025-08-06,New,Delivered
O0001516,2026-04-30,Repeat,Delivered
O0001517,2025-12-31,New,Delivered
O0001518,2025-10-03,Repeat,Delivered
O0001519,2026-06-17,Repeat,Delivered
O0001520,2025-11-03,Repeat,Delivered
O0001521,2025-12-22,New,Delivered
O0001522,2025-08-29,New,Delivered
O0001523,2025-12-25,New,Delivered
O0001524,2026-02-13,Repeat,Delivered
O0001525,2025-12-05,Repeat,Delivered
O0001526,2026-05-06,Repeat,Delivered
O0001527,2026-01-26,New,Delivered
O0001528,2025-10-17,New,Delivered
O0001529,2025-11-17,Repeat,Delivered
O0001530,2025-08-10,Repeat,Delivered
O0001531,2026-01-10,Repeat,Delivered
O0001532,2025-08-05,New,Delivered
O0001533,2025-12-28,New,Delivered
O0001534,2026-06-17,New,Delivered
O0001535,2026-08-05,Repeat,Delivered
O0001536,2026-02-03,Repeat,Cancelled
O0001537,2026-05-27,New,Delivered
O0001538,2025-08-19,Repeat,Delivered
O0001539,2026-08-11,New,Delivered
O0001540,2026-03-28,New,Delivered
O0001541,2025-08-16,New,Delivered
O0001542,2026-07-04,New,Delivered
O0001543,2025-09-21,New,Delivered
O0001544,2026-01-13,New,Delivered
O0001545,2026-07-27,Repeat,Delivered
O0001546,2026-04-18,New,Delivered
O0001547,2026-05-12,Repeat,Delivered
O0001548,2025-10-14,New,Delivered
O0001549,2025-10-08,Repeat,Delivered
O0001550,2026-03-06,Repeat,Delivered
O0001551,2025-10-12,New,Delivered
O0001552,2026-02-10,New,Delivered
O0001553,2026-07-16,New,Delivered
O0001554,2026-06-15,New,Delivered
O0001555,2025-08-28,New,Delivered
O0001556,2025-12-14,New,Delivered
O0001557,2026-05-09,Repeat,Delivered
O0001558,2026-04-05,New,Returned
O0001559,2025-12-15,New,Delivered
O0001560,2025-09-16,New,Delivered
O0001561,2025-11-16,New,Delivered
O0001562,2026-04-21,Repeat,Delivered
O0001563,2026-02-23,New,Delivered
O0001564,2025-12-29,Repeat,Delivered
O0001565,2026-05-26,New,Delivered
O0001566,2026-01-04,New,Delivered
O0001567,2026-04-20,New,Delivered
O0001568,2026-05-26,New,Delivered
O0001569,2025-09-13,Repeat,Delivered
O0001570,2026-07-20,Repeat,Cancelled
O0001571,2026-04-01,New,Delivered
O0001572,2026-06-05,Repeat,Delivered
O0001573,2026-02-02,New,Delivered
O0001574,2025-08-12,New,Delivered
O0001575,2025-09-19,New,Delivered
O0001576,2026-07-06,Repeat,Delivered
O0001577,2025-10-20,New,Delivered
O0001578,2025-09-26,New,Delivered
O0001579,2025-08-02,New,Delivered
O0001580,2026-08-16,Repeat,Delivered
O0001581,2026-07-03,Repeat,Delivered
O0001582,2025-11-02,New,Delivered
O0001583,2025-11-29,Repeat,Delivered
O0001584,2026-07-25,Repeat,Delivered
O0001585,2026-02-06,Repeat,Delivered
O0001586,2025-09-19,Repeat,Delivered
O0001587,2025-09-06,Repeat,Delivered
O0001588,2026-03-07,New,Delivered
O0001589,2025-08-23,New,Delivered
O0001590,2025-12-30,New,Delivered
O0001591,2025-08-11,Repeat,Delivered
O0001592,2026-01-21,Repeat,Delivered
O0001593,2026-08-13,New,Delivered
O0001594,2026-03-04,New,Cancelled
O0001595,2026-08-06,Repeat,Delivered
O0001596,2026-01-12,New,Delivered
O0001597,2026-02-14,New,Delivered
O0001598,2025-10-04,New,Returned
O0001599,2026-07-10,New,Delivered
O0001600,2026-04-25,Repeat,Delivered
O0001601,2026-04-18,Repeat,Delivered
O0001602,2026-04-30,Repeat,Delivered
O0001603,2026-01-12,New,Cancelled
O0001604,2026-03-10,Repeat,Delivered
O0001605,2026-04-18,New,Delivered
O0001606,2026-04-19,New,Delivered
O0001607,2025-11-29,New,Delivered
O0001608,2026-03-27,Repeat,Delivered
O0001609,2025-09-14,Repeat,Delivered
O0001610,2026-04-25,New,Delivered
O0001611,2026-06-03,Repeat,Delivered
O0001612,2025-12-14,New,Delivered
O0001613,2025-09-07,Repeat,Delivered
O0001614,2025-08-02,Repeat,Delivered
O0001615,2026-03-02,Repeat,Cancelled
O0001616,2026-01-08,Repeat,Delivered
O0001617,2025-12-01,New,Delivered
O0001618,2026-04-11,Repeat,Delivered
O0001619,2026-04-28,New,Delivered
O0001620,2025-08-17,New,Delivered
O0001621,2026-03-01,New,Cancelled
O0001622,2026-05-21,New,Delivered
O0001623,2026-03-16,New,Delivered
O0001624,2026-05-06,Repeat,Returned
O0001625,2026-03-19,New,Delivered
O0001626,2026-07-07,New,Delivered
O0001627,2026-07-03,Repeat,Returned
O0001628,2025-11-02,Repeat,Delivered
O0001629,2025-11-03,New,Returned
O0001630,2026-06-19,Repeat,Delivered
O0001631,2026-06-30,New,Delivered
O0001632,2026-06-15,New,Delivered
O0001633,2025-10-01,New,Delivered
O0001634,2026-06-07,Repeat,Delivered
O0001635,2026-01-18,New,Returned
O0001636,2026-06-27,New,Delivered
O0001637,2025-08-05,Repeat,Delivered
O0001638,2026-05-27,Repeat,Delivered
O0001639,2025-08-10,New,Delivered
O0001640,2026-01-17,New,Delivered
O0001641,2025-12-10,Repeat,Delivered
O0001642,2025-09-27,Repeat,Returned
O0001643,2026-02-05,New,Cancelled
O0001644,2025-12-30,New,Delivered
O0001645,2026-07-04,Repeat,Delivered
O0001646,2026-07-19,Repeat,Delivered
O0001647,2025-12-06,Repeat,Delivered
O0001648,2025-10-06,Repeat,Cancelled
O0001649,2026-04-12,New,Delivered
O0001650,2026-02-16,Repeat,Delivered
O0001651,2025-12-16,New,Delivered
O0001652,2025-12-18,New,Delivered
O0001653,2025-11-25,Repeat,Delivered
O0001654,2026-04-02,Repeat,Delivered
O0001655,2026-03-14,Repeat,Delivered
O0001656,2026-03-03,New,Delivered
O0001657,2026-05-10,Repeat,Returned
O0001658,2025-10-29,Repeat,Delivered
O0001659,2026-03-03,New,Delivered
O0001660,2025-12-23,Repeat,Delivered
O0001661,2025-12-23,New,Delivered
O0001662,2025-12-15,New,Delivered
O0001663,2025-09-23,Repeat,Delivered
O0001664,2025-11-23,Repeat,Delivered
O0001665,2026-08-06,Repeat,Delivered
O0001666,2025-10-23,Repeat,Delivered
O0001667,2025-11-28,New,Delivered
O0001668,2025-12-19,New,Delivered
O0001669,2025-10-24,New,Delivered
O0001670,2025-12-31,Repeat,Delivered
O0001671,2025-10-31,New,Delivered
O0001672,2026-04-13,New,Delivered
O0001673,2025-11-12,Repeat,Delivered
O0001674,2026-08-14,New,Delivered
O0001675,2026-06-22,New,Delivered
O0001676,2026-02-20,New,Delivered
O0001677,2026-03-01,New,Delivered
O0001678,2025-08-10,New,Delivered
O0001679,2025-11-27,Repeat,Delivered
O0001680,2025-10-01,New,Delivered
O0001681,2026-04-14,Repeat,Cancelled
O0001682,2025-10-17,New,Delivered
O0001683,2025-12-02,New,Delivered
O0001684,2026-04-14,Repeat,Cancelled
O0001685,2026-01-15,New,Delivered
O0001686,2025-08-28,New,Delivered
O0001687,2025-09-11,New,Delivered
O0001688,2026-03-12,New,Cancelled
O0001689,2025-09-01,Repeat,Delivered
O0001690,2025-11-05,New,Returned
O0001691,2025-08-06,New,Delivered
O0001692,2025-11-11,New,Delivered
O0001693,2025-08-15,New,Delivered
O0001694,2025-09-29,New,Delivered
O0001695,2026-06-18,New,Delivered
O0001696,2026-01-30,New,Delivered
O0001697,2026-04-27,New,Delivered
O0001698,2025-08-29,New,Delivered
O0001699,2025-08-26,New,Delivered
O0001700,2025-09-13,Repeat,Delivered
O0001701,2025-09-29,New,Delivered
O0001702,2026-03-15,New,Delivered
O0001703,2026-06-11,New,Delivered
O0001704,2026-08-07,Repeat,Delivered
O0001705,2025-09-13,Repeat,Delivered
O0001706,2025-11-25,Repeat,Delivered
O0001707,2026-02-08,New,Delivered
O0001708,2025-09-06,New,Cancelled
O0001709,2026-08-09,Repeat,Delivered
O0001710,2025-12-07,New,Delivered
O0001711,2026-02-26,New,Delivered
O0001712,2025-12-31,New,Delivered
O0001713,2026-05-17,New,Delivered
O0001714,2026-05-23,New,Delivered
O0001715,2026-04-13,New,Delivered
O0001716,2026-01-16,Repeat,Delivered
O0001717,2026-05-23,New,Delivered
O0001718,2026-08-03,New,Delivered
O0001719,2026-06-10,Repeat,Delivered
O0001720,2026-03-12,New,Delivered
O0001721,2025-12-24,Repeat,Returned
O0001722,2025-10-31,Repeat,Delivered
O0001723,2025-08-29,New,Delivered
O0001724,2026-05-19,New,Delivered
O0001725,2025-08-30,Repeat,Delivered
O0001726,2026-06-13,New,Delivered
O0001727,2026-07-07,New,Delivered
O0001728,2025-11-22,New,Delivered
O0001729,2025-10-27,Repeat,Delivered
O0001730,2025-09-15,Repeat,Delivered
O0001731,2026-07-23,New,Delivered
O0001732,2026-02-04,New,Delivered
O0001733,2025-09-07,New,Delivered
O0001734,2025-11-01,New,Delivered
O0001735,2025-08-14,New,Delivered
O0001736,2026-06-12,New,Delivered
O0001737,2025-11-23,Repeat,Delivered
O0001738,2026-05-01,New,Delivered
O0001739,2025-09-09,Repeat,Delivered
O0001740,2025-11-08,New,Delivered
O0001741,2026-03-29,New,Delivered
O0001742,2026-07-03,Repeat,Delivered
O0001743,2026-03-14,New,Delivered
O0001744,2025-10-12,New,Delivered
O0001745,2026-04-02,New,Delivered
O0001746,2025-08-19,Repeat,Delivered
O0001747,2026-05-14,New,Delivered
O0001748,2025-12-07,New,Delivered
O0001749,2025-09-15,Repeat,Returned
O0001750,2026-03-10,New,Delivered
O0001751,2026-01-26,New,Delivered
O0001752,2025-09-29,New,Delivered
O0001753,2026-01-08,New,Delivered
O0001754,2025-10-14,New,Delivered
O0001755,2026-02-24,New,Delivered
O0001756,2025-11-08,New,Delivered
O0001757,2025-08-04,Repeat,Delivered
O0001758,2025-10-25,New,Delivered
O0001759,2026-06-10,New,Delivered
O0001760,2026-05-19,Repeat,Delivered
O0001761,2025-08-12,New,Delivered
O0001762,2026-06-13,New,Delivered
O0001763,2025-12-30,Repeat,Delivered
O0001764,2026-06-06,Repeat,Delivered
O0001765,2026-02-14,New,Delivered
O0001766,2026-01-14,Repeat,Delivered
O0001767,2026-02-27,New,Delivered
O0001768,2026-07-20,Repeat,Delivered
O0001769,2025-10-04,Repeat,Delivered
O0001770,2025-10-08,Repeat,Delivered
O0001771,2025-12-05,Repeat,Delivered
O0001772,2025-11-24,Repeat,Delivered
O0001773,2025-11-06,New,Delivered
O0001774,2026-03-30,Repeat,Delivered
O0001775,2026-07-27,New,Delivered
O0001776,2025-12-27,Repeat,Delivered
O0001777,2025-09-28,Repeat,Delivered
O0001778,2026-03-01,New,Delivered
O0001779,2026-07-31,New,Delivered
O0001780,2025-09-06,Repeat,Delivered
O0001781,2025-09-21,New,Delivered
O0001782,2026-05-27,New,Delivered
O0001783,2026-05-02,New,Delivered
O0001784,2026-04-14,New,Cancelled
O0001785,2025-10-14,Repeat,Returned
O0001786,2025-12-20,New,Delivered
O0001787,2025-12-30,Repeat,Delivered
O0001788,2026-04-19,Repeat,Delivered
O0001789,2026-03-28,New,Returned
O0001790,2026-07-25,Repeat,Delivered
O0001791,2026-03-19,New,Delivered
O0001792,2026-01-20,New,Delivered
O0001793,2026-03-16,New,Returned
O0001794,2026-05-07,Repeat,Delivered
O0001795,2025-11-24,New,Delivered
O0001796,2026-02-27,Repeat,Delivered
O0001797,2025-12-01,New,Returned
O0001798,2025-10-25,New,Cancelled
O0001799,2025-12-06,New,Delivered
O0001800,2026-02-23,New,Cancelled
O0001801,2026-03-12,Repeat,Delivered
O0001802,2026-06-16,Repeat,Delivered
O0001803,2025-09-28,Repeat,Delivered
O0001804,2026-01-03,Repeat,Delivered
O0001805,2026-07-13,New,Delivered
O0001806,2025-11-02,New,Delivered
O0001807,2026-02-16,New,Delivered
O0001808,2026-06-20,New,Delivered
O0001809,2025-12-27,New,Returned
O0001810,2026-05-02,New,Delivered
O0001811,2025-11-06,Repeat,Delivered
O0001812,2026-07-01,New,Delivered
O0001813,2025-12-11,New,Cancelled
O0001814,2025-11-17,New,Delivered
O0001815,2025-12-15,New,Delivered
O0001816,2026-03-03,New,Delivered
O0001817,2026-05-12,New,Delivered
O0001818,2025-10-31,Repeat,Cancelled
O0001819,2025-10-20,New,Delivered
O0001820,2026-07-19,Repeat,Delivered
O0001821,2026-03-22,Repeat,Delivered
O0001822,2026-02-13,New,Delivered
O0001823,2025-10-31,Repeat,Delivered
O0001824,2026-05-11,New,Delivered
O0001825,2025-08-25,New,Returned
O0001826,2025-08-01,New,Delivered
O0001827,2026-08-02,Repeat,Delivered
O0001828,2026-05-14,New,Delivered
O0001829,2026-07-27,New,Delivered
O0001830,2026-08-04,New,Delivered
O0001831,2026-01-09,Repeat,Delivered
O0001832,2026-02-26,New,Delivered
O0001833,2026-03-11,New,Delivered
O0001834,2025-09-26,New,Delivered
O0001835,2026-01-26,New,Delivered
O0001836,2026-01-29,Repeat,Delivered
O0001837,2026-01-05,New,Delivered
O0001838,2026-06-19,Repeat,Delivered
O0001839,2026-02-08,Repeat,Delivered
O0001840,2026-06-20,New,Delivered
O0001841,2026-04-16,New,Delivered
O0001842,2026-05-18,Repeat,Delivered
O0001843,2025-12-04,New,Delivered
O0001844,2026-01-16,New,Delivered
O0001845,2025-10-03,Repeat,Delivered
O0001846,2026-08-07,New,Delivered
O0001847,2026-07-11,Repeat,Delivered
O0001848,2026-03-07,Repeat,Delivered
O0001849,2026-04-11,New,Delivered
O0001850,2026-07-21,New,Delivered
O0001851,2026-01-31,Repeat,Delivered
O0001852,2026-01-09,New,Delivered
O0001853,2025-11-13,New,Delivered
O0001854,2026-06-24,Repeat,Delivered
O0001855,2026-04-26,New,Cancelled
O0001856,2025-11-28,Repeat,Delivered
O0001857,2025-09-23,New,Delivered
O0001858,2026-06-25,New,Delivered
O0001859,2026-05-25,New,Delivered
O0001860,2026-08-13,Repeat,Delivered
O0001861,2026-05-21,Repeat,Delivered
O0001862,2026-01-27,New,Delivered
O0001863,2026-01-24,New,Delivered
O0001864,2026-07-19,New,Delivered
O0001865,2026-04-23,New,Delivered
O0001866,2026-07-24,New,Delivered
O0001867,2025-08-04,Repeat,Delivered
O0001868,2026-03-30,Repeat,Delivered
O0001869,2026-07-28,Repeat,Cancelled
O0001870,2026-03-02,New,Delivered
O0001871,2026-07-07,Repeat,Delivered
O0001872,2025-10-23,Repeat,Delivered
O0001873,2026-05-10,New,Delivered
O0001874,2026-01-22,Repeat,Delivered
O0001875,2025-09-20,New,Delivered
O0001876,2026-05-28,New,Returned
O0001877,2026-01-04,New,Delivered
O0001878,2026-01-11,New,Delivered
O0001879,2025-11-26,New,Delivered
O0001880,2026-06-08,Repeat,Returned
O0001881,2025-11-08,Repeat,Cancelled
O0001882,2025-10-03,Repeat,Returned
O0001883,2025-08-17,New,Delivered
O0001884,2026-01-26,New,Delivered
O0001885,2026-04-28,New,Delivered
O0001886,2026-06-16,New,Delivered
O0001887,2026-05-31,Repeat,Delivered
O0001888,2025-10-10,New,Delivered
O0001889,2025-09-01,New,Delivered
O0001890,2026-02-16,Repeat,Delivered
O0001891,2025-09-06,New,Delivered
O0001892,2025-10-01,New,Delivered
O0001893,2026-02-08,Repeat,Delivered
O0001894,2025-11-27,Repeat,Delivered
O0001895,2026-06-17,New,Delivered
O0001896,2025-10-13,New,Delivered
O0001897,2026-03-16,New,Delivered
O0001898,2026-05-26,New,Delivered
O0001899,2026-05-17,New,Delivered
O0001900,2026-06-13,New,Delivered
O0001901,2026-01-25,Repeat,Delivered
O0001902,2026-06-04,New,Delivered
O0001903,2026-05-08,Repeat,Delivered
O0001904,2026-07-09,New,Delivered
O0001905,2026-01-12,Repeat,Delivered
O0001906,2026-01-19,New,Delivered
O0001907,2026-08-10,Repeat,Delivered
O0001908,2026-01-30,Repeat,Delivered
O0001909,2026-03-13,New,Delivered
O0001910,2025-09-23,Repeat,Delivered
O0001911,2026-02-17,New,Delivered
O0001912,2025-09-03,New,Delivered
O0001913,2026-07-12,New,Delivered
O0001914,2026-04-03,New,Delivered
O0001915,2026-01-18,Repeat,Delivered
O0001916,2025-09-18,New,Delivered
O0001917,2026-01-07,New,Delivered
O0001918,2026-05-04,New,Delivered
O0001919,2025-12-23,New,Delivered
O0001920,2026-04-10,Repeat,Delivered
O0001921,2026-07-05,New,Delivered
O0001922,2025-09-21,Repeat,Delivered
O0001923,2026-05-13,Repeat,Delivered
O0001924,2026-07-15,New,Delivered
O0001925,2025-11-14,Repeat,Delivered
O0001926,2025-10-12,New,Delivered
O0001927,2025-10-04,New,Delivered
O0001928,2026-04-10,New,Delivered
O0001929,2025-10-24,Repeat,Delivered
O0001930,2026-01-28,Repeat,Delivered
O0001931,2026-05-31,Repeat,Delivered
O0001932,2025-10-07,Repeat,Delivered
O0001933,2026-08-09,New,Delivered
O0001934,2026-01-18,New,Delivered
O0001935,2026-01-31,Repeat,Delivered
O0001936,2025-12-24,Repeat,Delivered
O0001937,2025-11-06,New,Delivered
O0001938,2026-07-18,Repeat,Delivered
O0001939,2026-02-19,New,Delivered
O0001940,2026-05-04,New,Delivered
O0001941,2026-07-02,New,Delivered
O0001942,2026-05-04,New,Delivered
O0001943,2025-11-09,Repeat,Delivered
O0001944,2026-01-28,Repeat,Returned
O0001945,2025-08-27,New,Delivered
O0001946,2026-02-12,Repeat,Delivered
O0001947,2025-09-26,Repeat,Delivered
O0001948,2025-08-03,Repeat,Delivered
O0001949,2025-11-12,New,Delivered
O0001950,2026-05-28,Repeat,Delivered
O0001951,2026-05-25,New,Delivered
O0001952,2025-12-21,New,Delivered
O0001953,2025-08-13,Repeat,Delivered
O0001954,2026-01-17,New,Cancelled
O0001955,2025-09-24,New,Delivered
O0001956,2025-10-12,New,Returned
O0001957,2026-05-04,New,Cancelled
O0001958,2026-02-16,New,Delivered
O0001959,2025-08-31,New,Delivered
O0001960,2026-02-23,Repeat,Delivered
O0001961,2026-05-30,New,Delivered
O0001962,2026-05-15,New,Cancelled
O0001963,2026-02-06,Repeat,Delivered
O0001964,2026-01-09,New,Delivered
O0001965,2026-08-04,Repeat,Delivered
O0001966,2026-05-18,New,Delivered
O0001967,2026-03-07,New,Delivered
O0001968,2026-06-05,Repeat,Delivered
O0001969,2026-06-14,New,Delivered
O0001970,2025-09-15,Repeat,Delivered
O0001971,2025-12-18,New,Delivered
O0001972,2025-11-05,New,Cancelled
O0001973,2025-08-20,Repeat,Delivered
O0001974,2026-01-03,New,Delivered
O0001975,2026-02-07,Repeat,Delivered
O0001976,2025-08-07,New,Delivered
O0001977,2025-09-10,New,Delivered
O0001978,2026-05-27,Repeat,Delivered
O0001979,2026-01-16,Repeat,Returned
O0001980,2026-01-23,New,Cancelled
O0001981,2026-01-11,Repeat,Delivered
O0001982,2026-05-15,New,Delivered
O0001983,2025-08-20,Repeat,Delivered
O0001984,2025-08-17,New,Delivered
O0001985,2026-04-14,New,Delivered
O0001986,2025-08-22,New,Delivered
O0001987,2025-11-17,Repeat,Delivered
O0001988,2025-08-13,New,Returned
O0001989,2026-06-12,New,Delivered
O0001990,2025-11-10,Repeat,Delivered
O0001991,2026-01-25,New,Delivered
O0001992,2026-06-24,New,Delivered
O0001993,2026-01-15,Repeat,Returned
O0001994,2026-04-28,New,Delivered
O0001995,2025-10-24,New,Delivered
O0001996,2026-06-21,Repeat,Delivered
O0001997,2025-12-02,New,Delivered
O0001998,2026-01-03,New,Delivered
O0001999,2026-06-22,New,Delivered
O0002000,2026-06-12,New,Delivered
O0002001,2026-03-30,New,Delivered
O0002002,2026-07-24,New,Delivered
O0002003,2026-03-27,New,Delivered
O0002004,2026-02-03,Repeat,Delivered
O0002005,2026-01-02,Repeat,Delivered
O0002006,2025-08-08,Repeat,Delivered
O0002007,2026-04-11,Repeat,Delivered
O0002008,2026-01-26,New,Delivered
O0002009,2026-08-04,New,Delivered
O0002010,2025-10-31,Repeat,Delivered
O0002011,2026-04-27,Repeat,Delivered
O0002012,2026-08-12,Repeat,Delivered
O0002013,2026-01-26,New,Delivered
O0002014,2026-02-25,Repeat,Delivered
O0002015,2026-08-05,New,Delivered
O0002016,2026-02-10,Repeat,Delivered
O0002017,2026-07-12,New,Delivered
O0002018,2025-08-14,New,Delivered
O0002019,2026-05-07,New,Delivered
O0002020,2025-10-19,New,Delivered
O0002021,2026-04-27,New,Delivered
O0002022,2026-01-08,New,Cancelled
O0002023,2026-08-13,New,Cancelled
O0002024,2026-08-15,New,Delivered
O0002025,2025-10-09,Repeat,Delivered
O0002026,2026-04-27,New,Delivered
O0002027,2025-08-06,New,Delivered
O0002028,2025-12-15,New,Delivered
O0002029,2026-06-14,New,Delivered
O0002030,2025-10-08,Repeat,Delivered
O0002031,2025-11-15,New,Delivered
O0002032,2025-08-17,New,Delivered
O0002033,2026-01-28,New,Delivered
O0002034,2025-12-02,New,Delivered
O0002035,2025-09-10,New,Delivered
O0002036,2026-06-07,New,Delivered
O0002037,2025-08-23,New,Delivered
O0002038,2025-09-25,Repeat,Delivered
O0002039,2025-09-19,Repeat,Delivered
O0002040,2025-11-08,New,Delivered
O0002041,2025-09-20,Repeat,Delivered
O0002042,2026-03-21,New,Delivered
O0002043,2025-08-26,New,Delivered
O0002044,2026-06-11,New,Delivered
O0002045,2026-07-14,New,Delivered
O0002046,2025-10-09,New,Delivered
O0002047,2026-05-15,Repeat,Delivered
O0002048,2025-11-15,New,Delivered
O0002049,2026-05-03,New,Delivered
O0002050,2026-08-13,Repeat,Delivered
O0002051,2026-07-03,New,Delivered
O0002052,2025-08-03,New,Delivered
O0002053,2026-04-04,New,Delivered
O0002054,2025-10-29,Repeat,Delivered
O0002055,2026-05-20,New,Delivered
O0002056,2026-02-28,New,Delivered
O0002057,2026-01-01,Repeat,Delivered
O0002058,2025-10-21,New,Delivered
O0002059,2025-09-09,New,Delivered
O0002060,2026-04-15,Repeat,Delivered
O0002061,2025-11-30,New,Delivered
O0002062,2026-02-24,Repeat,Delivered
O0002063,2025-12-26,Repeat,Delivered
O0002064,2025-12-20,New,Delivered
O0002065,2025-08-10,Repeat,Delivered
O0002066,2026-05-29,Repeat,Cancelled
O0002067,2026-03-18,Repeat,Delivered
O0002068,2025-11-15,New,Cancelled
O0002069,2026-05-22,New,Delivered
O0002070,2025-09-10,New,Delivered
O0002071,2025-12-19,New,Delivered
O0002072,2025-10-09,New,Delivered
O0002073,2025-10-28,Repeat,Delivered
O0002074,2026-03-26,Repeat,Delivered
O0002075,2025-10-24,New,Delivered
O0002076,2026-07-05,Repeat,Delivered
O0002077,2025-12-07,New,Delivered
O0002078,2025-08-14,Repeat,Cancelled
O0002079,2025-10-18,Repeat,Delivered
O0002080,2026-03-22,New,Delivered
O0002081,2026-04-04,New,Delivered
O0002082,2026-07-31,Repeat,Delivered
O0002083,2026-03-01,New,Delivered
O0002084,2025-09-30,New,Delivered
O0002085,2026-02-27,Repeat,Delivered
O0002086,2026-03-20,Repeat,Delivered
O0002087,2026-04-07,Repeat,Delivered
O0002088,2026-01-10,Repeat,Cancelled
O0002089,2025-10-30,New,Delivered
O0002090,2026-03-08,New,Delivered
O0002091,2026-06-28,Repeat,Delivered
O0002092,2026-08-05,Repeat,Delivered
O0002093,2025-10-06,Repeat,Cancelled
O0002094,2025-12-15,New,Delivered
O0002095,2026-03-18,Repeat,Delivered
O0002096,2025-10-10,New,Delivered
O0002097,2025-09-02,New,Delivered
O0002098,2025-08-13,New,Delivered
O0002099,2026-07-25,Repeat,Delivered
O0002100,2026-07-29,Repeat,Delivered
O0002101,2026-01-28,New,Delivered
O0002102,2026-08-04,New,Delivered
O0002103,2026-01-06,Repeat,Delivered
O0002104,2025-10-15,Repeat,Cancelled
O0002105,2026-01-03,New,Delivered
O0002106,2025-12-10,Repeat,Delivered
O0002107,2026-07-10,Repeat,Delivered
O0002108,2025-10-02,New,Delivered
O0002109,2025-08-11,New,Delivered
O0002110,2026-03-12,Repeat,Delivered
O0002111,2026-02-21,New,Delivered
O0002112,2025-11-30,New,Delivered
O0002113,2025-11-21,Repeat,Delivered
O0002114,2025-09-24,New,Delivered
O0002115,2025-08-14,Repeat,Delivered
O0002116,2025-10-31,Repeat,Delivered
O0002117,2026-06-15,Repeat,Delivered
O0002118,2026-02-14,New,Delivered
O0002119,2025-08-27,New,Delivered
O0002120,2025-11-14,New,Delivered
O0002121,2026-08-03,Repeat,Delivered
O0002122,2025-11-30,Repeat,Cancelled
O0002123,2025-08-02,New,Delivered
O0002124,2026-07-04,New,Delivered
O0002125,2026-06-07,Repeat,Delivered
O0002126,2026-03-23,New,Delivered
O0002127,2026-04-04,New,Delivered
O0002128,2025-12-29,Repeat,Delivered
O0002129,2025-11-06,New,Delivered
O0002130,2026-02-23,New,Delivered
O0002131,2026-03-13,Repeat,Returned
O0002132,2025-08-02,Repeat,Delivered
O0002133,2026-03-06,New,Delivered
O0002134,2026-07-18,Repeat,Delivered
O0002135,2026-07-17,Repeat,Delivered
O0002136,2026-07-11,New,Delivered
O0002137,2025-10-15,Repeat,Delivered
O0002138,2026-03-08,New,Delivered
O0002139,2025-09-23,New,Delivered
O0002140,2025-10-10,New,Delivered
O0002141,2026-08-15,Repeat,Delivered
O0002142,2026-08-17,New,Delivered
O0002143,2026-06-16,Repeat,Returned
O0002144,2025-11-10,Repeat,Delivered
O0002145,2026-08-13,New,Delivered
O0002146,2026-06-09,Repeat,Delivered
O0002147,2025-10-10,New,Delivered
O0002148,2025-11-20,New,Cancelled
O0002149,2026-01-08,New,Delivered
O0002150,2026-01-04,New,Delivered
O0002151,2026-06-20,New,Delivered
O0002152,2025-09-01,Repeat,Delivered
O0002153,2025-12-20,New,Delivered
O0002154,2026-05-25,New,Delivered
O0002155,2025-11-11,New,Delivered
O0002156,2025-10-01,New,Delivered
O0002157,2026-01-11,New,Delivered
O0002158,2026-04-10,New,Delivered
O0002159,2026-02-17,New,Delivered
O0002160,2026-03-19,New,Cancelled
O0002161,2026-07-24,New,Delivered
O0002162,2026-01-02,New,Delivered
O0002163,2026-03-01,New,Delivered
O0002164,2026-03-25,Repeat,Delivered
O0002165,2026-06-25,Repeat,Delivered
O0002166,2026-06-28,Repeat,Delivered
O0002167,2026-04-21,New,Delivered
O0002168,2026-06-13,New,Delivered
O0002169,2026-07-31,New,Delivered
O0002170,2026-05-26,New,Delivered
O0002171,2026-03-08,New,Delivered
O0002172,2025-09-20,New,Cancelled
O0002173,2026-01-25,New,Delivered
O0002174,2026-04-06,New,Cancelled
O0002175,2025-11-21,New,Delivered
O0002176,2025-10-23,New,Delivered
O0002177,2026-02-10,New,Delivered
O0002178,2025-09-22,New,Delivered
O0002179,2025-12-31,New,Cancelled
O0002180,2026-03-14,New,Returned
O0002181,2026-08-11,New,Delivered
O0002182,2025-08-14,New,Delivered
O0002183,2025-12-04,New,Delivered
O0002184,2026-07-24,New,Delivered
O0002185,2026-04-20,Repeat,Delivered
O0002186,2025-12-17,Repeat,Delivered
O0002187,2025-09-20,Repeat,Delivered
O0002188,2026-08-13,New,Delivered
O0002189,2025-11-20,New,Delivered
O0002190,2026-01-17,New,Delivered
O0002191,2025-08-14,Repeat,Delivered
O0002192,2025-08-26,Repeat,Delivered
O0002193,2026-07-23,Repeat,Delivered
O0002194,2026-05-21,New,Delivered
O0002195,2026-07-20,New,Delivered
O0002196,2026-06-30,New,Delivered
O0002197,2026-02-06,Repeat,Delivered
O0002198,2025-09-14,New,Delivered
O0002199,2026-07-15,New,Delivered
O0002200,2026-08-16,New,Delivered
O0002201,2025-11-29,Repeat,Delivered
O0002202,2026-03-18,New,Delivered
O0002203,2026-08-16,Repeat,Delivered
O0002204,2026-08-06,New,Delivered
O0002205,2026-07-31,New,Delivered
O0002206,2025-12-23,New,Delivered
O0002207,2025-12-15,Repeat,Delivered
O0002208,2026-06-21,Repeat,Delivered
O0002209,2026-02-17,New,Delivered
O0002210,2025-09-29,New,Delivered
O0002211,2025-11-23,New,Delivered
O0002212,2026-03-21,New,Delivered
O0002213,2026-02-09,New,Delivered
O0002214,2026-04-18,Repeat,Delivered
O0002215,2025-09-03,New,Delivered
O0002216,2026-06-17,New,Delivered
O0002217,2025-09-16,Repeat,Delivered
O0002218,2025-08-02,Repeat,Delivered
O0002219,2026-02-26,New,Delivered
O0002220,2026-02-17,New,Delivered
O0002221,2026-03-11,Repeat,Delivered
O0002222,2026-01-03,New,Delivered
O0002223,2026-02-08,New,Delivered
O0002224,2026-05-20,Repeat,Delivered
O0002225,2026-01-04,Repeat,Delivered
O0002226,2025-10-25,Repeat,Delivered
O0002227,2026-06-06,New,Delivered
O0002228,2026-01-21,New,Delivered
O0002229,2026-05-30,New,Delivered
O0002230,2026-06-09,New,Delivered
O0002231,2026-02-08,New,Delivered
O0002232,2026-06-06,New,Delivered
O0002233,2025-08-22,New,Returned
O0002234,2026-01-01,Repeat,Returned
O0002235,2026-08-04,Repeat,Returned
O0002236,2026-03-19,New,Delivered
O0002237,2026-07-19,New,Delivered
O0002238,2025-10-20,New,Delivered
O0002239,2025-10-06,New,Delivered
O0002240,2026-04-16,New,Delivered
O0002241,2025-10-12,Repeat,Delivered
O0002242,2026-02-10,New,Delivered
O0002243,2026-01-24,New,Delivered
O0002244,2026-07-01,New,Delivered
O0002245,2026-06-18,New,Delivered
O0002246,2025-11-21,New,Delivered
O0002247,2026-04-06,Repeat,Returned
O0002248,2025-11-12,Repeat,Delivered
O0002249,2026-05-03,Repeat,Delivered
O0002250,2026-04-25,New,Delivered
O0002251,2026-05-18,Repeat,Delivered
O0002252,2026-05-21,New,Delivered
O0002253,2026-02-24,Repeat,Delivered
O0002254,2025-08-17,New,Delivered
O0002255,2026-08-01,Repeat,Delivered
O0002256,2026-02-11,New,Delivered
O0002257,2025-11-05,Repeat,Delivered
O0002258,2026-05-30,New,Delivered
O0002259,2025-10-01,New,Delivered
O0002260,2026-04-01,New,Delivered
O0002261,2026-07-13,New,Delivered
O0002262,2026-01-17,New,Delivered
O0002263,2026-02-13,New,Delivered
O0002264,2026-06-10,New,Delivered
O0002265,2026-02-22,New,Delivered
O0002266,2026-03-27,New,Delivered
O0002267,2025-12-07,New,Delivered
O0002268,2025-11-26,New,Delivered
O0002269,2026-02-08,New,Delivered
O0002270,2025-12-22,New,Delivered
O0002271,2025-08-28,Repeat,Delivered
O0002272,2025-11-24,Repeat,Delivered
O0002273,2026-03-25,Repeat,Delivered
O0002274,2026-04-13,New,Delivered
O0002275,2026-02-15,Repeat,Delivered
O0002276,2026-08-05,New,Delivered
O0002277,2026-08-10,New,Delivered
O0002278,2026-04-01,Repeat,Delivered
O0002279,2026-01-27,Repeat,Delivered
O0002280,2026-03-09,Repeat,Delivered
O0002281,2025-09-14,New,Delivered
O0002282,2026-06-23,New,Delivered
O0002283,2025-08-06,New,Delivered
O0002284,2026-05-11,New,Delivered
O0002285,2025-12-03,Repeat,Delivered
O0002286,2025-11-18,New,Delivered
O0002287,2026-01-04,New,Delivered
O0002288,2026-06-09,New,Delivered
O0002289,2025-10-22,New,Delivered
O0002290,2026-08-01,Repeat,Delivered
O0002291,2025-11-22,New,Delivered
O0002292,2025-10-24,New,Delivered
O0002293,2026-05-31,New,Delivered
O0002294,2026-03-31,New,Delivered
O0002295,2026-06-14,Repeat,Delivered
O0002296,2026-01-18,New,Delivered
O0002297,2026-05-06,New,Delivered
O0002298,2026-02-24,New,Delivered
O0002299,2026-08-17,Repeat,Delivered
O0002300,2026-03-11,New,Delivered
O0002301,2025-10-26,Repeat,Delivered
O0002302,2026-07-18,New,Cancelled
O0002303,2025-11-02,Repeat,Delivered
O0002304,2026-05-20,New,Returned
O0002305,2026-01-29,New,Delivered
O0002306,2026-05-14,New,Delivered
O0002307,2026-07-12,New,Delivered
O0002308,2025-08-21,New,Delivered
O0002309,2026-03-16,New,Delivered
O0002310,2026-02-20,New,Delivered
O0002311,2025-11-28,Repeat,Delivered
O0002312,2026-07-14,New,Delivered
O0002313,2026-06-29,Repeat,Delivered
O0002314,2025-12-21,New,Delivered
O0002315,2025-11-20,Repeat,Delivered
O0002316,2026-07-07,New,Delivered
O0002317,2025-11-14,New,Delivered
O0002318,2026-04-07,New,Delivered
O0002319,2025-10-25,New,Delivered
O0002320,2026-04-25,New,Delivered
O0002321,2026-02-19,Repeat,Delivered
O0002322,2025-12-31,New,Delivered
O0002323,2026-04-26,Repeat,Delivered
O0002324,2025-12-02,New,Cancelled
O0002325,2025-09-11,New,Delivered
O0002326,2026-03-18,Repeat,Delivered
O0002327,2026-07-11,Repeat,Delivered
O0002328,2025-12-07,New,Delivered
O0002329,2025-11-09,New,Delivered
O0002330,2026-06-05,New,Cancelled
O0002331,2025-09-26,New,Delivered
O0002332,2026-05-07,New,Delivered
O0002333,2025-12-25,Repeat,Delivered
O0002334,2025-08-01,New,Delivered
O0002335,2025-10-20,New,Delivered
O0002336,2026-01-25,Repeat,Delivered
O0002337,2026-05-13,New,Delivered
O0002338,2026-03-04,Repeat,Returned
O0002339,2026-02-06,New,Delivered
O0002340,2026-01-26,New,Delivered
O0002341,2025-08-30,New,Delivered
O0002342,2026-05-17,Repeat,Returned
O0002343,2026-03-03,New,Delivered
O0002344,2026-07-20,Repeat,Delivered
O0002345,2026-06-10,New,Delivered
O0002346,2026-02-01,Repeat,Cancelled
O0002347,2025-12-16,New,Delivered
O0002348,2025-11-14,Repeat,Delivered
O0002349,2026-08-05,New,Delivered
O0002350,2026-03-12,New,Cancelled
O0002351,2025-08-26,New,Delivered
O0002352,2025-12-05,New,Delivered
O0002353,2026-04-07,New,Delivered
O0002354,2026-01-08,Repeat,Delivered
O0002355,2025-11-25,New,Delivered
O0002356,2025-12-07,New,Delivered
O0002357,2026-01-23,New,Delivered
O0002358,2026-05-30,New,Delivered
O0002359,2025-08-27,Repeat,Delivered
O0002360,2025-08-22,New,Delivered
O0002361,2025-09-04,New,Delivered
O0002362,2026-06-18,New,Delivered
O0002363,2026-05-30,New,Delivered
O0002364,2025-08-08,New,Delivered
O0002365,2026-03-03,New,Delivered
O0002366,2026-07-17,Repeat,Delivered
O0002367,2026-02-24,Repeat,Delivered
O0002368,2026-06-14,Repeat,Delivered
O0002369,2026-05-27,Repeat,Delivered
O0002370,2025-10-04,New,Delivered
O0002371,2025-08-17,New,Delivered
O0002372,2025-10-08,New,Delivered
O0002373,2025-09-06,New,Delivered
O0002374,2026-05-28,New,Delivered
O0002375,2026-06-28,Repeat,Delivered
O0002376,2026-04-16,New,Delivered
O0002377,2025-10-13,New,Delivered
O0002378,2026-07-14,New,Delivered
O0002379,2026-04-01,New,Delivered
O0002380,2025-10-23,Repeat,Delivered
O0002381,2026-06-05,Repeat,Delivered
O0002382,2026-01-29,New,Delivered
O0002383,2025-10-02,Repeat,Delivered
O0002384,2026-04-19,New,Cancelled
O0002385,2026-06-15,New,Delivered
O0002386,2025-09-30,New,Delivered
O0002387,2026-04-26,New,Cancelled
O0002388,2026-02-14,New,Delivered
O0002389,2025-09-09,New,Delivered
O0002390,2026-03-07,Repeat,Delivered
O0002391,2025-10-19,Repeat,Delivered
O0002392,2026-07-23,New,Delivered
O0002393,2026-03-01,New,Delivered
O0002394,2026-01-01,Repeat,Returned
O0002395,2026-02-12,Repeat,Delivered
O0002396,2026-05-17,New,Delivered
O0002397,2025-08-13,New,Delivered
O0002398,2026-05-10,Repeat,Delivered
O0002399,2025-09-16,New,Delivered
O0002400,2025-08-15,New,Delivered
O0002401,2026-03-19,Repeat,Delivered
O0002402,2025-09-06,New,Delivered
O0002403,2026-08-15,New,Delivered
O0002404,2025-10-16,New,Delivered
O0002405,2025-09-22,New,Delivered
O0002406,2026-06-04,Repeat,Delivered
O0002407,2026-04-23,New,Delivered
O0002408,2026-08-11,Repeat,Delivered
O0002409,2026-06-30,New,Delivered
O0002410,2026-08-04,New,Delivered
O0002411,2026-06-12,Repeat,Delivered
O0002412,2026-05-02,Repeat,Delivered
O0002413,2025-10-04,New,Delivered
O0002414,2026-01-11,New,Delivered
O0002415,2025-11-27,New,Delivered
O0002416,2025-09-26,Repeat,Delivered
O0002417,2026-01-06,Repeat,Delivered
O0002418,2025-12-12,Repeat,Delivered
O0002419,2025-09-11,Repeat,Delivered
O0002420,2025-08-27,New,Delivered
O0002421,2025-12-18,New,Delivered
O0002422,2025-11-04,New,Delivered
O0002423,2026-06-07,New,Delivered
O0002424,2025-10-29,Repeat,Delivered
O0002425,2025-08-10,New,Delivered
O0002426,2025-09-18,New,Delivered
O0002427,2026-02-12,Repeat,Delivered
O0002428,2025-12-13,Repeat,Delivered
O0002429,2026-06-15,New,Delivered
O0002430,2025-09-07,New,Delivered
O0002431,2026-03-15,New,Delivered
O0002432,2026-01-02,New,Returned
O0002433,2026-05-25,New,Delivered
O0002434,2025-08-17,Repeat,Delivered
O0002435,2025-11-22,Repeat,Delivered
O0002436,2025-10-30,Repeat,Delivered
O0002437,2025-12-03,New,Delivered
O0002438,2025-11-28,New,Cancelled
O0002439,2026-05-19,New,Delivered
O0002440,2025-08-17,Repeat,Delivered
O0002441,2025-10-20,New,Delivered
O0002442,2025-11-13,New,Delivered
O0002443,2026-07-31,New,Delivered
O0002444,2026-01-28,Repeat,Returned
O0002445,2026-02-17,New,Delivered
O0002446,2026-04-12,New,Delivered
O0002447,2025-11-02,New,Delivered
O0002448,2026-03-22,New,Cancelled
O0002449,2025-09-22,New,Delivered
O0002450,2026-05-16,Repeat,Delivered
O0002451,2025-10-20,New,Delivered
O0002452,2026-07-30,Repeat,Delivered
O0002453,2025-08-13,New,Delivered
O0002454,2026-05-28,New,Delivered
O0002455,2026-03-19,Repeat,Returned
O0002456,2025-09-24,New,Delivered
O0002457,2026-06-15,New,Delivered
O0002458,2025-12-24,Repeat,Delivered
O0002459,2025-08-09,New,Delivered
O0002460,2025-08-11,Repeat,Delivered
O0002461,2025-09-07,Repeat,Delivered
O0002462,2025-09-21,New,Delivered
O0002463,2026-01-23,New,Delivered
O0002464,2025-08-25,New,Delivered
O0002465,2026-02-04,New,Delivered
O0002466,2025-11-04,New,Delivered
O0002467,2026-04-04,New,Returned
O0002468,2025-09-25,New,Delivered
O0002469,2026-08-03,New,Delivered
O0002470,2025-12-11,New,Delivered
O0002471,2026-01-18,New,Returned
O0002472,2026-04-10,Repeat,Cancelled
O0002473,2025-10-17,New,Delivered
O0002474,2025-11-15,New,Delivered
O0002475,2025-12-16,Repeat,Delivered
O0002476,2026-03-22,Repeat,Delivered
O0002477,2026-07-13,Repeat,Delivered
O0002478,2026-05-06,New,Delivered
O0002479,2025-08-04,Repeat,Delivered
O0002480,2025-12-27,New,Delivered
O0002481,2026-02-22,New,Delivered
O0002482,2026-02-14,New,Delivered
O0002483,2025-12-19,New,Delivered
O0002484,2025-08-20,New,Returned
O0002485,2025-09-15,Repeat,Delivered
O0002486,2026-07-10,Repeat,Delivered
O0002487,2026-03-17,New,Delivered
O0002488,2025-11-01,Repeat,Delivered
O0002489,2026-05-18,New,Delivered
O0002490,2025-11-28,New,Delivered
O0002491,2026-02-03,Repeat,Delivered
O0002492,2025-08-01,Repeat,Cancelled
O0002493,2026-04-30,New,Cancelled
O0002494,2026-06-14,Repeat,Delivered
O0002495,2025-10-15,New,Delivered
O0002496,2026-06-17,Repeat,Delivered
O0002497,2025-10-14,Repeat,Delivered
O0002498,2026-05-07,Repeat,Delivered
O0002499,2025-10-28,Repeat,Delivered
O0002500,2026-01-23,New,Delivered
O0002501,2026-01-02,New,Delivered
O0002502,2025-08-31,Repeat,Delivered
O0002503,2025-09-03,New,Delivered
O0002504,2026-08-05,Repeat,Delivered
O0002505,2025-09-26,New,Cancelled
O0002506,2026-01-21,Repeat,Delivered
O0002507,2026-04-01,Repeat,Delivered
O0002508,2026-03-23,New,Delivered
O0002509,2026-05-14,New,Returned
O0002510,2025-12-07,New,Delivered
O0002511,2026-07-24,Repeat,Cancelled
O0002512,2025-12-19,New,Delivered
O0002513,2026-01-22,New,Delivered
O0002514,2025-08-12,New,Delivered
O0002515,2026-01-01,New,Delivered
O0002516,2026-06-18,New,Returned
O0002517,2026-04-01,Repeat,Cancelled
O0002518,2026-05-19,New,Delivered
O0002519,2026-03-07,New,Delivered
O0002520,2025-11-23,New,Delivered
O0002521,2026-04-26,New,Delivered
O0002522,2026-04-14,New,Delivered
O0002523,2025-12-07,New,Delivered
O0002524,2025-08-22,Repeat,Delivered
O0002525,2025-08-20,New,Delivered
O0002526,2026-07-14,Repeat,Delivered
O0002527,2026-05-13,New,Delivered
O0002528,2026-06-11,New,Delivered
O0002529,2026-08-03,Repeat,Delivered
O0002530,2026-03-26,New,Delivered
O0002531,2025-08-20,New,Delivered
O0002532,2025-08-16,Repeat,Delivered
O0002533,2025-11-12,New,Cancelled
O0002534,2025-10-13,New,Delivered
O0002535,2025-10-06,New,Delivered
O0002536,2025-11-20,New,Delivered
O0002537,2026-01-09,New,Delivered
O0002538,2026-08-01,Repeat,Delivered
O0002539,2025-10-21,New,Delivered
O0002540,2025-08-09,Repeat,Delivered
O0002541,2026-01-10,Repeat,Delivered
O0002542,2026-05-01,Repeat,Delivered
O0002543,2026-02-12,Repeat,Delivered
O0002544,2026-07-12,Repeat,Delivered
O0002545,2025-09-10,New,Delivered
O0002546,2026-08-03,New,Delivered
O0002547,2025-12-17,New,Delivered
O0002548,2025-10-24,Repeat,Delivered
O0002549,2026-07-03,New,Cancelled
O0002550,2026-01-24,Repeat,Delivered
O0002551,2026-03-23,New,Delivered
O0002552,2026-02-16,Repeat,Delivered
O0002553,2026-03-01,Repeat,Delivered
O0002554,2025-09-26,Repeat,Delivered
O0002555,2026-02-19,Repeat,Delivered
O0002556,2025-10-31,Repeat,Delivered
O0002557,2025-11-26,New,Delivered
O0002558,2026-02-03,Repeat,Cancelled
O0002559,2025-12-08,New,Delivered
O0002560,2026-08-02,Repeat,Delivered
O0002561,2026-05-04,New,Delivered
O0002562,2025-10-04,New,Delivered
O0002563,2026-01-30,Repeat,Cancelled
O0002564,2026-03-20,Repeat,Delivered
O0002565,2026-02-10,New,Delivered
O0002566,2025-08-22,New,Delivered
O0002567,2025-09-22,Repeat,Cancelled
O0002568,2026-03-06,New,Delivered
O0002569,2026-05-14,New,Delivered
O0002570,2025-08-22,New,Delivered
O0002571,2025-09-30,New,Delivered
O0002572,2026-02-26,New,Delivered
O0002573,2026-08-16,New,Delivered
O0002574,2025-08-01,New,Delivered
O0002575,2025-09-22,Repeat,Delivered
O0002576,2026-01-02,Repeat,Delivered
O0002577,2026-01-04,Repeat,Delivered
O0002578,2025-09-25,Repeat,Delivered
O0002579,2026-05-06,New,Delivered
O0002580,2025-10-12,New,Delivered
O0002581,2025-12-19,Repeat,Delivered
O0002582,2026-04-25,New,Delivered
O0002583,2026-04-27,New,Cancelled
O0002584,2025-09-02,New,Delivered
O0002585,2025-08-23,New,Delivered
O0002586,2026-07-14,New,Delivered
O0002587,2026-07-21,New,Delivered
O0002588,2026-02-13,Repeat,Delivered
O0002589,2025-11-09,New,Delivered
O0002590,2026-01-22,New,Delivered
O0002591,2026-05-31,New,Delivered
O0002592,2026-07-12,Repeat,Delivered
O0002593,2026-05-31,Repeat,Delivered
O0002594,2026-01-03,New,Delivered
O0002595,2026-04-29,New,Delivered
O0002596,2026-06-16,New,Delivered
O0002597,2026-06-14,New,Delivered
O0002598,2025-09-01,New,Delivered
O0002599,2026-03-12,New,Delivered
O0002600,2026-01-18,New,Cancelled
O0002601,2025-12-07,New,Cancelled
O0002602,2025-08-16,New,Delivered
O0002603,2025-08-23,New,Delivered
O0002604,2026-08-09,Repeat,Returned
O0002605,2026-08-14,Repeat,Returned
O0002606,2026-02-14,New,Delivered
O0002607,2025-09-02,New,Delivered
O0002608,2026-06-05,Repeat,Delivered
O0002609,2025-09-10,Repeat,Delivered
O0002610,2025-10-27,Repeat,Delivered
O0002611,2025-11-14,New,Delivered
O0002612,2026-08-15,New,Delivered
O0002613,2026-04-29,Repeat,Delivered
O0002614,2026-07-10,New,Delivered
O0002615,2026-05-28,Repeat,Delivered
O0002616,2026-02-05,Repeat,Cancelled
O0002617,2025-11-21,Repeat,Delivered
O0002618,2026-02-21,Repeat,Delivered
O0002619,2026-07-05,New,Delivered
O0002620,2025-08-09,New,Delivered
O0002621,2025-11-02,New,Delivered
O0002622,2025-12-30,Repeat,Delivered
O0002623,2026-07-04,New,Cancelled
O0002624,2026-08-01,New,Delivered
O0002625,2026-06-18,Repeat,Delivered
O0002626,2026-03-03,New,Delivered
O0002627,2026-07-20,Repeat,Delivered
O0002628,2025-09-11,New,Delivered
O0002629,2025-09-19,New,Delivered
O0002630,2026-07-15,New,Delivered
O0002631,2026-02-12,New,Delivered
O0002632,2025-10-01,New,Delivered
O0002633,2025-10-18,New,Delivered
O0002634,2026-04-05,New,Delivered
O0002635,2025-09-24,New,Delivered
O0002636,2026-04-20,New,Delivered
O0002637,2026-03-25,Repeat,Delivered
O0002638,2025-11-10,Repeat,Delivered
O0002639,2026-03-09,New,Delivered
O0002640,2026-04-17,New,Delivered
O0002641,2026-02-06,Repeat,Returned
O0002642,2025-12-17,Repeat,Delivered
O0002643,2025-11-21,Repeat,Delivered
O0002644,2025-09-06,New,Delivered
O0002645,2026-02-03,New,Cancelled
O0002646,2026-05-27,Repeat,Delivered
O0002647,2025-12-01,New,Delivered
O0002648,2026-06-29,New,Delivered
O0002649,2026-03-27,New,Delivered
O0002650,2026-04-21,New,Delivered
O0002651,2026-06-18,Repeat,Delivered
O0002652,2026-01-31,New,Delivered
O0002653,2026-01-19,New,Delivered
O0002654,2025-11-25,Repeat,Delivered
O0002655,2025-11-20,New,Cancelled
O0002656,2026-04-15,New,Delivered
O0002657,2026-06-11,New,Returned
O0002658,2026-02-24,Repeat,Delivered
O0002659,2025-12-17,New,Delivered
O0002660,2026-07-26,Repeat,Delivered
O0002661,2025-10-06,New,Delivered
O0002662,2025-11-29,New,Delivered
O0002663,2026-06-03,Repeat,Delivered
O0002664,2025-08-16,Repeat,Delivered
O0002665,2025-12-15,New,Delivered
O0002666,2025-09-25,Repeat,Delivered
O0002667,2026-07-06,New,Delivered
O0002668,2026-01-30,Repeat,Delivered
O0002669,2026-07-06,Repeat,Returned
O0002670,2026-03-07,New,Delivered
O0002671,2026-05-16,New,Delivered
O0002672,2025-12-16,Repeat,Delivered
O0002673,2026-04-20,New,Delivered
O0002674,2025-11-20,New,Delivered
O0002675,2026-08-17,New,Delivered
O0002676,2026-03-21,Repeat,Delivered
O0002677,2026-03-28,Repeat,Delivered
O0002678,2025-12-26,Repeat,Delivered
O0002679,2026-03-17,Repeat,Delivered
O0002680,2025-11-20,New,Returned
O0002681,2026-08-09,Repeat,Delivered
O0002682,2025-09-05,New,Delivered
O0002683,2026-03-16,Repeat,Delivered
O0002684,2026-01-04,New,Delivered
O0002685,2026-03-02,New,Delivered
O0002686,2025-10-18,Repeat,Delivered
O0002687,2026-04-25,Repeat,Delivered
O0002688,2026-01-27,Repeat,Delivered
O0002689,2025-10-28,New,Delivered
O0002690,2025-12-05,New,Delivered
O0002691,2026-01-23,Repeat,Delivered
O0002692,2025-12-07,New,Delivered
O0002693,2025-11-18,Repeat,Delivered
O0002694,2025-10-16,Repeat,Delivered
O0002695,2025-08-13,Repeat,Delivered
O0002696,2026-07-14,New,Delivered
O0002697,2025-08-21,Repeat,Delivered
O0002698,2026-02-28,New,Delivered
O0002699,2026-07-04,New,Delivered
O0002700,2026-05-09,New,Delivered
O0002701,2025-10-22,Repeat,Delivered
O0002702,2025-08-08,New,Delivered
O0002703,2025-09-23,New,Delivered
O0002704,2025-11-03,New,Cancelled
O0002705,2026-04-16,New,Delivered
O0002706,2025-11-24,New,Delivered
O0002707,2026-02-02,Repeat,Delivered
O0002708,2025-10-16,New,Delivered
O0002709,2025-09-30,Repeat,Delivered
O0002710,2026-07-14,New,Delivered
O0002711,2025-09-27,New,Delivered
O0002712,2025-10-31,New,Delivered
O0002713,2025-11-12,New,Delivered
O0002714,2026-01-05,New,Delivered
O0002715,2026-06-04,Repeat,Delivered
O0002716,2026-03-13,New,Delivered
O0002717,2026-06-16,New,Delivered
O0002718,2025-08-09,New,Delivered
O0002719,2026-03-02,Repeat,Delivered
O0002720,2025-08-30,New,Delivered
O0002721,2026-06-03,New,Delivered
O0002722,2026-07-08,Repeat,Delivered
O0002723,2025-12-02,New,Delivered
O0002724,2026-01-30,New,Delivered
O0002725,2026-07-12,Repeat,Delivered
O0002726,2026-02-27,New,Delivered
O0002727,2026-01-16,New,Delivered
O0002728,2026-07-08,Repeat,Delivered
O0002729,2026-07-02,New,Delivered
O0002730,2025-12-21,New,Delivered
O0002731,2026-04-20,Repeat,Delivered
O0002732,2026-03-19,New,Delivered
O0002733,2025-08-30,New,Delivered
O0002734,2026-04-01,Repeat,Returned
O0002735,2026-03-07,New,Delivered
O0002736,2026-05-03,New,Cancelled
O0002737,2026-01-26,New,Delivered
O0002738,2025-08-14,Repeat,Delivered
O0002739,2025-10-08,New,Delivered
O0002740,2026-06-29,Repeat,Delivered
O0002741,2026-01-12,New,Delivered
O0002742,2025-12-04,New,Delivered
O0002743,2026-06-08,New,Cancelled
O0002744,2025-11-21,New,Delivered
O0002745,2026-04-12,Repeat,Delivered
O0002746,2026-04-03,New,Delivered
O0002747,2025-12-18,New,Delivered
O0002748,2025-10-31,New,Delivered
O0002749,2025-08-28,Repeat,Delivered
O0002750,2026-03-16,New,Delivered
O0002751,2025-09-09,Repeat,Delivered
O0002752,2026-06-13,Repeat,Delivered
O0002753,2025-08-13,New,Delivered
O0002754,2025-12-24,New,Delivered
O0002755,2026-01-13,Repeat,Delivered
O0002756,2025-08-01,New,Delivered
O0002757,2025-10-06,Repeat,Delivered
O0002758,2026-07-28,New,Delivered
O0002759,2026-05-05,New,Delivered
O0002760,2026-08-13,New,Delivered
O0002761,2025-11-20,New,Delivered
O0002762,2026-08-16,New,Returned
O0002763,2025-10-28,New,Cancelled
O0002764,2025-08-10,New,Delivered
O0002765,2026-01-11,New,Delivered
O0002766,2026-03-05,New,Delivered
O0002767,2025-11-27,New,Delivered
O0002768,2025-12-04,New,Delivered
O0002769,2026-03-09,New,Delivered
O0002770,2025-10-22,Repeat,Returned
O0002771,2026-02-07,New,Delivered
O0002772,2026-07-07,Repeat,Cancelled
O0002773,2025-11-01,New,Returned
O0002774,2026-06-26,New,Delivered
O0002775,2025-11-19,New,Cancelled
O0002776,2025-08-31,New,Delivered
O0002777,2026-02-19,Repeat,Delivered
O0002778,2026-02-02,New,Delivered
O0002779,2025-10-07,New,Delivered
O0002780,2026-03-10,New,Delivered
O0002781,2026-03-19,Repeat,Delivered
O0002782,2026-02-17,Repeat,Delivered
O0002783,2025-09-28,New,Delivered
O0002784,2026-05-16,Repeat,Delivered
O0002785,2025-08-06,Repeat,Delivered
O0002786,2026-06-07,New,Delivered
O0002787,2026-04-23,New,Delivered
O0002788,2026-04-30,New,Delivered
O0002789,2026-06-30,New,Delivered
O0002790,2025-08-02,New,Delivered
O0002791,2026-07-22,Repeat,Delivered
O0002792,2026-06-16,New,Delivered
O0002793,2025-11-07,Repeat,Delivered
O0002794,2025-11-15,New,Delivered
O0002795,2026-02-11,Repeat,Delivered
O0002796,2026-08-14,New,Delivered
O0002797,2025-09-02,Repeat,Delivered
O0002798,2026-01-18,Repeat,Delivered
O0002799,2026-04-15,New,Delivered
O0002800,2025-12-03,New,Cancelled
O0002801,2025-12-03,Repeat,Delivered
O0002802,2025-10-17,New,Delivered
O0002803,2026-06-19,Repeat,Delivered
O0002804,2026-05-12,New,Delivered
O0002805,2026-06-13,Repeat,Delivered
O0002806,2026-04-12,Repeat,Delivered
O0002807,2026-01-17,New,Delivered
O0002808,2026-05-30,New,Delivered
O0002809,2026-02-24,New,Delivered
O0002810,2025-09-28,New,Delivered
O0002811,2026-04-17,Repeat,Delivered
O0002812,2025-08-25,New,Delivered
O0002813,2025-08-12,New,Delivered
O0002814,2025-12-24,New,Delivered
O0002815,2025-11-15,New,Delivered
O0002816,2026-03-09,Repeat,Delivered
O0002817,2025-09-15,New,Delivered
O0002818,2026-08-17,Repeat,Delivered
O0002819,2026-07-30,New,Delivered
O0002820,2025-11-20,New,Delivered
O0002821,2026-02-04,New,Delivered
O0002822,2025-10-28,New,Delivered
O0002823,2026-01-09,New,Cancelled
O0002824,2026-01-25,New,Delivered
O0002825,2026-07-01,New,Delivered
O0002826,2026-03-25,New,Delivered
O0002827,2025-10-31,New,Delivered
O0002828,2026-03-29,Repeat,Delivered
O0002829,2025-12-30,Repeat,Delivered
O0002830,2026-06-25,New,Delivered
O0002831,2026-04-06,New,Returned
O0002832,2026-02-01,New,Delivered
O0002833,2026-06-09,Repeat,Delivered
O0002834,2025-11-15,Repeat,Delivered
O0002835,2025-10-03,New,Delivered
O0002836,2026-04-01,New,Delivered
O0002837,2026-07-09,Repeat,Cancelled
O0002838,2025-10-17,New,Delivered
O0002839,2026-07-14,New,Delivered
O0002840,2025-11-28,New,Returned
O0002841,2025-12-23,New,Delivered
O0002842,2026-08-12,New,Delivered
O0002843,2025-11-09,New,Delivered
O0002844,2025-11-15,Repeat,Delivered
O0002845,2026-05-22,New,Delivered
O0002846,2025-12-28,Repeat,Delivered
O0002847,2025-11-10,New,Delivered
O0002848,2026-06-05,New,Delivered
O0002849,2026-05-02,New,Delivered
O0002850,2026-05-13,New,Delivered
O0002851,2026-04-12,Repeat,Delivered
O0002852,2025-09-01,New,Delivered
O0002853,2026-01-14,Repeat,Delivered
O0002854,2026-03-22,New,Delivered
O0002855,2026-07-01,Repeat,Delivered
O0002856,2025-12-30,New,Delivered
O0002857,2026-03-01,Repeat,Delivered
O0002858,2026-04-14,New,Delivered
O0002859,2025-12-22,Repeat,Delivered
O0002860,2026-04-26,Repeat,Delivered
O0002861,2026-01-24,New,Delivered
O0002862,2026-08-13,Repeat,Delivered
O0002863,2025-11-24,New,Returned
O0002864,2025-08-28,Repeat,Delivered
O0002865,2025-08-18,Repeat,Delivered
O0002866,2026-01-09,New,Delivered
O0002867,2026-04-12,New,Delivered
O0002868,2026-08-14,Repeat,Delivered
O0002869,2025-12-07,New,Delivered
O0002870,2025-10-09,New,Delivered
O0002871,2025-11-12,New,Delivered
O0002872,2026-06-07,New,Delivered
O0002873,2025-12-25,Repeat,Cancelled
O0002874,2026-02-06,New,Delivered
O0002875,2025-12-01,Repeat,Delivered
O0002876,2026-08-11,New,Delivered
O0002877,2025-12-01,New,Delivered
O0002878,2025-09-28,New,Delivered
O0002879,2025-10-08,Repeat,Delivered
O0002880,2026-07-15,New,Delivered
O0002881,2026-01-06,New,Delivered
O0002882,2025-08-12,Repeat,Delivered
O0002883,2026-07-22,Repeat,Delivered
O0002884,2026-05-12,Repeat,Delivered
O0002885,2026-07-05,Repeat,Delivered
O0002886,2026-02-09,Repeat,Delivered
O0002887,2026-02-05,Repeat,Delivered
O0002888,2025-11-25,New,Delivered
O0002889,2026-05-13,New,Cancelled
O0002890,2025-08-09,New,Delivered
O0002891,2026-01-28,Repeat,Delivered
O0002892,2025-10-21,New,Delivered
O0002893,2026-01-03,Repeat,Delivered
O0002894,2026-03-27,New,Delivered
O0002895,2025-08-07,Repeat,Delivered
O0002896,2025-11-20,New,Delivered
O0002897,2025-08-22,Repeat,Delivered
O0002898,2026-06-20,New,Delivered
O0002899,2026-06-10,Repeat,Delivered
O0002900,2025-08-05,New,Delivered
O0002901,2025-12-07,New,Returned
O0002902,2026-03-21,New,Delivered
O0002903,2025-11-14,New,Delivered
O0002904,2025-12-19,New,Delivered
O0002905,2026-01-02,Repeat,Delivered
O0002906,2026-06-06,New,Delivered
O0002907,2025-11-18,New,Delivered
O0002908,2025-12-08,New,Delivered
O0002909,2026-07-26,New,Delivered
O0002910,2025-08-12,Repeat,Delivered
O0002911,2026-03-12,New,Delivered
O0002912,2026-04-08,Repeat,Delivered
O0002913,2026-01-10,Repeat,Delivered
O0002914,2026-07-27,Repeat,Delivered
O0002915,2025-09-19,New,Delivered
O0002916,2026-02-20,Repeat,Returned
O0002917,2026-04-27,New,Delivered
O0002918,2026-03-30,New,Delivered
O0002919,2025-11-30,New,Delivered
O0002920,2025-09-28,New,Delivered
O0002921,2025-11-05,Repeat,Delivered
O0002922,2025-08-09,New,Delivered
O0002923,2025-09-04,Repeat,Delivered
O0002924,2026-06-28,New,Delivered
O0002925,2026-03-25,Repeat,Delivered
O0002926,2025-10-26,New,Delivered
O0002927,2026-07-18,Repeat,Delivered
O0002928,2026-05-10,Repeat,Delivered
O0002929,2026-08-07,New,Delivered
O0002930,2025-11-27,New,Returned
O0002931,2026-08-11,Repeat,Delivered
O0002932,2026-06-07,New,Delivered
O0002933,2025-08-29,New,Delivered
O0002934,2025-08-10,Repeat,Delivered
O0002935,2025-08-22,New,Delivered
O0002936,2026-08-06,New,Delivered
O0002937,2025-11-30,New,Delivered
O0002938,2026-07-18,Repeat,Delivered
O0002939,2026-07-11,New,Delivered
O0002940,2026-07-09,Repeat,Delivered
O0002941,2026-04-26,Repeat,Delivered
O0002942,2025-11-07,New,Cancelled
O0002943,2026-01-01,New,Delivered
O0002944,2025-12-03,Repeat,Delivered
O0002945,2026-07-05,Repeat,Delivered
O0002946,2025-11-16,New,Delivered
O0002947,2025-08-14,Repeat,Delivered
O0002948,2025-09-07,New,Delivered
O0002949,2025-09-23,New,Delivered
O0002950,2026-01-11,New,Cancelled
O0002951,2026-06-13,New,Returned
O0002952,2026-02-26,New,Delivered
O0002953,2025-11-22,Repeat,Delivered
O0002954,2025-12-10,Repeat,Delivered
O0002955,2026-06-17,Repeat,Delivered
O0002956,2025-08-22,New,Delivered
O0002957,2025-10-14,New,Delivered
O0002958,2026-07-14,New,Delivered
O0002959,2026-08-14,New,Delivered
O0002960,2025-11-08,New,Delivered
O0002961,2026-06-11,New,Cancelled
O0002962,2026-04-03,Repeat,Delivered
O0002963,2026-04-23,New,Delivered
O0002964,2026-06-12,Repeat,Delivered
O0002965,2026-07-16,Repeat,Delivered
O0002966,2026-08-04,New,Delivered
O0002967,2025-11-22,Repeat,Delivered
O0002968,2025-12-02,New,Delivered
O0002969,2025-12-16,New,Delivered
O0002970,2025-12-01,New,Delivered
O0002971,2026-08-16,New,Delivered
O0002972,2025-11-25,New,Delivered
O0002973,2026-03-21,New,Cancelled
O0002974,2025-11-24,Repeat,Delivered
O0002975,2025-08-13,Repeat,Delivered
O0002976,2026-06-26,Repeat,Delivered
O0002977,2025-10-21,Repeat,Delivered
O0002978,2026-02-16,New,Delivered
O0002979,2026-02-22,New,Delivered
O0002980,2026-01-07,New,Delivered
O0002981,2025-12-31,New,Delivered
O0002982,2025-08-01,New,Delivered
O0002983,2025-10-21,Repeat,Delivered
O0002984,2026-07-26,New,Delivered
O0002985,2025-11-16,New,Delivered
O0002986,2025-11-15,New,Delivered
O0002987,2026-07-16,Repeat,Delivered
O0002988,2026-06-05,Repeat,Delivered
O0002989,2026-01-25,New,Delivered
O0002990,2026-05-18,New,Delivered
O0002991,2026-08-13,New,Delivered
O0002992,2026-02-25,New,Delivered
O0002993,2026-03-04,Repeat,Delivered
O0002994,2026-02-14,New,Delivered
O0002995,2025-12-31,Repeat,Delivered
O0002996,2026-07-27,New,Delivered
O0002997,2026-04-11,Repeat,Delivered
O0002998,2026-06-10,New,Delivered
O0002999,2026-05-15,New,Delivered
O0003000,2025-10-26,New,Delivered
O0003001,2026-03-13,Repeat,Returned
O0003002,2025-09-03,Repeat,Delivered
O0003003,2026-06-28,New,Delivered
O0003004,2026-06-21,Repeat,Delivered
O0003005,2026-05-10,New,Delivered
O0003006,2025-09-19,Repeat,Delivered
O0003007,2026-03-21,Repeat,Delivered
O0003008,2026-03-10,New,Delivered
O0003009,2026-03-15,New,Delivered
O0003010,2026-07-29,New,Delivered
O0003011,2026-03-30,Repeat,Delivered
O0003012,2026-06-17,New,Delivered
O0003013,2025-11-03,New,Delivered
O0003014,2025-09-20,New,Delivered
O0003015,2026-01-09,New,Delivered
O0003016,2025-12-20,Repeat,Delivered
O0003017,2025-12-30,Repeat,Delivered
O0003018,2026-07-02,Repeat,Delivered
O0003019,2026-02-04,New,Delivered
O0003020,2025-12-28,Repeat,Delivered
O0003021,2026-03-26,New,Delivered
O0003022,2026-04-08,New,Delivered
O0003023,2026-08-05,New,Cancelled
O0003024,2026-07-16,Repeat,Delivered
O0003025,2025-08-20,Repeat,Delivered
O0003026,2026-01-06,New,Delivered
O0003027,2025-09-20,Repeat,Delivered
O0003028,2026-03-18,Repeat,Delivered
O0003029,2026-06-14,New,Cancelled
O0003030,2026-07-13,New,Returned
O0003031,2026-02-10,New,Delivered
O0003032,2025-11-05,New,Delivered
O0003033,2026-06-10,Repeat,Delivered
O0003034,2025-10-24,Repeat,Delivered
O0003035,2026-02-19,New,Delivered
O0003036,2025-12-25,New,Delivered
O0003037,2026-05-24,New,Delivered
O0003038,2026-02-28,New,Delivered
O0003039,2025-08-14,Repeat,Delivered
O0003040,2025-08-25,New,Returned
O0003041,2026-07-14,New,Cancelled
O0003042,2026-01-08,New,Delivered
O0003043,2026-08-05,Repeat,Delivered
O0003044,2025-08-04,New,Delivered
O0003045,2025-10-12,New,Delivered
O0003046,2026-01-22,New,Delivered
O0003047,2025-08-08,New,Delivered
O0003048,2026-05-23,Repeat,Delivered
O0003049,2025-08-08,New,Delivered
O0003050,2025-08-31,Repeat,Delivered
O0003051,2025-08-22,New,Delivered
O0003052,2025-11-13,New,Delivered
O0003053,2025-09-25,New,Delivered
O0003054,2026-06-06,Repeat,Delivered
O0003055,2025-08-17,Repeat,Delivered
O0003056,2025-12-23,New,Delivered
O0003057,2026-01-16,New,Delivered
O0003058,2026-08-10,New,Delivered
O0003059,2026-04-30,Repeat,Delivered
O0003060,2026-03-10,New,Delivered
O0003061,2025-12-29,New,Delivered
O0003062,2025-12-30,Repeat,Delivered
O0003063,2025-09-23,New,Delivered
O0003064,2025-12-27,Repeat,Delivered
O0003065,2026-06-06,Repeat,Delivered
O0003066,2025-10-06,Repeat,Delivered
O0003067,2026-07-16,Repeat,Delivered
O0003068,2026-07-06,New,Delivered
O0003069,2026-06-13,New,Delivered
O0003070,2026-03-24,New,Delivered
O0003071,2025-10-23,Repeat,Delivered
O0003072,2026-01-29,New,Delivered
O0003073,2026-05-19,New,Delivered
O0003074,2025-08-03,Repeat,Delivered
O0003075,2025-11-09,Repeat,Delivered
O0003076,2026-04-13,New,Delivered
O0003077,2026-06-22,New,Delivered
O0003078,2025-09-14,New,Delivered
O0003079,2025-10-15,New,Delivered
O0003080,2025-08-20,New,Delivered
O0003081,2026-02-19,New,Delivered
O0003082,2025-09-06,New,Delivered
O0003083,2025-09-08,New,Delivered
O0003084,2025-11-28,New,Delivered
O0003085,2026-06-28,Repeat,Delivered
O0003086,2026-01-05,New,Delivered
O0003087,2025-09-18,New,Delivered
O0003088,2025-09-08,New,Delivered
O0003089,2026-06-19,Repeat,Delivered
O0003090,2026-04-01,Repeat,Delivered
O0003091,2025-09-04,New,Delivered
O0003092,2026-06-05,Repeat,Delivered
O0003093,2026-07-06,New,Delivered
O0003094,2026-05-26,New,Delivered
O0003095,2026-02-24,New,Delivered
O0003096,2025-12-06,New,Cancelled
O0003097,2025-12-19,Repeat,Delivered
O0003098,2026-05-08,New,Delivered
O0003099,2026-03-29,Repeat,Delivered
O0003100,2025-11-21,New,Returned
O0003101,2025-11-25,New,Delivered
O0003102,2026-04-03,New,Returned
O0003103,2025-10-03,New,Delivered
O0003104,2025-09-20,Repeat,Delivered
O0003105,2026-04-24,Repeat,Delivered
O0003106,2025-12-14,New,Delivered
O0003107,2026-04-09,New,Delivered
O0003108,2025-11-13,New,Delivered
O0003109,2026-03-29,Repeat,Delivered
O0003110,2026-04-21,New,Delivered
O0003111,2026-05-30,New,Delivered
O0003112,2025-12-21,New,Delivered
O0003113,2026-07-23,New,Delivered
O0003114,2026-02-27,Repeat,Delivered
O0003115,2026-05-15,New,Delivered
O0003116,2026-04-25,Repeat,Delivered
O0003117,2026-07-24,Repeat,Delivered
O0003118,2026-04-09,Repeat,Delivered
O0003119,2026-04-22,Repeat,Delivered
O0003120,2025-09-03,New,Delivered
O0003121,2026-07-05,New,Delivered
O0003122,2025-10-10,New,Delivered
O0003123,2026-05-24,New,Delivered
O0003124,2026-04-13,New,Delivered
O0003125,2025-09-07,New,Delivered
O0003126,2025-08-15,New,Delivered
O0003127,2026-05-15,New,Delivered
O0003128,2025-11-12,New,Delivered
O0003129,2025-11-11,Repeat,Delivered
O0003130,2026-08-12,Repeat,Delivered
O0003131,2025-08-28,Repeat,Delivered
O0003132,2026-05-08,New,Delivered
O0003133,2025-11-14,New,Delivered
O0003134,2026-01-16,New,Cancelled
O0003135,2026-01-04,New,Delivered
O0003136,2026-01-05,New,Delivered
O0003137,2026-02-25,Repeat,Delivered
O0003138,2026-06-19,Repeat,Delivered
O0003139,2026-02-26,New,Delivered
O0003140,2025-12-05,Repeat,Delivered
O0003141,2026-02-27,Repeat,Delivered
O0003142,2026-01-28,Repeat,Delivered
O0003143,2026-06-06,New,Delivered
O0003144,2025-11-17,Repeat,Delivered
O0003145,2026-02-26,New,Delivered
O0003146,2026-04-16,New,Delivered
O0003147,2026-05-17,Repeat,Returned
O0003148,2026-05-07,New,Delivered
O0003149,2025-08-04,Repeat,Delivered
O0003150,2026-03-21,Repeat,Delivered
O0003151,2025-09-19,New,Delivered
O0003152,2025-12-26,New,Delivered
O0003153,2025-11-26,New,Delivered
O0003154,2025-09-16,New,Delivered
O0003155,2025-12-25,New,Delivered
O0003156,2025-08-20,New,Delivered
O0003157,2025-11-26,New,Delivered
O0003158,2026-01-10,Repeat,Cancelled
O0003159,2026-05-03,New,Delivered
O0003160,2026-05-28,Repeat,Returned
O0003161,2026-04-16,New,Delivered
O0003162,2025-10-19,New,Delivered
O0003163,2026-03-27,Repeat,Delivered
O0003164,2026-06-07,New,Delivered
O0003165,2025-09-27,Repeat,Delivered
O0003166,2026-04-22,Repeat,Delivered
O0003167,2025-08-18,Repeat,Delivered
O0003168,2026-07-01,New,Delivered
O0003169,2025-08-11,Repeat,Delivered
O0003170,2025-09-16,Repeat,Delivered
O0003171,2025-12-17,New,Cancelled
O0003172,2026-02-03,Repeat,Delivered
O0003173,2026-03-04,New,Delivered
O0003174,2025-08-01,New,Delivered
O0003175,2025-12-20,New,Delivered
O0003176,2026-04-13,New,Delivered
O0003177,2026-06-30,New,Delivered
O0003178,2026-07-26,New,Delivered
O0003179,2026-05-30,New,Delivered
O0003180,2026-04-08,New,Delivered
O0003181,2026-04-17,Repeat,Delivered
O0003182,2025-11-11,New,Delivered
O0003183,2026-06-13,Repeat,Delivered
O0003184,2026-01-11,New,Delivered
O0003185,2026-01-16,Repeat,Delivered
O0003186,2025-11-21,New,Delivered
O0003187,2026-04-21,New,Delivered
O0003188,2025-09-07,Repeat,Returned
O0003189,2025-08-21,Repeat,Delivered
O0003190,2025-11-08,Repeat,Delivered
O0003191,2025-12-24,New,Delivered
O0003192,2025-11-20,Repeat,Delivered
O0003193,2025-10-18,New,Delivered
O0003194,2026-01-02,New,Delivered
O0003195,2025-08-23,New,Delivered
O0003196,2026-05-25,New,Delivered
O0003197,2026-01-09,New,Delivered
O0003198,2026-05-01,Repeat,Delivered
O0003199,2025-09-20,Repeat,Delivered
O0003200,2025-09-03,New,Delivered
O0003201,2026-08-13,Repeat,Delivered
O0003202,2025-11-23,Repeat,Delivered
O0003203,2025-08-18,New,Delivered
O0003204,2026-04-12,New,Delivered
O0003205,2025-12-16,New,Delivered
O0003206,2025-10-06,New,Delivered
O0003207,2026-01-29,Repeat,Delivered
O0003208,2026-02-14,New,Delivered
O0003209,2025-12-23,New,Delivered
O0003210,2026-04-12,New,Delivered
O0003211,2025-08-03,New,Delivered
O0003212,2025-08-31,New,Delivered
O0003213,2026-07-20,New,Delivered
O0003214,2026-04-20,Repeat,Delivered
O0003215,2025-08-13,New,Delivered
O0003216,2026-06-19,New,Delivered
O0003217,2026-01-20,Repeat,Delivered
O0003218,2025-08-31,New,Delivered
O0003219,2025-09-09,New,Delivered
O0003220,2026-08-03,New,Delivered
O0003221,2026-01-26,New,Delivered
O0003222,2025-11-03,New,Delivered
O0003223,2025-09-10,New,Delivered
O0003224,2026-07-04,New,Cancelled
O0003225,2026-05-18,Repeat,Delivered
O0003226,2026-07-14,New,Delivered
O0003227,2026-02-14,New,Delivered
O0003228,2025-09-14,Repeat,Delivered
O0003229,2026-01-29,Repeat,Delivered
O0003230,2026-05-10,Repeat,Delivered
O0003231,2026-02-02,New,Delivered
O0003232,2025-11-14,New,Delivered
O0003233,2026-07-07,New,Delivered
O0003234,2026-07-03,Repeat,Delivered
O0003235,2026-05-27,New,Delivered
O0003236,2026-08-03,Repeat,Delivered
O0003237,2025-11-09,Repeat,Delivered
O0003238,2026-07-27,Repeat,Delivered
O0003239,2025-09-22,New,Delivered
O0003240,2026-07-26,New,Delivered
O0003241,2026-03-27,New,Cancelled
O0003242,2025-10-06,New,Delivered
O0003243,2025-11-01,New,Delivered
O0003244,2026-04-22,New,Delivered
O0003245,2026-07-05,New,Delivered
O0003246,2026-02-24,Repeat,Returned
O0003247,2025-11-11,Repeat,Delivered
O0003248,2026-07-01,Repeat,Delivered
O0003249,2026-01-09,New,Delivered
O0003250,2025-12-03,New,Delivered
O0003251,2025-08-22,New,Delivered
O0003252,2025-12-09,New,Delivered
O0003253,2026-06-09,Repeat,Delivered
O0003254,2026-05-18,New,Delivered
O0003255,2026-03-16,New,Delivered
O0003256,2025-09-16,New,Delivered
O0003257,2025-10-03,New,Delivered
O0003258,2026-04-14,Repeat,Delivered
O0003259,2026-03-07,Repeat,Delivered
O0003260,2026-03-04,Repeat,Delivered
O0003261,2026-07-01,New,Delivered
O0003262,2026-06-07,Repeat,Delivered
O0003263,2026-07-08,New,Delivered
O0003264,2025-09-16,Repeat,Delivered
O0003265,2026-07-08,Repeat,Delivered
O0003266,2026-06-21,New,Cancelled
O0003267,2026-03-18,Repeat,Delivered
O0003268,2025-11-05,New,Delivered
O0003269,2025-09-21,New,Delivered
O0003270,2025-11-08,New,Delivered
O0003271,2025-12-28,Repeat,Delivered
O0003272,2025-09-15,Repeat,Delivered
O0003273,2026-07-25,Repeat,Delivered
O0003274,2025-11-05,New,Delivered
O0003275,2026-05-16,New,Delivered
O0003276,2026-05-27,Repeat,Delivered
O0003277,2026-05-14,New,Delivered
O0003278,2026-05-02,New,Delivered
O0003279,2026-06-04,New,Delivered
O0003280,2026-02-20,New,Delivered
O0003281,2025-08-19,New,Returned
O0003282,2026-05-26,New,Returned
O0003283,2025-10-07,Repeat,Delivered
O0003284,2026-06-18,Repeat,Delivered
O0003285,2025-11-15,Repeat,Delivered
O0003286,2026-07-12,New,Delivered
O0003287,2026-08-14,New,Delivered
O0003288,2026-03-29,New,Delivered
O0003289,2025-11-07,New,Cancelled
O0003290,2025-12-25,New,Delivered
O0003291,2026-02-16,Repeat,Cancelled
O0003292,2025-12-05,New,Delivered
O0003293,2026-07-02,New,Delivered
O0003294,2025-11-04,New,Delivered
O0003295,2025-08-31,Repeat,Delivered
O0003296,2026-01-26,Repeat,Delivered
O0003297,2025-10-15,Repeat,Delivered
O0003298,2026-01-21,New,Delivered
O0003299,2025-09-13,Repeat,Delivered
O0003300,2025-09-19,Repeat,Delivered
O0003301,2026-01-15,New,Delivered
O0003302,2025-09-29,Repeat,Cancelled
O0003303,2026-07-26,New,Delivered
O0003304,2026-06-18,New,Delivered
O0003305,2025-09-06,New,Delivered
O0003306,2026-02-02,New,Delivered
O0003307,2026-05-12,New,Delivered
O0003308,2025-11-10,Repeat,Delivered
O0003309,2026-07-17,New,Delivered
O0003310,2026-01-26,New,Delivered
O0003311,2025-08-01,New,Delivered
O0003312,2026-05-17,New,Delivered
O0003313,2025-10-23,Repeat,Delivered
O0003314,2025-09-13,New,Delivered
O0003315,2026-02-12,New,Delivered
O0003316,2025-11-02,Repeat,Delivered
O0003317,2026-03-03,New,Delivered
O0003318,2025-11-17,Repeat,Delivered
O0003319,2026-03-11,New,Delivered
O0003320,2025-09-20,Repeat,Delivered
O0003321,2026-01-08,Repeat,Delivered
O0003322,2026-02-01,Repeat,Delivered
O0003323,2026-03-08,Repeat,Delivered
O0003324,2026-08-02,Repeat,Delivered
O0003325,2026-02-28,New,Delivered
O0003326,2026-06-03,New,Delivered
O0003327,2025-10-21,Repeat,Delivered
O0003328,2025-09-06,New,Delivered
O0003329,2025-10-09,New,Delivered
O0003330,2025-10-09,New,Delivered
O0003331,2025-09-13,New,Delivered
O0003332,2025-10-17,Repeat,Delivered
O0003333,2025-11-04,Repeat,Delivered
O0003334,2025-09-25,New,Delivered
O0003335,2026-05-05,Repeat,Returned
O0003336,2025-10-22,Repeat,Delivered
O0003337,2025-09-20,New,Delivered
O0003338,2025-09-22,New,Delivered
O0003339,2026-06-16,Repeat,Delivered
O0003340,2025-12-29,New,Delivered
O0003341,2025-12-07,New,Delivered
O0003342,2025-10-18,New,Delivered
O0003343,2026-02-12,New,Delivered
O0003344,2025-11-11,Repeat,Returned
O0003345,2025-11-08,Repeat,Delivered
O0003346,2025-09-06,New,Delivered
O0003347,2026-01-16,Repeat,Delivered
O0003348,2025-08-30,New,Delivered
O0003349,2026-02-02,New,Cancelled
O0003350,2026-05-23,Repeat,Delivered
O0003351,2026-05-10,New,Delivered
O0003352,2026-01-21,Repeat,Returned
O0003353,2026-01-04,New,Delivered
O0003354,2026-01-31,New,Returned
O0003355,2025-12-13,Repeat,Delivered
O0003356,2025-09-22,New,Delivered
O0003357,2026-08-06,New,Delivered
O0003358,2026-06-20,Repeat,Delivered
O0003359,2025-12-07,Repeat,Delivered
O0003360,2026-02-26,New,Delivered
O0003361,2026-05-11,Repeat,Delivered
O0003362,2025-10-21,New,Delivered
O0003363,2026-07-23,New,Delivered
O0003364,2026-08-03,Repeat,Delivered
O0003365,2025-08-27,Repeat,Delivered
O0003366,2026-05-15,New,Delivered
O0003367,2026-02-26,Repeat,Delivered
O0003368,2025-10-23,Repeat,Delivered
O0003369,2026-05-03,Repeat,Delivered
O0003370,2025-10-12,Repeat,Delivered
O0003371,2025-11-04,Repeat,Delivered
O0003372,2026-07-24,New,Delivered
O0003373,2026-04-08,New,Delivered
O0003374,2025-09-29,Repeat,Delivered
O0003375,2025-09-25,New,Delivered
O0003376,2026-02-16,New,Cancelled
O0003377,2026-07-05,New,Delivered
O0003378,2026-02-04,New,Delivered
O0003379,2026-08-04,Repeat,Delivered
O0003380,2025-09-07,New,Delivered
O0003381,2025-10-05,New,Delivered
O0003382,2025-09-08,Repeat,Delivered
O0003383,2025-11-29,Repeat,Delivered
O0003384,2025-11-13,New,Delivered
O0003385,2026-03-17,New,Delivered
O0003386,2026-02-02,Repeat,Delivered
O0003387,2026-07-17,Repeat,Cancelled
O0003388,2026-05-15,New,Delivered
O0003389,2025-10-04,New,Delivered
O0003390,2025-09-28,New,Delivered
O0003391,2026-03-06,New,Delivered
O0003392,2026-06-19,New,Returned
O0003393,2025-11-27,Repeat,Returned
O0003394,2026-03-04,New,Delivered
O0003395,2025-09-19,Repeat,Delivered
O0003396,2025-11-28,New,Delivered
O0003397,2025-09-12,New,Delivered
O0003398,2025-12-12,New,Delivered
O0003399,2026-05-29,New,Cancelled
O0003400,2026-05-01,New,Delivered
O0003401,2026-02-09,Repeat,Delivered
O0003402,2026-02-05,Repeat,Delivered
O0003403,2025-12-14,Repeat,Delivered
O0003404,2026-04-24,Repeat,Returned
O0003405,2026-03-25,New,Delivered
O0003406,2025-12-24,Repeat,Delivered
O0003407,2025-11-19,Repeat,Delivered
O0003408,2025-12-02,New,Delivered
O0003409,2025-08-09,Repeat,Delivered
O0003410,2026-03-27,New,Delivered
O0003411,2026-03-27,New,Returned
O0003412,2026-08-10,New,Delivered
O0003413,2025-10-07,Repeat,Delivered
O0003414,2026-06-25,Repeat,Delivered
O0003415,2026-02-06,Repeat,Delivered
O0003416,2026-06-09,New,Delivered
O0003417,2025-11-06,New,Delivered
O0003418,2025-08-22,Repeat,Delivered
O0003419,2026-02-18,New,Delivered
O0003420,2026-03-23,New,Cancelled
O0003421,2025-08-14,New,Delivered
O0003422,2026-07-27,New,Delivered
O0003423,2025-12-03,New,Delivered
O0003424,2025-11-06,Repeat,Delivered
O0003425,2026-01-30,New,Delivered
O0003426,2025-09-05,New,Returned
O0003427,2026-01-29,New,Delivered
O0003428,2026-07-25,New,Delivered
O0003429,2026-06-12,Repeat,Delivered
O0003430,2026-02-26,New,Delivered
O0003431,2025-08-27,New,Delivered
O0003432,2026-04-15,New,Delivered
O0003433,2026-03-11,New,Delivered
O0003434,2026-07-25,Repeat,Delivered
O0003435,2026-05-23,New,Delivered
O0003436,2026-04-24,New,Delivered
O0003437,2026-03-03,New,Delivered
O0003438,2025-11-20,Repeat,Delivered
O0003439,2026-01-26,Repeat,Delivered
O0003440,2025-12-07,New,Delivered
O0003441,2025-08-20,Repeat,Delivered
O0003442,2025-12-03,Repeat,Delivered
O0003443,2026-01-17,New,Cancelled
O0003444,2025-12-01,Repeat,Delivered
O0003445,2026-02-03,New,Delivered
O0003446,2026-04-10,Repeat,Delivered
O0003447,2026-08-11,New,Delivered
O0003448,2025-09-13,New,Delivered
O0003449,2025-12-11,Repeat,Delivered
O0003450,2025-08-17,New,Delivered
O0003451,2026-01-04,New,Delivered
O0003452,2025-12-09,Repeat,Delivered
O0003453,2026-03-24,Repeat,Delivered
O0003454,2025-11-07,Repeat,Cancelled
O0003455,2026-03-09,New,Cancelled
O0003456,2026-08-08,New,Delivered
O0003457,2026-03-21,New,Delivered
O0003458,2026-04-06,New,Delivered
O0003459,2026-06-06,New,Delivered
O0003460,2026-03-17,New,Delivered
O0003461,2025-10-11,New,Delivered
O0003462,2025-08-22,New,Delivered
O0003463,2026-04-26,New,Delivered
O0003464,2026-06-23,Repeat,Delivered
O0003465,2026-05-04,New,Delivered
O0003466,2026-06-06,New,Delivered
O0003467,2026-07-29,New,Delivered
O0003468,2026-03-10,New,Delivered
O0003469,2026-03-09,New,Delivered
O0003470,2026-01-03,New,Returned
O0003471,2026-06-07,Repeat,Delivered
O0003472,2026-08-12,New,Delivered
O0003473,2026-04-18,New,Delivered
O0003474,2025-08-25,New,Delivered
O0003475,2026-04-13,New,Delivered
O0003476,2026-02-11,New,Delivered
O0003477,2026-05-16,Repeat,Delivered
O0003478,2026-08-05,New,Delivered
O0003479,2026-07-04,Repeat,Delivered
O0003480,2026-07-22,New,Delivered
O0003481,2026-04-27,Repeat,Delivered
O0003482,2026-06-18,New,Delivered
O0003483,2026-04-19,New,Delivered
O0003484,2026-03-25,New,Delivered
O0003485,2026-06-22,New,Delivered
O0003486,2026-01-21,Repeat,Delivered
O0003487,2026-06-01,New,Delivered
O0003488,2026-03-31,New,Delivered
O0003489,2025-09-14,New,Delivered
O0003490,2025-10-23,New,Delivered
O0003491,2026-03-19,Repeat,Returned
O0003492,2026-07-30,New,Delivered
O0003493,2026-01-23,New,Delivered
O0003494,2026-07-22,New,Delivered
O0003495,2025-11-04,New,Delivered
O0003496,2025-10-11,New,Delivered
O0003497,2025-09-14,Repeat,Delivered
O0003498,2025-10-23,New,Delivered
O0003499,2025-11-15,Repeat,Delivered
O0003500,2025-10-12,Repeat,Returned
O0003501,2026-07-05,Repeat,Delivered
O0003502,2025-12-03,Repeat,Delivered
O0003503,2025-11-26,Repeat,Delivered
O0003504,2025-12-10,New,Delivered
O0003505,2026-06-21,Repeat,Delivered
O0003506,2025-12-14,Repeat,Delivered
O0003507,2026-07-16,New,Delivered
O0003508,2025-12-30,New,Delivered
O0003509,2025-10-06,New,Delivered
O0003510,2025-12-15,New,Delivered
O0003511,2026-03-29,New,Delivered
O0003512,2025-11-24,Repeat,Delivered
O0003513,2026-02-25,Repeat,Delivered
O0003514,2026-06-29,Repeat,Delivered
O0003515,2025-08-03,New,Delivered
O0003516,2026-03-24,New,Delivered
O0003517,2026-07-29,Repeat,Delivered
O0003518,2026-07-25,Repeat,Delivered
O0003519,2025-08-15,Repeat,Delivered
O0003520,2026-04-11,Repeat,Delivered
O0003521,2026-01-14,Repeat,Delivered
O0003522,2025-08-21,Repeat,Delivered
O0003523,2026-05-22,New,Delivered
O0003524,2026-03-20,New,Delivered
O0003525,2026-04-26,New,Delivered
O0003526,2026-05-19,Repeat,Delivered
O0003527,2026-03-31,Repeat,Delivered
O0003528,2025-09-21,New,Delivered
O0003529,2026-05-31,New,Delivered
O0003530,2026-01-21,New,Delivered
O0003531,2025-08-29,Repeat,Delivered
O0003532,2025-10-09,New,Delivered
O0003533,2026-05-17,New,Delivered
O0003534,2026-03-19,New,Delivered
O0003535,2025-08-30,Repeat,Delivered
O0003536,2026-01-11,New,Delivered
O0003537,2025-11-18,New,Delivered
O0003538,2025-12-01,New,Delivered
O0003539,2026-02-28,Repeat,Delivered
O0003540,2025-08-24,New,Delivered
O0003541,2025-11-08,New,Cancelled
O0003542,2025-11-17,New,Delivered
O0003543,2026-05-27,New,Delivered
O0003544,2025-10-10,Repeat,Delivered
O0003545,2026-04-29,New,Cancelled
O0003546,2026-01-16,New,Returned
O0003547,2025-11-22,Repeat,Delivered
O0003548,2025-11-20,Repeat,Delivered
O0003549,2026-02-12,New,Delivered
O0003550,2026-06-18,New,Delivered
O0003551,2026-04-16,Repeat,Delivered
O0003552,2026-01-24,New,Delivered
O0003553,2026-07-31,Repeat,Delivered
O0003554,2025-08-10,New,Delivered
O0003555,2026-07-05,Repeat,Delivered
O0003556,2026-07-15,Repeat,Delivered
O0003557,2026-04-19,New,Delivered
O0003558,2026-06-26,New,Delivered
O0003559,2026-07-17,New,Delivered
O0003560,2026-01-14,Repeat,Returned
O0003561,2026-08-04,Repeat,Delivered
O0003562,2026-04-23,New,Returned
O0003563,2025-10-05,New,Delivered
O0003564,2026-07-24,New,Delivered
O0003565,2026-07-29,New,Cancelled
O0003566,2025-08-01,New,Delivered
O0003567,2025-08-18,New,Cancelled
O0003568,2025-08-22,Repeat,Delivered
O0003569,2026-01-12,New,Delivered
O0003570,2025-11-29,New,Delivered
O0003571,2026-03-30,Repeat,Delivered
O0003572,2026-06-05,Repeat,Delivered
O0003573,2026-05-22,New,Delivered
O0003574,2025-11-26,New,Delivered
O0003575,2025-09-30,New,Cancelled
O0003576,2025-12-15,New,Delivered
O0003577,2025-08-23,New,Delivered
O0003578,2025-11-26,Repeat,Delivered
O0003579,2026-07-17,Repeat,Delivered
O0003580,2025-12-22,New,Delivered
O0003581,2025-09-10,New,Delivered
O0003582,2025-10-06,New,Delivered
O0003583,2026-01-31,Repeat,Delivered
O0003584,2026-03-31,Repeat,Delivered
O0003585,2026-01-29,Repeat,Delivered
O0003586,2026-03-03,New,Delivered
O0003587,2025-09-12,New,Delivered
O0003588,2025-11-07,New,Delivered
O0003589,2025-12-23,New,Delivered
O0003590,2025-10-05,New,Delivered
O0003591,2025-10-12,Repeat,Delivered
O0003592,2026-07-07,Repeat,Delivered
O0003593,2026-01-07,Repeat,Delivered
O0003594,2026-05-27,New,Delivered
O0003595,2026-06-01,New,Cancelled
O0003596,2026-08-16,New,Delivered
O0003597,2026-06-28,New,Delivered
O0003598,2025-10-04,New,Delivered
O0003599,2026-02-17,Repeat,Delivered
O0003600,2025-09-18,Repeat,Delivered
O0003601,2025-12-03,New,Delivered
O0003602,2025-08-05,New,Delivered
O0003603,2025-11-13,New,Delivered
O0003604,2026-05-04,New,Delivered
O0003605,2025-08-29,Repeat,Delivered
O0003606,2026-07-09,Repeat,Delivered
O0003607,2026-07-03,New,Delivered
O0003608,2026-08-11,New,Delivered
O0003609,2025-08-04,New,Delivered
O0003610,2026-03-13,New,Delivered
O0003611,2026-07-25,New,Delivered
O0003612,2026-03-03,New,Delivered
O0003613,2026-02-03,New,Delivered
O0003614,2026-01-18,New,Delivered
O0003615,2025-10-08,New,Delivered
O0003616,2026-01-19,New,Delivered
O0003617,2025-12-08,New,Delivered
O0003618,2026-04-30,New,Delivered
O0003619,2025-11-13,New,Returned
O0003620,2026-04-25,New,Delivered
O0003621,2025-10-24,Repeat,Delivered
O0003622,2026-01-22,New,Cancelled
O0003623,2025-08-03,New,Cancelled
O0003624,2025-09-22,New,Delivered
O0003625,2025-10-19,New,Delivered
O0003626,2026-04-11,New,Delivered
O0003627,2025-08-14,Repeat,Delivered
O0003628,2025-11-13,New,Delivered
O0003629,2026-06-18,Repeat,Delivered
O0003630,2026-03-02,Repeat,Delivered
O0003631,2025-11-26,Repeat,Delivered
O0003632,2025-12-01,New,Delivered
O0003633,2025-10-08,New,Cancelled
O0003634,2026-01-17,New,Delivered
O0003635,2026-06-02,New,Delivered
O0003636,2025-10-09,New,Delivered
O0003637,2026-06-18,Repeat,Delivered
O0003638,2026-07-18,Repeat,Delivered
O0003639,2026-03-10,New,Delivered
O0003640,2025-10-30,New,Delivered
O0003641,2026-05-31,New,Delivered
O0003642,2026-04-27,New,Delivered
O0003643,2025-12-13,New,Delivered
O0003644,2025-11-09,Repeat,Delivered
O0003645,2026-01-21,Repeat,Delivered
O0003646,2025-10-05,Repeat,Delivered
O0003647,2025-09-02,New,Delivered
O0003648,2026-02-06,New,Delivered
O0003649,2026-06-17,Repeat,Delivered
O0003650,2026-05-21,Repeat,Delivered
O0003651,2026-03-11,Repeat,Delivered
O0003652,2025-10-04,New,Delivered
O0003653,2026-07-28,Repeat,Delivered
O0003654,2026-08-15,New,Delivered
O0003655,2025-11-25,Repeat,Cancelled
O0003656,2025-09-28,Repeat,Delivered
O0003657,2026-07-20,New,Delivered
O0003658,2026-02-26,Repeat,Delivered
O0003659,2025-11-29,New,Delivered
O0003660,2026-07-22,Repeat,Delivered
O0003661,2026-06-10,New,Delivered
O0003662,2026-07-13,Repeat,Delivered
O0003663,2025-11-17,New,Delivered
O0003664,2026-06-30,New,Delivered
O0003665,2026-02-12,Repeat,Delivered
O0003666,2025-11-03,New,Delivered
O0003667,2025-12-03,Repeat,Delivered
O0003668,2026-07-07,Repeat,Delivered
O0003669,2026-05-05,New,Delivered
O0003670,2026-05-04,Repeat,Delivered
O0003671,2026-02-15,New,Delivered
O0003672,2026-07-10,New,Delivered
O0003673,2026-06-30,New,Delivered
O0003674,2026-04-17,Repeat,Delivered
O0003675,2026-01-11,Repeat,Cancelled
O0003676,2025-10-24,New,Delivered
O0003677,2025-12-01,Repeat,Delivered
O0003678,2026-07-01,Repeat,Delivered
O0003679,2025-12-16,New,Delivered
O0003680,2025-11-27,Repeat,Delivered
O0003681,2026-03-07,New,Delivered
O0003682,2026-08-07,Repeat,Cancelled
O0003683,2026-05-10,New,Delivered
O0003684,2026-08-14,New,Delivered
O0003685,2026-06-02,New,Delivered
O0003686,2026-05-14,New,Delivered
O0003687,2025-10-26,New,Delivered
O0003688,2026-02-13,New,Delivered
O0003689,2026-06-13,New,Delivered
O0003690,2026-01-17,Repeat,Returned
O0003691,2025-12-05,New,Delivered
O0003692,2025-08-19,Repeat,Delivered
O0003693,2026-05-11,New,Delivered
O0003694,2026-05-03,New,Delivered
O0003695,2026-08-08,New,Delivered
O0003696,2025-11-04,Repeat,Delivered
O0003697,2026-04-19,New,Delivered
O0003698,2025-08-12,New,Delivered
O0003699,2025-11-29,New,Delivered
O0003700,2025-08-16,New,Delivered
O0003701,2025-09-08,Repeat,Delivered
O0003702,2025-12-15,Repeat,Delivered
O0003703,2025-09-03,New,Delivered
O0003704,2026-04-15,New,Delivered
O0003705,2026-07-11,New,Delivered
O0003706,2026-01-26,Repeat,Delivered
O0003707,2026-01-10,New,Delivered
O0003708,2026-05-03,Repeat,Delivered
O0003709,2025-11-15,Repeat,Delivered
O0003710,2026-02-03,New,Delivered
O0003711,2026-05-01,Repeat,Delivered
O0003712,2025-11-03,New,Delivered
O0003713,2026-08-15,New,Delivered
O0003714,2026-03-14,New,Delivered
O0003715,2025-11-27,New,Delivered
O0003716,2025-10-02,Repeat,Delivered
O0003717,2026-02-22,Repeat,Delivered
O0003718,2026-03-22,Repeat,Delivered
O0003719,2026-05-31,New,Delivered
O0003720,2025-10-24,New,Delivered
O0003721,2025-09-15,New,Delivered
O0003722,2026-08-11,Repeat,Delivered
O0003723,2026-03-22,New,Delivered
O0003724,2026-05-26,New,Delivered
O0003725,2026-07-21,New,Delivered
O0003726,2026-07-07,New,Delivered
O0003727,2026-02-20,New,Delivered
O0003728,2026-07-20,New,Cancelled
O0003729,2026-06-16,New,Cancelled
O0003730,2026-02-27,New,Delivered
O0003731,2026-03-23,New,Delivered
O0003732,2025-11-28,New,Delivered
O0003733,2026-06-28,New,Delivered
O0003734,2026-02-26,New,Delivered
O0003735,2026-03-08,Repeat,Delivered
O0003736,2026-06-04,New,Delivered
O0003737,2025-11-03,Repeat,Delivered
O0003738,2026-06-18,New,Delivered
O0003739,2025-12-14,New,Delivered
O0003740,2025-10-15,New,Delivered
O0003741,2025-09-21,Repeat,Delivered
O0003742,2026-08-10,New,Delivered
O0003743,2026-08-08,New,Delivered
O0003744,2025-08-15,New,Delivered
O0003745,2025-10-27,New,Delivered
O0003746,2026-01-09,New,Delivered
O0003747,2026-03-07,New,Delivered
O0003748,2026-07-17,Repeat,Delivered
O0003749,2025-10-29,New,Delivered
O0003750,2026-02-23,Repeat,Delivered
O0003751,2026-06-08,New,Delivered
O0003752,2026-07-13,New,Delivered
O0003753,2026-06-14,Repeat,Delivered
O0003754,2025-08-15,Repeat,Delivered
O0003755,2026-01-02,New,Delivered
O0003756,2025-08-12,New,Delivered
O0003757,2026-03-01,Repeat,Delivered
O0003758,2026-04-16,Repeat,Delivered
O0003759,2026-05-18,Repeat,Delivered
O0003760,2025-12-05,Repeat,Delivered
O0003761,2025-12-26,New,Delivered
O0003762,2026-02-14,Repeat,Delivered
O0003763,2025-12-16,New,Delivered
O0003764,2025-12-16,New,Delivered
O0003765,2026-03-05,Repeat,Delivered
O0003766,2025-08-19,New,Delivered
O0003767,2026-08-02,New,Delivered
O0003768,2026-06-22,New,Delivered
O0003769,2025-08-09,Repeat,Delivered
O0003770,2025-08-27,New,Delivered
O0003771,2025-12-12,New,Delivered
O0003772,2025-11-03,New,Delivered
O0003773,2025-10-20,New,Delivered
O0003774,2025-11-01,Repeat,Delivered
O0003775,2026-04-15,New,Delivered
O0003776,2026-01-10,New,Delivered
O0003777,2025-10-10,New,Delivered
O0003778,2026-03-16,New,Delivered
O0003779,2026-01-10,New,Delivered
O0003780,2026-06-09,New,Delivered
O0003781,2025-08-10,New,Delivered
O0003782,2026-02-15,New,Delivered
O0003783,2026-06-18,Repeat,Delivered
O0003784,2025-08-18,Repeat,Delivered
O0003785,2025-10-04,New,Delivered
O0003786,2026-08-03,New,Delivered
O0003787,2025-09-12,New,Delivered
O0003788,2026-05-12,Repeat,Delivered
O0003789,2025-12-14,New,Delivered
O0003790,2026-07-24,New,Delivered
O0003791,2026-06-12,Repeat,Delivered
O0003792,2025-09-27,New,Delivered
O0003793,2025-10-31,New,Delivered
O0003794,2025-09-23,New,Returned
O0003795,2025-08-01,New,Delivered
O0003796,2026-06-28,New,Delivered
O0003797,2026-03-11,Repeat,Delivered
O0003798,2026-03-24,New,Delivered
O0003799,2026-08-06,Repeat,Delivered
O0003800,2026-08-01,Repeat,Delivered
O0003801,2025-12-29,Repeat,Delivered
O0003802,2026-01-11,Repeat,Delivered
O0003803,2025-08-03,Repeat,Cancelled
O0003804,2026-06-15,New,Delivered
O0003805,2025-12-01,New,Delivered
O0003806,2026-02-05,Repeat,Delivered
O0003807,2025-08-03,New,Delivered
O0003808,2026-04-20,New,Delivered
O0003809,2025-08-24,New,Delivered
O0003810,2026-03-12,Repeat,Delivered
O0003811,2025-09-03,Repeat,Delivered
O0003812,2026-03-27,New,Delivered
O0003813,2025-11-21,New,Delivered
O0003814,2025-12-30,New,Delivered
O0003815,2025-08-24,Repeat,Delivered
O0003816,2026-01-16,New,Delivered
O0003817,2026-08-01,New,Delivered
O0003818,2025-09-25,New,Delivered
O0003819,2025-09-14,Repeat,Delivered
O0003820,2026-03-08,New,Delivered
O0003821,2025-12-25,New,Delivered
O0003822,2026-04-03,Repeat,Delivered
O0003823,2026-06-26,New,Delivered
O0003824,2025-08-26,New,Delivered
O0003825,2025-09-02,New,Delivered
O0003826,2026-07-11,New,Returned
O0003827,2025-10-18,New,Delivered
O0003828,2026-02-08,New,Delivered
O0003829,2026-05-09,New,Delivered
O0003830,2025-08-08,New,Delivered
O0003831,2026-05-26,New,Delivered
O0003832,2025-10-28,New,Delivered
O0003833,2026-07-29,New,Delivered
O0003834,2025-10-12,Repeat,Delivered
O0003835,2026-04-14,New,Delivered
O0003836,2026-06-18,New,Delivered
O0003837,2026-08-06,New,Delivered
O0003838,2025-09-01,Repeat,Delivered
O0003839,2026-04-30,New,Delivered
O0003840,2026-03-29,New,Delivered
O0003841,2025-10-15,Repeat,Delivered
O0003842,2025-11-18,New,Delivered
O0003843,2025-10-15,New,Delivered
O0003844,2025-12-19,Repeat,Delivered
O0003845,2026-07-31,Repeat,Delivered
O0003846,2025-10-30,New,Delivered
O0003847,2025-10-28,New,Delivered
O0003848,2026-07-24,Repeat,Delivered
O0003849,2026-05-27,New,Delivered
O0003850,2026-05-09,Repeat,Delivered
O0003851,2025-11-18,Repeat,Delivered
O0003852,2026-04-19,New,Delivered
O0003853,2026-04-01,New,Delivered
O0003854,2026-07-02,Repeat,Delivered
O0003855,2026-04-19,Repeat,Delivered
O0003856,2026-02-22,Repeat,Delivered
O0003857,2025-08-03,Repeat,Delivered
O0003858,2026-03-11,New,Delivered
O0003859,2025-10-24,New,Delivered
O0003860,2025-10-07,Repeat,Delivered
O0003861,2025-08-08,New,Delivered
O0003862,2026-06-30,Repeat,Delivered
O0003863,2026-08-15,Repeat,Delivered
O0003864,2026-06-08,Repeat,Delivered
O0003865,2025-09-26,New,Delivered
O0003866,2026-03-10,New,Delivered
O0003867,2026-03-28,New,Delivered
O0003868,2025-11-30,New,Delivered
O0003869,2026-05-15,Repeat,Delivered
O0003870,2025-09-24,New,Delivered
O0003871,2025-09-12,Repeat,Delivered
O0003872,2025-11-22,New,Delivered
O0003873,2026-01-19,Repeat,Delivered
O0003874,2026-07-23,Repeat,Delivered
O0003875,2026-07-08,Repeat,Delivered
O0003876,2025-11-28,New,Returned
O0003877,2026-02-27,New,Delivered
O0003878,2025-08-14,Repeat,Delivered
O0003879,2026-08-08,New,Delivered
O0003880,2025-12-23,New,Delivered
O0003881,2025-11-12,Repeat,Delivered
O0003882,2026-04-18,New,Delivered
O0003883,2025-12-01,New,Delivered
O0003884,2025-09-11,New,Delivered
O0003885,2026-04-06,New,Cancelled
O0003886,2026-03-21,Repeat,Delivered
O0003887,2026-04-07,New,Delivered
O0003888,2025-11-16,Repeat,Delivered
O0003889,2026-04-07,New,Delivered
O0003890,2026-04-02,Repeat,Delivered
O0003891,2025-11-03,New,Delivered
O0003892,2025-08-01,Repeat,Delivered
O0003893,2026-02-08,Repeat,Delivered
O0003894,2025-11-05,Repeat,Delivered
O0003895,2026-06-16,New,Delivered
O0003896,2026-04-24,New,Delivered
O0003897,2026-03-03,New,Delivered
O0003898,2026-02-16,Repeat,Delivered
O0003899,2026-01-25,New,Delivered
O0003900,2026-07-12,Repeat,Delivered
O0003901,2025-12-28,Repeat,Delivered
O0003902,2025-10-02,New,Delivered
O0003903,2026-08-04,New,Delivered
O0003904,2026-04-29,Repeat,Delivered
O0003905,2025-09-04,New,Delivered
O0003906,2025-08-14,New,Cancelled
O0003907,2026-04-21,Repeat,Delivered
O0003908,2025-10-13,New,Delivered
O0003909,2025-09-05,Repeat,Delivered
O0003910,2026-05-07,Repeat,Delivered
O0003911,2026-01-27,New,Delivered
O0003912,2026-07-12,New,Delivered
O0003913,2026-04-26,Repeat,Delivered
O0003914,2026-07-18,Repeat,Delivered
O0003915,2026-05-19,New,Delivered
O0003916,2026-05-22,New,Delivered
O0003917,2025-09-05,New,Delivered
O0003918,2025-10-25,Repeat,Delivered
O0003919,2026-07-26,New,Delivered
O0003920,2026-03-22,New,Delivered
O0003921,2026-02-01,Repeat,Delivered
O0003922,2025-11-23,New,Delivered
O0003923,2026-07-02,New,Delivered
O0003924,2025-09-09,Repeat,Delivered
O0003925,2026-07-16,New,Delivered
O0003926,2026-04-29,Repeat,Delivered
O0003927,2025-11-22,New,Returned
O0003928,2026-06-24,New,Delivered
O0003929,2026-01-15,New,Delivered
O0003930,2025-09-10,Repeat,Delivered
O0003931,2025-08-11,New,Cancelled
O0003932,2026-08-12,New,Delivered
O0003933,2026-06-27,New,Delivered
O0003934,2025-12-21,New,Delivered
O0003935,2025-11-06,Repeat,Delivered
O0003936,2026-06-18,New,Delivered
O0003937,2025-09-06,Repeat,Delivered
O0003938,2025-08-14,Repeat,Delivered
O0003939,2025-12-06,New,Delivered
O0003940,2026-07-06,New,Delivered
O0003941,2025-09-30,New,Delivered
O0003942,2026-01-04,Repeat,Delivered
O0003943,2026-01-07,New,Delivered
O0003944,2026-04-23,New,Delivered
O0003945,2025-09-22,Repeat,Delivered
O0003946,2026-07-07,Repeat,Delivered
O0003947,2026-06-27,New,Delivered
O0003948,2026-01-12,Repeat,Delivered
O0003949,2026-01-25,New,Delivered
O0003950,2026-06-05,New,Delivered
O0003951,2026-01-24,New,Delivered
O0003952,2026-07-06,Repeat,Delivered
O0003953,2026-06-12,New,Delivered
O0003954,2025-09-08,New,Delivered
O0003955,2025-12-29,New,Delivered
O0003956,2025-09-05,New,Delivered
O0003957,2025-09-11,New,Cancelled
O0003958,2026-05-28,New,Delivered
O0003959,2026-05-06,New,Delivered
O0003960,2025-09-20,New,Returned
O0003961,2026-04-25,New,Delivered
O0003962,2026-01-11,New,Delivered
O0003963,2026-02-15,New,Delivered
O0003964,2025-11-14,New,Delivered
O0003965,2026-05-16,New,Delivered
O0003966,2025-11-09,Repeat,Delivered
O0003967,2026-05-19,New,Delivered
O0003968,2026-07-01,New,Delivered
O0003969,2025-12-27,Repeat,Delivered
O0003970,2025-10-10,New,Delivered
O0003971,2026-07-19,Repeat,Delivered
O0003972,2026-05-09,New,Delivered
O0003973,2026-06-05,New,Delivered
O0003974,2026-06-18,New,Delivered
O0003975,2025-08-03,Repeat,Cancelled
O0003976,2025-08-08,New,Delivered
O0003977,2026-04-09,Repeat,Delivered
O0003978,2025-12-07,New,Delivered
O0003979,2026-06-08,Repeat,Delivered
O0003980,2025-11-26,New,Delivered
O0003981,2026-04-30,Repeat,Delivered
O0003982,2026-05-21,Repeat,Delivered
O0003983,2026-02-23,Repeat,Delivered
O0003984,2026-06-30,New,Delivered
O0003985,2025-10-06,Repeat,Delivered
O0003986,2026-02-10,New,Delivered
O0003987,2026-05-02,New,Delivered
O0003988,2025-08-05,Repeat,Delivered
O0003989,2025-11-29,New,Delivered
O0003990,2026-07-09,New,Delivered
O0003991,2025-12-01,Repeat,Delivered
O0003992,2025-12-04,Repeat,Delivered
O0003993,2026-08-12,New,Delivered
O0003994,2025-12-28,Repeat,Delivered
O0003995,2025-08-31,Repeat,Delivered
O0003996,2026-02-07,New,Delivered
O0003997,2025-09-06,New,Delivered
O0003998,2025-09-25,Repeat,Delivered
O0003999,2026-02-13,New,Delivered
O0004000,2026-01-10,New,Delivered
O0004001,2026-03-14,New,Delivered
O0004002,2026-04-11,Repeat,Delivered
O0004003,2026-04-12,Repeat,Delivered
O0004004,2026-07-07,New,Delivered
O0004005,2026-05-10,New,Delivered
O0004006,2026-05-12,Repeat,Delivered
O0004007,2026-06-18,New,Delivered
O0004008,2025-09-15,Repeat,Delivered
O0004009,2025-09-08,New,Delivered
O0004010,2026-04-04,New,Delivered
O0004011,2026-04-03,New,Delivered
O0004012,2025-11-22,New,Delivered
O0004013,2025-08-27,New,Delivered
O0004014,2025-12-28,Repeat,Delivered
O0004015,2026-08-14,New,Delivered
O0004016,2025-10-30,Repeat,Delivered
O0004017,2025-09-21,New,Delivered
O0004018,2026-05-22,New,Delivered
O0004019,2026-04-15,Repeat,Delivered
O0004020,2025-08-07,New,Delivered
O0004021,2026-03-29,New,Delivered
O0004022,2026-03-13,New,Delivered
O0004023,2025-11-09,Repeat,Delivered
O0004024,2025-09-01,Repeat,Delivered
O0004025,2025-11-23,New,Delivered
O0004026,2025-08-06,Repeat,Delivered
O0004027,2026-04-03,New,Delivered
O0004028,2026-03-02,Repeat,Delivered
O0004029,2025-12-10,Repeat,Delivered
O0004030,2026-03-28,New,Delivered
O0004031,2026-02-06,Repeat,Delivered
O0004032,2025-10-27,New,Delivered
O0004033,2026-03-27,Repeat,Delivered
O0004034,2025-10-22,New,Delivered
O0004035,2026-08-13,Repeat,Returned
O0004036,2025-08-13,New,Cancelled
O0004037,2025-09-22,New,Delivered
O0004038,2026-08-10,Repeat,Delivered
O0004039,2025-10-31,New,Delivered
O0004040,2025-10-14,New,Delivered
O0004041,2026-06-14,New,Delivered
O0004042,2025-12-24,New,Delivered
O0004043,2025-09-27,Repeat,Delivered
O0004044,2025-11-30,Repeat,Delivered
O0004045,2026-05-28,New,Cancelled
O0004046,2026-05-24,Repeat,Delivered
O0004047,2025-10-20,Repeat,Delivered
O0004048,2026-05-21,New,Delivered
O0004049,2025-09-18,New,Delivered
O0004050,2025-10-21,Repeat,Delivered
O0004051,2026-03-30,New,Delivered
O0004052,2026-05-12,New,Delivered
O0004053,2025-11-07,Repeat,Delivered
O0004054,2025-09-09,New,Cancelled
O0004055,2025-12-26,Repeat,Delivered
O0004056,2026-07-31,Repeat,Delivered
O0004057,2026-01-14,New,Delivered
O0004058,2025-10-31,Repeat,Delivered
O0004059,2026-04-10,Repeat,Delivered
O0004060,2026-01-21,New,Delivered
O0004061,2025-08-26,Repeat,Delivered
O0004062,2025-09-29,New,Delivered
O0004063,2025-09-20,New,Delivered
O0004064,2026-02-14,Repeat,Delivered
O0004065,2025-09-04,Repeat,Delivered
O0004066,2026-07-09,New,Delivered
O0004067,2026-06-06,New,Delivered
O0004068,2025-11-26,Repeat,Delivered
O0004069,2026-08-08,New,Delivered
O0004070,2026-03-06,Repeat,Delivered
O0004071,2026-02-19,New,Delivered
O0004072,2025-09-07,New,Delivered
O0004073,2026-04-28,New,Delivered
O0004074,2026-05-16,New,Delivered
O0004075,2026-05-25,New,Delivered
O0004076,2026-02-24,New,Delivered
O0004077,2025-08-29,New,Delivered
O0004078,2026-04-12,New,Delivered
O0004079,2026-08-07,New,Returned
O0004080,2026-06-20,Repeat,Delivered
O0004081,2026-08-03,New,Delivered
O0004082,2026-07-03,New,Delivered
O0004083,2026-02-09,New,Delivered
O0004084,2026-07-23,New,Delivered
O0004085,2026-01-05,Repeat,Delivered
O0004086,2026-01-17,New,Delivered
O0004087,2026-07-01,Repeat,Delivered
O0004088,2026-03-25,New,Delivered
O0004089,2026-04-21,New,Delivered
O0004090,2026-02-06,New,Delivered
O0004091,2025-09-16,Repeat,Delivered
O0004092,2026-04-23,New,Cancelled
O0004093,2026-07-31,Repeat,Delivered
O0004094,2025-10-08,New,Delivered
O0004095,2026-01-12,New,Delivered
O0004096,2026-08-07,Repeat,Delivered
O0004097,2025-09-01,New,Delivered
O0004098,2026-01-18,Repeat,Delivered
O0004099,2025-11-23,New,Delivered
O0004100,2025-10-13,Repeat,Delivered
O0004101,2026-07-21,Repeat,Delivered
O0004102,2025-12-07,Repeat,Delivered
O0004103,2025-12-09,New,Delivered
O0004104,2025-09-07,Repeat,Delivered
O0004105,2025-12-20,New,Delivered
O0004106,2025-11-10,Repeat,Delivered
O0004107,2026-06-09,New,Delivered
O0004108,2026-05-28,New,Delivered
O0004109,2026-04-14,Repeat,Delivered
O0004110,2025-10-06,Repeat,Delivered
O0004111,2025-10-20,New,Delivered
O0004112,2025-08-27,Repeat,Delivered
O0004113,2025-12-21,Repeat,Returned
O0004114,2026-01-23,New,Delivered
O0004115,2025-09-13,Repeat,Cancelled
O0004116,2026-05-19,New,Delivered
O0004117,2026-02-28,Repeat,Delivered
O0004118,2026-06-01,New,Delivered
O0004119,2025-12-11,New,Delivered
O0004120,2025-11-24,New,Delivered
O0004121,2026-01-04,New,Delivered
O0004122,2025-08-20,New,Delivered
O0004123,2026-06-25,New,Delivered
O0004124,2025-09-19,Repeat,Delivered
O0004125,2026-02-08,New,Delivered
O0004126,2025-08-07,New,Delivered
O0004127,2026-05-07,New,Delivered
O0004128,2026-06-20,New,Cancelled
O0004129,2026-07-08,New,Delivered
O0004130,2026-01-27,New,Delivered
O0004131,2026-03-29,New,Delivered
O0004132,2026-04-17,Repeat,Delivered
O0004133,2026-08-12,New,Delivered
O0004134,2026-03-11,New,Delivered
O0004135,2026-05-23,Repeat,Delivered
O0004136,2025-11-05,New,Delivered
O0004137,2025-09-23,Repeat,Cancelled
O0004138,2026-06-05,Repeat,Delivered
O0004139,2025-10-15,New,Delivered
O0004140,2026-01-06,Repeat,Delivered
O0004141,2025-08-19,New,Delivered
O0004142,2026-02-11,New,Delivered
O0004143,2026-06-15,Repeat,Delivered
O0004144,2026-05-24,New,Delivered
O0004145,2026-02-19,New,Delivered
O0004146,2025-09-01,Repeat,Cancelled
O0004147,2025-09-23,New,Delivered
O0004148,2026-06-25,New,Delivered
O0004149,2025-10-11,New,Delivered
O0004150,2025-08-10,New,Delivered
O0004151,2025-11-19,New,Delivered
O0004152,2026-05-30,Repeat,Delivered
O0004153,2025-08-31,Repeat,Delivered
O0004154,2026-07-12,New,Delivered
O0004155,2026-07-24,New,Delivered
O0004156,2025-10-26,Repeat,Delivered
O0004157,2026-06-14,New,Delivered
O0004158,2026-03-16,New,Delivered
O0004159,2026-07-18,New,Cancelled
O0004160,2026-06-03,New,Delivered
O0004161,2026-01-22,New,Delivered
O0004162,2026-03-30,New,Cancelled
O0004163,2025-12-16,New,Delivered
O0004164,2025-11-25,New,Delivered
O0004165,2026-04-08,New,Delivered
O0004166,2025-08-26,New,Returned
O0004167,2026-01-05,New,Delivered
O0004168,2025-09-07,New,Delivered
O0004169,2026-01-14,Repeat,Delivered
O0004170,2026-02-06,Repeat,Delivered
O0004171,2026-05-06,Repeat,Delivered
O0004172,2025-08-14,New,Delivered
O0004173,2025-08-28,New,Delivered
O0004174,2026-04-26,New,Cancelled
O0004175,2025-10-13,New,Cancelled
O0004176,2025-08-06,Repeat,Delivered
O0004177,2025-12-22,New,Delivered
O0004178,2025-11-02,Repeat,Delivered
O0004179,2025-12-12,New,Delivered
O0004180,2025-10-06,Repeat,Delivered
O0004181,2026-03-25,New,Delivered
O0004182,2026-02-01,Repeat,Delivered
O0004183,2026-06-10,New,Delivered
O0004184,2026-06-11,New,Delivered
O0004185,2026-01-12,Repeat,Delivered
O0004186,2026-07-03,New,Delivered
O0004187,2025-11-24,Repeat,Delivered
O0004188,2026-04-03,New,Delivered
O0004189,2025-12-06,New,Returned
O0004190,2026-07-30,New,Delivered
O0004191,2026-01-26,New,Delivered
O0004192,2026-05-18,New,Delivered
O0004193,2025-08-07,New,Delivered
O0004194,2025-09-11,Repeat,Delivered
O0004195,2025-12-30,New,Delivered
O0004196,2026-02-02,Repeat,Delivered
O0004197,2026-01-05,New,Delivered
O0004198,2026-07-13,New,Delivered
O0004199,2026-04-21,New,Returned
O0004200,2026-07-27,Repeat,Delivered
O0004201,2026-05-05,New,Delivered
O0004202,2026-01-15,New,Delivered
O0004203,2026-07-03,New,Delivered
O0004204,2026-05-13,Repeat,Delivered
O0004205,2025-10-25,New,Delivered
O0004206,2026-07-01,New,Delivered
O0004207,2026-04-26,New,Delivered
O0004208,2026-05-14,New,Delivered
O0004209,2026-06-22,New,Delivered
O0004210,2026-04-01,New,Delivered
O0004211,2026-04-29,New,Delivered
O0004212,2026-07-10,Repeat,Delivered
O0004213,2026-06-10,Repeat,Delivered
O0004214,2026-01-16,New,Delivered
O0004215,2026-06-16,New,Delivered
O0004216,2025-12-25,New,Delivered
O0004217,2025-11-09,Repeat,Delivered
O0004218,2026-04-21,New,Delivered
O0004219,2026-04-21,Repeat,Delivered
O0004220,2025-12-27,New,Delivered
O0004221,2026-05-27,New,Delivered
O0004222,2026-04-25,New,Delivered
O0004223,2025-08-19,Repeat,Cancelled
O0004224,2025-09-19,Repeat,Delivered
O0004225,2026-01-15,Repeat,Delivered
O0004226,2025-11-13,Repeat,Delivered
O0004227,2026-07-06,New,Delivered
O0004228,2025-08-19,New,Delivered
O0004229,2026-08-16,New,Delivered
O0004230,2025-12-08,Repeat,Delivered
O0004231,2026-01-23,New,Delivered
O0004232,2025-10-10,New,Cancelled
O0004233,2026-08-02,New,Cancelled
O0004234,2026-03-12,Repeat,Delivered
O0004235,2026-06-05,Repeat,Returned
O0004236,2025-11-20,Repeat,Delivered
O0004237,2026-04-05,Repeat,Delivered
O0004238,2025-10-28,New,Delivered
O0004239,2025-12-09,New,Returned
O0004240,2025-09-22,Repeat,Delivered
O0004241,2025-11-16,New,Cancelled
O0004242,2025-12-01,New,Returned
O0004243,2026-02-21,New,Delivered
O0004244,2025-10-01,Repeat,Delivered
O0004245,2026-01-08,New,Delivered
O0004246,2025-08-29,New,Delivered
O0004247,2026-05-21,Repeat,Delivered
O0004248,2026-01-14,Repeat,Returned
O0004249,2026-04-22,New,Delivered
O0004250,2026-07-21,Repeat,Delivered
O0004251,2025-12-24,Repeat,Delivered
O0004252,2026-03-31,New,Delivered
O0004253,2026-01-28,New,Delivered
O0004254,2026-08-03,New,Cancelled
O0004255,2026-08-03,Repeat,Returned
O0004256,2026-06-14,New,Delivered
O0004257,2026-07-21,Repeat,Delivered
O0004258,2026-04-07,Repeat,Delivered
O0004259,2026-05-15,New,Delivered
O0004260,2026-07-31,New,Cancelled
O0004261,2025-08-14,New,Delivered
O0004262,2026-06-04,New,Delivered
O0004263,2026-08-13,New,Delivered
O0004264,2025-11-07,New,Delivered
O0004265,2026-04-06,Repeat,Delivered
O0004266,2026-03-08,New,Delivered
O0004267,2025-09-18,New,Delivered
O0004268,2025-10-14,New,Delivered
O0004269,2026-05-28,New,Delivered
O0004270,2025-12-15,Repeat,Delivered
O0004271,2026-03-24,New,Delivered
O0004272,2025-08-15,New,Delivered
O0004273,2025-10-30,Repeat,Delivered
O0004274,2026-04-19,New,Delivered
O0004275,2025-09-25,New,Delivered
O0004276,2025-08-31,Repeat,Delivered
O0004277,2026-05-23,New,Delivered
O0004278,2025-11-07,New,Delivered
O0004279,2026-06-13,New,Delivered
O0004280,2026-05-20,New,Delivered
O0004281,2026-04-02,Repeat,Delivered
O0004282,2026-04-02,Repeat,Delivered
O0004283,2025-11-10,Repeat,Delivered
O0004284,2025-10-09,New,Delivered
O0004285,2026-05-02,Repeat,Delivered
O0004286,2025-10-10,New,Delivered
O0004287,2025-10-09,New,Delivered
O0004288,2026-08-14,Repeat,Delivered
O0004289,2025-11-19,New,Delivered
O0004290,2026-01-19,New,Delivered
O0004291,2025-12-31,New,Delivered
O0004292,2026-08-04,Repeat,Delivered
O0004293,2025-10-24,New,Delivered
O0004294,2026-02-27,New,Delivered
O0004295,2025-09-12,Repeat,Delivered
O0004296,2026-05-08,New,Delivered
O0004297,2025-11-29,New,Delivered
O0004298,2026-04-25,Repeat,Delivered
O0004299,2026-02-19,New,Cancelled
O0004300,2026-03-26,New,Delivered
O0004301,2026-01-25,Repeat,Delivered
O0004302,2026-03-23,New,Delivered
O0004303,2025-09-03,Repeat,Delivered
O0004304,2026-07-24,New,Delivered
O0004305,2025-09-20,Repeat,Delivered
O0004306,2026-05-14,New,Delivered
O0004307,2026-08-16,New,Delivered
O0004308,2026-01-29,New,Delivered
O0004309,2026-08-10,New,Delivered
O0004310,2025-09-01,New,Delivered
O0004311,2025-11-15,New,Delivered
O0004312,2025-11-02,Repeat,Cancelled
O0004313,2025-11-07,New,Delivered
O0004314,2026-07-13,New,Delivered
O0004315,2026-02-23,New,Delivered
O0004316,2026-02-04,New,Delivered
O0004317,2026-03-05,New,Delivered
O0004318,2026-02-27,New,Delivered
O0004319,2026-08-04,New,Delivered
O0004320,2025-10-06,Repeat,Delivered
O0004321,2025-08-21,Repeat,Delivered
O0004322,2025-12-16,New,Delivered
O0004323,2026-05-26,New,Delivered
O0004324,2026-01-03,New,Delivered
O0004325,2026-03-11,Repeat,Delivered
O0004326,2026-08-15,New,Cancelled
O0004327,2026-04-16,Repeat,Delivered
O0004328,2025-09-09,New,Delivered
O0004329,2025-12-11,New,Delivered
O0004330,2026-03-01,Repeat,Delivered
O0004331,2025-08-20,Repeat,Delivered
O0004332,2025-10-18,New,Delivered
O0004333,2025-11-14,Repeat,Delivered
O0004334,2025-10-02,Repeat,Delivered
O0004335,2025-10-29,New,Delivered
O0004336,2025-08-07,Repeat,Delivered
O0004337,2026-07-26,Repeat,Delivered
O0004338,2025-10-28,New,Delivered
O0004339,2026-06-03,Repeat,Delivered
O0004340,2026-07-16,Repeat,Delivered
O0004341,2026-07-10,New,Delivered
O0004342,2026-08-07,Repeat,Delivered
O0004343,2026-07-13,New,Delivered
O0004344,2026-06-13,New,Delivered
O0004345,2026-03-21,New,Delivered
O0004346,2026-01-13,Repeat,Cancelled
O0004347,2026-04-30,Repeat,Cancelled
O0004348,2026-06-30,New,Delivered
O0004349,2026-02-07,New,Delivered
O0004350,2026-03-24,New,Delivered
O0004351,2025-10-26,New,Delivered
O0004352,2025-08-29,New,Delivered
O0004353,2025-10-29,Repeat,Delivered
O0004354,2025-10-12,Repeat,Delivered
O0004355,2025-08-30,New,Delivered
O0004356,2026-04-17,Repeat,Delivered
O0004357,2026-06-25,Repeat,Delivered
O0004358,2026-03-09,New,Delivered
O0004359,2026-05-08,Repeat,Delivered
O0004360,2026-01-15,New,Delivered
O0004361,2026-08-09,Repeat,Cancelled
O0004362,2025-08-05,New,Delivered
O0004363,2026-01-04,New,Delivered
O0004364,2026-06-02,New,Delivered
O0004365,2025-12-07,New,Delivered
O0004366,2026-07-18,New,Delivered
O0004367,2026-01-22,New,Delivered
O0004368,2026-04-01,New,Delivered
O0004369,2026-08-04,New,Delivered
O0004370,2026-05-14,New,Delivered
O0004371,2026-06-04,New,Delivered
O0004372,2025-12-09,New,Delivered
O0004373,2025-08-11,New,Delivered
O0004374,2026-04-05,Repeat,Delivered
O0004375,2025-08-02,New,Delivered
O0004376,2026-06-05,New,Delivered
O0004377,2026-07-08,New,Delivered
O0004378,2026-04-11,Repeat,Delivered
O0004379,2026-06-14,Repeat,Delivered
O0004380,2025-10-20,New,Delivered
O0004381,2026-04-19,New,Delivered
O0004382,2025-08-30,New,Delivered
O0004383,2025-12-11,New,Delivered
O0004384,2025-10-28,New,Delivered
O0004385,2026-06-30,Repeat,Returned
O0004386,2025-08-21,New,Delivered
O0004387,2026-05-13,Repeat,Delivered
O0004388,2026-04-21,Repeat,Delivered
O0004389,2026-07-18,New,Delivered
O0004390,2026-08-11,Repeat,Delivered
O0004391,2026-08-06,Repeat,Delivered
O0004392,2025-11-01,New,Delivered
O0004393,2026-06-16,New,Delivered
O0004394,2026-04-14,Repeat,Delivered
O0004395,2026-02-13,Repeat,Delivered
O0004396,2025-08-01,Repeat,Delivered
O0004397,2025-12-11,New,Delivered
O0004398,2025-08-25,Repeat,Delivered
O0004399,2025-09-10,Repeat,Delivered
O0004400,2025-12-04,New,Delivered
O0004401,2026-02-21,Repeat,Delivered
O0004402,2026-01-06,New,Delivered
O0004403,2026-01-13,New,Cancelled
O0004404,2025-10-31,New,Delivered
O0004405,2026-06-16,New,Delivered
O0004406,2026-07-22,Repeat,Delivered
O0004407,2025-12-12,New,Cancelled
O0004408,2026-02-15,New,Delivered
O0004409,2026-06-24,New,Delivered
O0004410,2026-02-11,New,Delivered
O0004411,2025-09-07,Repeat,Delivered
O0004412,2026-02-11,New,Delivered
O0004413,2025-09-14,New,Delivered
O0004414,2026-05-18,Repeat,Delivered
O0004415,2026-05-25,New,Delivered
O0004416,2025-11-11,Repeat,Delivered
O0004417,2026-05-23,New,Delivered
O0004418,2025-08-15,New,Delivered
O0004419,2025-11-24,New,Delivered
O0004420,2026-04-20,New,Delivered
O0004421,2026-01-05,New,Delivered
O0004422,2026-08-09,New,Delivered
O0004423,2025-10-30,Repeat,Delivered
O0004424,2026-05-27,New,Delivered
O0004425,2025-09-11,New,Returned
O0004426,2025-12-17,Repeat,Delivered
O0004427,2026-08-08,New,Delivered
O0004428,2026-06-13,Repeat,Delivered
O0004429,2025-12-03,Repeat,Delivered
O0004430,2025-11-01,New,Delivered
O0004431,2025-09-03,Repeat,Delivered
O0004432,2026-05-04,Repeat,Delivered
O0004433,2026-03-16,Repeat,Delivered
O0004434,2026-01-22,Repeat,Delivered
O0004435,2025-09-11,Repeat,Delivered
O0004436,2025-08-24,Repeat,Delivered
O0004437,2026-06-13,Repeat,Delivered
O0004438,2025-10-02,New,Delivered
O0004439,2026-05-05,Repeat,Delivered
O0004440,2026-02-09,New,Delivered
O0004441,2026-07-07,Repeat,Delivered
O0004442,2026-01-19,Repeat,Delivered
O0004443,2025-10-14,New,Delivered
O0004444,2025-10-07,New,Delivered
O0004445,2026-03-15,New,Delivered
O0004446,2025-11-27,Repeat,Delivered
O0004447,2026-01-11,Repeat,Delivered
O0004448,2025-09-07,New,Delivered
O0004449,2025-10-03,Repeat,Delivered
O0004450,2026-01-22,New,Delivered
O0004451,2026-04-11,New,Delivered
O0004452,2026-07-03,New,Delivered
O0004453,2026-07-30,New,Delivered
O0004454,2026-07-19,New,Cancelled
O0004455,2026-03-26,Repeat,Returned
O0004456,2025-11-04,New,Delivered
O0004457,2026-07-26,Repeat,Delivered
O0004458,2026-02-03,New,Delivered
O0004459,2026-01-02,Repeat,Delivered
O0004460,2026-03-22,Repeat,Delivered
O0004461,2026-07-16,Repeat,Cancelled
O0004462,2026-04-19,New,Delivered
O0004463,2026-02-06,Repeat,Delivered
O0004464,2025-09-06,New,Delivered
O0004465,2026-02-07,New,Returned
O0004466,2026-08-10,New,Delivered
O0004467,2026-05-11,Repeat,Delivered
O0004468,2026-04-05,Repeat,Delivered
O0004469,2025-08-13,Repeat,Delivered
O0004470,2025-10-25,Repeat,Delivered
O0004471,2025-09-15,New,Delivered
O0004472,2025-10-30,Repeat,Delivered
O0004473,2025-08-14,New,Delivered
O0004474,2025-12-05,New,Delivered
O0004475,2026-01-11,New,Delivered
O0004476,2026-06-07,New,Delivered
O0004477,2025-12-02,Repeat,Cancelled
O0004478,2026-07-25,New,Delivered
O0004479,2025-12-12,New,Delivered
O0004480,2026-03-19,Repeat,Delivered
O0004481,2025-12-01,New,Delivered
O0004482,2025-10-23,New,Delivered
O0004483,2025-10-13,Repeat,Delivered
O0004484,2025-10-01,New,Delivered
O0004485,2025-12-21,Repeat,Delivered
O0004486,2025-08-08,New,Delivered
O0004487,2026-02-17,New,Delivered
O0004488,2026-06-20,Repeat,Delivered
O0004489,2026-02-23,New,Cancelled
O0004490,2026-06-20,New,Delivered
O0004491,2026-04-13,New,Delivered
O0004492,2025-11-09,New,Delivered
O0004493,2025-09-24,New,Cancelled
O0004494,2025-12-31,New,Delivered
O0004495,2025-10-09,New,Delivered
O0004496,2026-04-18,Repeat,Delivered
O0004497,2025-12-22,New,Delivered
O0004498,2026-05-11,New,Returned
O0004499,2026-07-31,Repeat,Delivered
O0004500,2026-01-16,Repeat,Delivered
O0004501,2025-11-09,New,Delivered
O0004502,2026-04-09,New,Returned
O0004503,2026-06-19,New,Delivered
O0004504,2026-01-28,New,Delivered
O0004505,2026-05-15,New,Delivered
O0004506,2026-06-17,New,Delivered
O0004507,2025-09-08,New,Returned
O0004508,2026-07-08,New,Delivered
O0004509,2025-10-14,New,Delivered
O0004510,2026-02-19,New,Cancelled
O0004511,2025-10-18,New,Cancelled
O0004512,2026-06-29,New,Delivered
O0004513,2025-10-11,New,Delivered
O0004514,2026-04-08,New,Delivered
O0004515,2026-05-04,Repeat,Delivered
O0004516,2026-07-17,Repeat,Delivered
O0004517,2025-09-04,New,Delivered
O0004518,2026-02-21,New,Delivered
O0004519,2025-09-16,Repeat,Cancelled
O0004520,2025-08-09,New,Delivered
O0004521,2026-08-13,Repeat,Delivered
O0004522,2026-06-05,New,Delivered
O0004523,2026-06-15,Repeat,Cancelled
O0004524,2026-06-20,New,Delivered
O0004525,2025-11-27,New,Delivered
O0004526,2026-05-10,New,Delivered
O0004527,2025-12-16,Repeat,Delivered
O0004528,2025-08-02,Repeat,Delivered
O0004529,2026-05-18,Repeat,Delivered
O0004530,2026-02-17,New,Delivered
O0004531,2025-10-20,Repeat,Delivered
O0004532,2026-02-21,New,Delivered
O0004533,2026-05-28,New,Delivered
O0004534,2026-02-06,New,Delivered
O0004535,2026-01-30,New,Delivered
O0004536,2026-01-02,Repeat,Delivered
O0004537,2026-01-05,Repeat,Delivered
O0004538,2025-08-11,New,Delivered
O0004539,2026-01-20,New,Delivered
O0004540,2026-07-22,Repeat,Delivered
O0004541,2026-05-03,Repeat,Delivered
O0004542,2026-06-14,New,Delivered
O0004543,2025-10-17,Repeat,Delivered
O0004544,2026-06-25,Repeat,Cancelled
O0004545,2025-11-24,New,Delivered
O0004546,2025-12-03,Repeat,Delivered
O0004547,2025-12-19,New,Delivered
O0004548,2026-02-19,Repeat,Delivered
O0004549,2026-06-25,New,Delivered
O0004550,2026-04-07,New,Delivered
O0004551,2026-05-01,New,Delivered
O0004552,2025-08-13,New,Cancelled
O0004553,2025-08-25,Repeat,Delivered
O0004554,2026-07-24,New,Delivered
O0004555,2026-05-26,New,Delivered
O0004556,2026-05-28,Repeat,Delivered
O0004557,2026-05-30,New,Delivered
O0004558,2026-04-03,Repeat,Delivered
O0004559,2025-09-28,Repeat,Delivered
O0004560,2026-07-28,Repeat,Delivered
O0004561,2026-06-20,New,Delivered
O0004562,2026-05-08,New,Delivered
O0004563,2026-04-19,New,Delivered
O0004564,2026-01-10,New,Delivered
O0004565,2026-07-26,New,Delivered
O0004566,2025-09-08,New,Delivered
O0004567,2025-09-26,Repeat,Delivered
O0004568,2025-08-20,Repeat,Delivered
O0004569,2026-06-28,New,Delivered
O0004570,2026-06-12,New,Cancelled
O0004571,2026-07-04,Repeat,Delivered
O0004572,2025-11-14,New,Delivered
O0004573,2025-11-10,Repeat,Returned
O0004574,2026-01-20,New,Delivered
O0004575,2026-04-02,New,Delivered
O0004576,2026-07-27,Repeat,Delivered
O0004577,2026-04-04,Repeat,Returned
O0004578,2026-08-15,New,Delivered
O0004579,2026-04-14,New,Delivered
O0004580,2025-10-09,Repeat,Delivered
O0004581,2026-03-10,Repeat,Delivered
O0004582,2025-11-14,New,Delivered
O0004583,2025-11-04,New,Delivered
O0004584,2025-08-30,Repeat,Delivered
O0004585,2026-03-18,New,Delivered
O0004586,2025-11-14,Repeat,Delivered
O0004587,2026-04-20,New,Delivered
O0004588,2026-06-22,New,Delivered
O0004589,2026-06-23,New,Delivered
O0004590,2026-04-25,New,Delivered
O0004591,2026-03-19,Repeat,Delivered
O0004592,2025-10-05,New,Delivered
O0004593,2026-01-08,Repeat,Delivered
O0004594,2025-11-26,Repeat,Delivered
O0004595,2026-05-07,New,Delivered
O0004596,2025-11-01,New,Delivered
O0004597,2026-01-24,New,Delivered
O0004598,2026-06-25,New,Delivered
O0004599,2026-02-20,New,Delivered
O0004600,2025-11-16,New,Delivered
O0004601,2025-09-18,New,Delivered
O0004602,2026-07-10,New,Delivered
O0004603,2025-12-16,Repeat,Delivered
O0004604,2026-08-16,Repeat,Delivered
O0004605,2026-08-02,New,Delivered
O0004606,2025-12-15,Repeat,Delivered
O0004607,2026-05-07,Repeat,Delivered
O0004608,2026-01-31,New,Delivered
O0004609,2025-11-09,New,Delivered
O0004610,2026-04-14,Repeat,Delivered
O0004611,2026-01-10,New,Delivered
O0004612,2026-01-10,Repeat,Delivered
O0004613,2026-08-05,New,Delivered
O0004614,2025-10-03,Repeat,Cancelled
O0004615,2026-02-05,Repeat,Delivered
O0004616,2025-08-18,New,Delivered
O0004617,2026-02-04,New,Delivered
O0004618,2025-08-11,New,Delivered
O0004619,2025-11-13,Repeat,Delivered
O0004620,2026-06-16,Repeat,Delivered
O0004621,2025-12-21,Repeat,Delivered
O0004622,2026-02-03,New,Delivered
O0004623,2025-10-02,New,Delivered
O0004624,2026-01-01,Repeat,Delivered
O0004625,2026-08-10,New,Delivered
O0004626,2025-10-31,New,Delivered
O0004627,2026-03-25,New,Delivered
O0004628,2025-11-11,Repeat,Delivered
O0004629,2026-04-30,New,Delivered
O0004630,2026-08-13,New,Delivered
O0004631,2026-02-19,Repeat,Delivered
O0004632,2025-09-06,New,Delivered
O0004633,2026-07-12,New,Delivered
O0004634,2026-06-03,Repeat,Delivered
O0004635,2025-12-22,New,Delivered
O0004636,2026-08-14,New,Delivered
O0004637,2025-10-06,New,Delivered
O0004638,2026-06-18,New,Delivered
O0004639,2026-05-27,Repeat,Delivered
O0004640,2026-01-01,New,Delivered
O0004641,2026-04-09,New,Delivered
O0004642,2026-07-05,New,Cancelled
O0004643,2026-02-06,Repeat,Delivered
O0004644,2025-11-13,Repeat,Delivered
O0004645,2025-10-01,Repeat,Delivered
O0004646,2025-09-15,New,Delivered
O0004647,2026-07-04,New,Delivered
O0004648,2026-01-19,Repeat,Delivered
O0004649,2025-11-05,New,Delivered
O0004650,2026-02-20,Repeat,Delivered
O0004651,2026-07-12,New,Delivered
O0004652,2025-11-30,New,Delivered
O0004653,2025-11-04,New,Delivered
O0004654,2026-07-01,New,Delivered
O0004655,2026-04-14,Repeat,Delivered
O0004656,2026-02-18,Repeat,Delivered
O0004657,2026-04-30,New,Delivered
O0004658,2025-11-01,Repeat,Delivered
O0004659,2026-02-16,New,Delivered
O0004660,2026-08-08,Repeat,Delivered
O0004661,2026-07-08,New,Delivered
O0004662,2026-07-20,Repeat,Delivered
O0004663,2026-04-15,Repeat,Delivered
O0004664,2026-06-14,Repeat,Delivered
O0004665,2025-12-14,New,Delivered
O0004666,2026-07-15,New,Delivered
O0004667,2025-08-07,New,Cancelled
O0004668,2026-01-01,New,Cancelled
O0004669,2026-02-15,Repeat,Delivered
O0004670,2026-03-03,Repeat,Delivered
O0004671,2026-04-03,New,Delivered
O0004672,2026-07-20,New,Delivered
O0004673,2026-01-05,Repeat,Delivered
O0004674,2025-08-17,New,Delivered
O0004675,2025-12-18,Repeat,Delivered
O0004676,2026-01-11,New,Delivered
O0004677,2026-03-02,New,Delivered
O0004678,2026-05-26,Repeat,Delivered
O0004679,2026-02-08,New,Delivered
O0004680,2026-08-01,Repeat,Delivered
O0004681,2026-02-21,New,Returned
O0004682,2026-08-10,New,Delivered
O0004683,2026-05-18,Repeat,Delivered
O0004684,2026-08-14,Repeat,Delivered
O0004685,2026-04-27,Repeat,Delivered
O0004686,2025-09-27,Repeat,Delivered
O0004687,2026-07-12,New,Delivered
O0004688,2025-11-09,Repeat,Delivered
O0004689,2025-08-21,New,Delivered
O0004690,2025-11-01,New,Returned
O0004691,2025-12-06,Repeat,Delivered
O0004692,2025-10-21,New,Delivered
O0004693,2025-09-08,Repeat,Delivered
O0004694,2025-09-18,New,Delivered
O0004695,2026-05-08,New,Delivered
O0004696,2026-04-20,New,Delivered
O0004697,2026-02-09,New,Delivered
O0004698,2025-08-31,New,Delivered
O0004699,2026-07-06,New,Delivered
O0004700,2026-03-07,Repeat,Cancelled
O0004701,2026-04-24,Repeat,Delivered
O0004702,2026-03-25,New,Delivered
O0004703,2026-05-25,New,Delivered
O0004704,2026-02-19,New,Delivered
O0004705,2025-12-30,New,Delivered
O0004706,2025-10-12,New,Delivered
O0004707,2026-07-10,New,Delivered
O0004708,2025-11-11,Repeat,Delivered
O0004709,2025-09-08,New,Delivered
O0004710,2026-02-03,New,Delivered
O0004711,2026-02-15,Repeat,Cancelled
O0004712,2026-03-17,Repeat,Delivered
O0004713,2025-09-17,New,Delivered
O0004714,2026-08-05,Repeat,Delivered
O0004715,2025-09-21,New,Delivered
O0004716,2026-07-09,Repeat,Delivered
O0004717,2026-08-12,Repeat,Delivered
O0004718,2026-01-20,New,Delivered
O0004719,2025-12-06,Repeat,Delivered
O0004720,2026-07-12,Repeat,Delivered
O0004721,2026-08-05,Repeat,Returned
O0004722,2025-09-11,Repeat,Delivered
O0004723,2026-01-16,New,Delivered
O0004724,2026-02-16,Repeat,Delivered
O0004725,2025-09-15,Repeat,Delivered
O0004726,2025-11-03,New,Delivered
O0004727,2025-10-08,New,Delivered
O0004728,2026-04-29,Repeat,Delivered
O0004729,2025-12-26,Repeat,Delivered
O0004730,2025-11-12,New,Delivered
O0004731,2026-06-12,New,Delivered
O0004732,2026-05-28,Repeat,Delivered
O0004733,2026-04-14,New,Delivered
O0004734,2025-12-26,New,Delivered
O0004735,2025-09-21,Repeat,Delivered
O0004736,2025-08-16,New,Returned
O0004737,2025-10-15,Repeat,Returned
O0004738,2025-09-09,Repeat,Returned
O0004739,2026-03-19,Repeat,Delivered
O0004740,2026-03-03,New,Delivered
O0004741,2026-01-27,Repeat,Delivered
O0004742,2025-09-21,New,Delivered
O0004743,2025-11-05,New,Delivered
O0004744,2026-03-05,New,Delivered
O0004745,2026-02-02,New,Delivered
O0004746,2026-03-11,New,Delivered
O0004747,2025-10-24,Repeat,Delivered
O0004748,2025-08-02,Repeat,Delivered
O0004749,2025-12-30,Repeat,Delivered
O0004750,2025-12-22,Repeat,Delivered
O0004751,2026-06-08,New,Delivered
O0004752,2026-01-17,New,Delivered
O0004753,2026-02-15,New,Delivered
O0004754,2025-12-07,New,Delivered
O0004755,2026-06-15,New,Delivered
O0004756,2025-09-08,Repeat,Delivered
O0004757,2026-07-24,New,Delivered
O0004758,2026-02-27,Repeat,Delivered
O0004759,2026-02-08,New,Delivered
O0004760,2026-06-18,New,Delivered
O0004761,2026-08-03,New,Delivered
O0004762,2026-04-02,New,Delivered
O0004763,2026-02-09,New,Delivered
O0004764,2026-03-23,New,Delivered
O0004765,2026-05-01,New,Delivered
O0004766,2025-09-04,Repeat,Delivered
O0004767,2026-07-30,New,Delivered
O0004768,2025-09-28,New,Returned
O0004769,2026-02-02,New,Delivered
O0004770,2026-05-25,New,Delivered
O0004771,2026-08-07,New,Delivered
O0004772,2026-06-11,Repeat,Delivered
O0004773,2026-04-16,New,Delivered
O0004774,2026-08-08,New,Delivered
O0004775,2026-01-19,New,Delivered
O0004776,2026-05-14,Repeat,Delivered
O0004777,2026-04-26,Repeat,Delivered
O0004778,2026-07-19,New,Delivered
O0004779,2025-09-11,Repeat,Delivered
O0004780,2026-06-23,New,Delivered
O0004781,2026-05-13,Repeat,Delivered
O0004782,2025-12-19,New,Delivered
O0004783,2026-03-30,New,Delivered
O0004784,2025-08-29,Repeat,Delivered
O0004785,2026-08-01,Repeat,Delivered
O0004786,2025-08-14,Repeat,Delivered
O0004787,2025-12-26,New,Delivered
O0004788,2026-04-18,New,Delivered
O0004789,2026-06-14,New,Delivered
O0004790,2026-02-15,Repeat,Delivered
O0004791,2025-11-04,New,Delivered
O0004792,2025-12-22,Repeat,Delivered
O0004793,2026-04-23,New,Delivered
O0004794,2025-11-08,New,Delivered
O0004795,2025-09-20,Repeat,Delivered
O0004796,2026-06-20,New,Delivered
O0004797,2025-12-26,New,Delivered
O0004798,2025-11-13,Repeat,Delivered
O0004799,2026-05-30,New,Delivered
O0004800,2026-03-04,Repeat,Delivered
O0004801,2026-07-10,New,Delivered
O0004802,2025-09-10,Repeat,Delivered
O0004803,2026-03-15,New,Delivered
O0004804,2025-11-08,New,Returned
O0004805,2026-05-18,Repeat,Delivered
O0004806,2026-02-24,New,Delivered
O0004807,2025-08-14,New,Cancelled
O0004808,2026-03-14,New,Delivered
O0004809,2026-02-21,Repeat,Delivered
O0004810,2026-02-27,New,Delivered
O0004811,2026-07-14,New,Delivered
O0004812,2026-03-28,New,Delivered
O0004813,2026-03-02,Repeat,Delivered
O0004814,2025-10-16,New,Delivered
O0004815,2026-05-05,New,Delivered
O0004816,2026-08-07,New,Delivered
O0004817,2026-07-03,Repeat,Delivered
O0004818,2026-06-04,New,Delivered
O0004819,2026-04-06,New,Delivered
O0004820,2025-12-24,New,Delivered
O0004821,2025-08-24,New,Delivered
O0004822,2026-06-09,Repeat,Delivered
O0004823,2026-01-05,Repeat,Delivered
O0004824,2026-06-15,New,Delivered
O0004825,2026-07-11,New,Delivered
O0004826,2026-04-26,Repeat,Delivered
O0004827,2026-01-23,New,Delivered
O0004828,2025-11-10,New,Delivered
O0004829,2026-07-04,New,Delivered
O0004830,2026-05-25,New,Delivered
O0004831,2026-06-01,New,Delivered
O0004832,2026-03-06,New,Delivered
O0004833,2026-07-20,Repeat,Delivered
O0004834,2026-02-14,Repeat,Delivered
O0004835,2026-04-07,New,Delivered
O0004836,2026-06-03,Repeat,Delivered
O0004837,2025-12-08,Repeat,Delivered
O0004838,2026-03-26,New,Delivered
O0004839,2026-04-12,New,Delivered
O0004840,2025-09-27,New,Delivered
O0004841,2026-02-12,New,Delivered
O0004842,2025-08-12,New,Delivered
O0004843,2025-12-04,New,Delivered
O0004844,2025-11-11,New,Delivered
O0004845,2025-10-12,New,Delivered
O0004846,2025-12-19,New,Delivered
O0004847,2026-06-20,Repeat,Delivered
O0004848,2026-02-24,New,Delivered
O0004849,2025-10-25,New,Delivered
O0004850,2026-05-27,Repeat,Delivered
O0004851,2026-04-28,Repeat,Delivered
O0004852,2026-08-03,Repeat,Delivered
O0004853,2025-09-04,New,Delivered
O0004854,2026-07-02,Repeat,Delivered
O0004855,2025-12-27,Repeat,Returned
O0004856,2025-08-23,New,Delivered
O0004857,2026-02-28,Repeat,Delivered
O0004858,2025-12-28,New,Delivered
O0004859,2025-09-19,New,Delivered
O0004860,2026-01-16,New,Delivered
O0004861,2025-11-12,Repeat,Delivered
O0004862,2026-05-09,Repeat,Delivered
O0004863,2026-01-26,New,Delivered
O0004864,2025-10-13,Repeat,Delivered
O0004865,2025-11-13,Repeat,Delivered
O0004866,2025-09-01,New,Delivered
O0004867,2026-05-13,Repeat,Delivered
O0004868,2026-08-14,New,Delivered
O0004869,2026-02-02,New,Delivered
O0004870,2025-09-24,New,Delivered
O0004871,2026-04-07,Repeat,Delivered
O0004872,2026-08-13,Repeat,Delivered
O0004873,2026-01-29,Repeat,Delivered
O0004874,2026-05-03,New,Delivered
O0004875,2025-10-26,Repeat,Cancelled
O0004876,2026-03-13,Repeat,Delivered
O0004877,2026-02-23,New,Delivered
O0004878,2026-05-25,Repeat,Delivered
O0004879,2026-03-04,New,Delivered
O0004880,2025-12-17,New,Delivered
O0004881,2026-08-03,New,Delivered
O0004882,2026-04-09,New,Delivered
O0004883,2026-03-19,New,Delivered
O0004884,2026-02-17,New,Delivered
O0004885,2025-10-28,New,Delivered
O0004886,2026-04-08,Repeat,Delivered
O0004887,2025-12-24,New,Delivered
O0004888,2026-01-21,New,Cancelled
O0004889,2026-01-28,New,Delivered
O0004890,2025-11-12,New,Delivered
O0004891,2026-03-23,New,Delivered
O0004892,2026-05-01,New,Delivered
O0004893,2025-08-19,Repeat,Delivered
O0004894,2026-03-26,New,Delivered
O0004895,2025-08-10,New,Cancelled
O0004896,2025-12-09,New,Delivered
O0004897,2026-03-05,New,Delivered
O0004898,2025-11-07,Repeat,Delivered
O0004899,2026-07-30,New,Delivered
O0004900,2025-10-23,Repeat,Delivered
O0004901,2026-08-01,New,Delivered
O0004902,2026-06-04,Repeat,Delivered
O0004903,2026-04-22,Repeat,Cancelled
O0004904,2026-06-16,New,Delivered
O0004905,2026-08-14,New,Delivered
O0004906,2025-12-23,New,Delivered
O0004907,2025-08-15,New,Returned
O0004908,2025-10-13,New,Delivered
O0004909,2026-04-24,Repeat,Delivered
O0004910,2026-04-04,Repeat,Delivered
O0004911,2025-10-30,New,Delivered
O0004912,2025-08-09,Repeat,Delivered
O0004913,2026-07-31,Repeat,Delivered
O0004914,2026-03-16,New,Delivered
O0004915,2025-12-23,Repeat,Delivered
O0004916,2025-12-02,New,Cancelled
O0004917,2026-06-16,Repeat,Delivered
O0004918,2026-03-05,New,Delivered
O0004919,2025-08-29,New,Delivered
O0004920,2026-03-02,Repeat,Delivered
O0004921,2026-07-13,New,Delivered
O0004922,2026-07-22,Repeat,Delivered
O0004923,2026-06-09,New,Delivered
O0004924,2026-06-24,New,Delivered
O0004925,2025-12-18,New,Delivered
O0004926,2025-12-10,New,Delivered
O0004927,2026-03-25,New,Delivered
O0004928,2025-12-01,Repeat,Delivered
O0004929,2025-10-15,New,Delivered
O0004930,2026-07-02,New,Delivered
O0004931,2026-07-31,Repeat,Delivered
O0004932,2025-12-04,New,Delivered
O0004933,2025-10-13,New,Delivered
O0004934,2026-01-17,New,Delivered
O0004935,2026-01-21,New,Delivered
O0004936,2026-05-07,New,Delivered
O0004937,2026-01-20,Repeat,Delivered
O0004938,2026-03-21,New,Delivered
O0004939,2026-07-08,Repeat,Delivered
O0004940,2026-05-17,New,Delivered
O0004941,2026-05-13,Repeat,Delivered
O0004942,2025-10-09,Repeat,Delivered
O0004943,2025-10-17,New,Delivered
O0004944,2025-08-28,New,Cancelled
O0004945,2026-04-07,Repeat,Delivered
O0004946,2026-04-13,Repeat,Cancelled
O0004947,2026-01-06,New,Delivered
O0004948,2026-01-26,New,Delivered
O0004949,2026-06-15,Repeat,Delivered
O0004950,2026-05-05,New,Delivered
O0004951,2026-05-18,New,Delivered
O0004952,2026-05-12,Repeat,Delivered
O0004953,2025-08-01,New,Delivered
O0004954,2026-04-18,New,Delivered
O0004955,2026-01-20,Repeat,Cancelled
O0004956,2026-05-22,Repeat,Delivered
O0004957,2026-03-03,New,Delivered
O0004958,2026-02-18,Repeat,Delivered
O0004959,2025-11-08,Repeat,Delivered
O0004960,2025-09-25,New,Cancelled
O0004961,2026-03-28,New,Returned
O0004962,2025-10-10,Repeat,Delivered
O0004963,2026-08-01,New,Delivered
O0004964,2026-01-06,New,Delivered
O0004965,2025-10-01,New,Delivered
O0004966,2026-08-08,Repeat,Delivered
O0004967,2026-08-06,Repeat,Delivered
O0004968,2026-06-15,Repeat,Delivered
O0004969,2026-06-24,New,Delivered
O0004970,2026-04-10,Repeat,Delivered
O0004971,2026-01-18,New,Delivered
O0004972,2026-02-25,New,Delivered
O0004973,2025-08-18,New,Delivered
O0004974,2026-02-26,New,Delivered
O0004975,2026-03-24,New,Returned
O0004976,2025-11-05,New,Delivered
O0004977,2025-10-05,Repeat,Delivered
O0004978,2026-03-17,New,Delivered
O0004979,2026-01-08,New,Delivered
O0004980,2026-06-12,New,Delivered
O0004981,2025-12-20,Repeat,Delivered
O0004982,2025-11-01,Repeat,Delivered
O0004983,2025-11-18,New,Delivered
O0004984,2025-12-23,Repeat,Delivered
O0004985,2026-04-20,New,Delivered
O0004986,2025-10-29,Repeat,Delivered
O0004987,2026-04-15,New,Delivered
O0004988,2025-09-08,New,Delivered
O0004989,2026-05-22,New,Delivered
O0004990,2026-07-08,Repeat,Delivered
O0004991,2025-09-28,New,Cancelled
O0004992,2025-12-20,New,Delivered
O0004993,2025-12-27,Repeat,Delivered
O0004994,2026-04-16,New,Delivered
O0004995,2026-03-01,Repeat,Delivered
O0004996,2026-01-10,New,Delivered
O0004997,2026-01-14,New,Delivered
O0004998,2025-09-18,Repeat,Delivered
O0004999,2025-10-29,Repeat,Delivered
O0005000,2026-05-23,Repeat,Delivered
