sale_id,product_id,warehouse_id,sale_date,quantity_sold,selling_price,sales_amount
SAL0000001,P0054,WH003,2026-05-28,11,11936.62,131302.82
SAL0000002,P0090,WH006,2026-02-11,19,12387.89,235369.91
SAL0000003,P0012,WH006,2026-03-29,52,14129.48,734732.96
SAL0000004,P0136,WH005,2025-11-17,18,9626.15,173270.7
SAL0000005,P0074,WH008,2026-01-16,32,10068.76,322200.32
SAL0000006,P0144,WH005,2026-05-19,23,13859.79,318775.17
SAL0000007,P0026,WH008,2026-04-15,12,3320.79,39849.48
SAL0000008,P0136,WH004,2026-01-11,58,9626.15,558316.7
SAL0000009,P0045,WH005,2026-06-14,77,7353.86,566247.22
SAL0000010,P0084,WH007,2025-09-07,21,383.71,8057.91
SAL0000011,P0147,WH008,2026-07-01,21,826.55,17357.55
SAL0000012,P0145,WH007,2025-11-30,29,10988.78,318674.62
SAL0000013,P0103,WH005,2025-08-18,79,12534.03,990188.37
SAL0000014,P0124,WH007,2026-06-06,47,3098.15,145613.05
SAL0000015,P0123,WH008,2026-03-15,12,5568.28,66819.36
SAL0000016,P0116,WH001,2026-02-02,58,9441.89,547629.62
SAL0000017,P0014,WH007,2025-09-05,41,9958.36,408292.76
SAL0000018,P0017,WH005,2026-05-02,19,12869.16,244514.04
SAL0000019,P0013,WH005,2025-09-26,12,5230.23,62762.76
SAL0000020,P0093,WH007,2025-11-15,23,14803.06,340470.38
SAL0000021,P0063,WH008,2026-01-29,5,9321.2,46606.0
SAL0000022,P0033,WH004,2026-04-03,26,14261.13,370789.38
SAL0000023,P0029,WH004,2025-12-07,63,5999.79,377986.77
SAL0000024,P0037,WH008,2025-10-16,52,1839.84,95671.68
SAL0000025,P0103,WH002,2026-04-08,10,12534.03,125340.3
SAL0000026,P0024,WH005,2025-11-09,39,10854.56,423327.84
SAL0000027,P0142,WH005,2026-07-31,23,10972.07,252357.61
SAL0000028,P0133,WH006,2026-02-20,11,10911.61,120027.71
SAL0000029,P0125,WH005,2026-04-08,72,13379.19,963301.68
SAL0000030,P0053,WH001,2026-07-31,48,4950.69,237633.12
SAL0000031,P0088,WH007,2025-09-20,16,673.42,10774.72
SAL0000032,P0098,WH006,2026-06-10,46,8703.81,400375.26
SAL0000033,P0114,WH005,2026-06-24,47,17232.19,809912.93
SAL0000034,P0095,WH001,2026-05-27,48,16693.57,801291.36
SAL0000035,P0120,WH002,2025-11-13,69,4392.45,303079.05
SAL0000036,P0073,WH006,2025-09-02,25,1439.34,35983.5
SAL0000037,P0106,WH007,2026-05-04,77,12961.82,998060.14
SAL0000038,P0026,WH007,2025-10-18,37,3320.79,122869.23
SAL0000039,P0018,WH008,2026-05-14,63,1249.34,78708.42
SAL0000040,P0136,WH008,2025-10-26,29,9626.15,279158.35
SAL0000041,P0146,WH003,2026-04-26,58,12971.8,752364.4
SAL0000042,P0058,WH005,2026-03-22,31,5550.94,172079.14
SAL0000043,P0093,WH006,2026-07-27,68,14803.06,1006608.08
SAL0000044,P0049,WH007,2025-12-04,41,8075.59,331099.19
SAL0000045,P0071,WH004,2025-12-08,50,10220.28,511014.0
SAL0000046,P0065,WH006,2025-12-24,44,8713.96,383414.24
SAL0000047,P0033,WH004,2026-05-21,9,14261.13,128350.17
SAL0000048,P0050,WH005,2026-07-21,59,4526.14,267042.26
SAL0000049,P0004,WH001,2026-06-18,27,1797.79,48540.33
SAL0000050,P0119,WH004,2026-04-19,59,15091.44,890394.96
SAL0000051,P0084,WH006,2026-05-20,3,383.71,1151.13
SAL0000052,P0117,WH008,2025-08-13,7,10971.0,76797.0
SAL0000053,P0102,WH006,2026-03-29,16,11449.48,183191.68
SAL0000054,P0131,WH007,2026-02-04,49,332.15,16275.35
SAL0000055,P0006,WH008,2026-02-10,32,5888.41,188429.12
SAL0000056,P0023,WH004,2025-08-28,44,3399.02,149556.88
SAL0000057,P0135,WH002,2026-04-06,19,13819.48,262570.12
SAL0000058,P0120,WH007,2025-12-29,3,4392.45,13177.35
SAL0000059,P0061,WH002,2025-08-11,60,685.7,41142.0
SAL0000060,P0100,WH002,2025-10-26,35,937.89,32826.15
SAL0000061,P0065,WH004,2025-08-09,29,8713.96,252704.84
SAL0000062,P0134,WH004,2026-04-03,75,4427.4,332055.0
SAL0000063,P0024,WH006,2025-09-16,70,10854.56,759819.2
SAL0000064,P0037,WH005,2025-11-01,45,1839.84,82792.8
SAL0000065,P0045,WH005,2026-04-23,27,7353.86,198554.22
SAL0000066,P0100,WH001,2026-03-26,69,937.89,64714.41
SAL0000067,P0102,WH008,2025-12-26,35,11449.48,400731.8
SAL0000068,P0063,WH004,2025-09-24,19,9321.2,177102.8
SAL0000069,P0029,WH007,2026-02-12,17,5999.79,101996.43
SAL0000070,P0101,WH008,2026-07-05,35,7703.08,269607.8
SAL0000071,P0109,WH007,2026-07-22,77,6650.85,512115.45
SAL0000072,P0096,WH008,2026-04-28,78,13787.01,1075386.78
SAL0000073,P0010,WH005,2025-11-08,30,12927.18,387815.4
SAL0000074,P0035,WH005,2025-11-18,48,12109.87,581273.76
SAL0000075,P0055,WH002,2026-05-07,57,14208.97,809911.29
SAL0000076,P0096,WH002,2025-10-17,17,13787.01,234379.17
SAL0000077,P0123,WH007,2025-08-19,15,5568.28,83524.2
SAL0000078,P0012,WH007,2025-12-18,14,14129.48,197812.72
SAL0000079,P0004,WH002,2026-05-18,14,1797.79,25169.06
SAL0000080,P0106,WH003,2026-07-09,45,12961.82,583281.9
SAL0000081,P0090,WH008,2025-11-12,38,12387.89,470739.82
SAL0000082,P0067,WH005,2026-04-10,63,486.56,30653.28
SAL0000083,P0145,WH002,2026-04-01,75,10988.78,824158.5
SAL0000084,P0065,WH002,2026-05-31,11,8713.96,95853.56
SAL0000085,P0082,WH004,2026-07-07,48,11631.72,558322.56
SAL0000086,P0105,WH007,2026-02-10,26,1294.66,33661.16
SAL0000087,P0084,WH006,2026-08-14,67,383.71,25708.57
SAL0000088,P0105,WH002,2026-01-24,25,1294.66,32366.5
SAL0000089,P0115,WH004,2026-03-06,61,7832.13,477759.93
SAL0000090,P0028,WH001,2025-11-23,26,5125.77,133270.02
SAL0000091,P0016,WH002,2026-02-02,34,3864.55,131394.7
SAL0000092,P0021,WH006,2026-07-02,9,7447.62,67028.58
SAL0000093,P0077,WH004,2026-01-09,40,12721.04,508841.6
SAL0000094,P0042,WH006,2026-02-06,75,10059.55,754466.25
SAL0000095,P0054,WH002,2026-04-19,7,11936.62,83556.34
SAL0000096,P0032,WH001,2025-12-27,30,4077.66,122329.8
SAL0000097,P0114,WH002,2026-01-02,66,17232.19,1137324.54
SAL0000098,P0038,WH004,2025-11-07,30,3005.11,90153.3
SAL0000099,P0114,WH001,2025-09-10,68,17232.19,1171788.92
SAL0000100,P0110,WH001,2026-06-15,58,8117.34,470805.72
SAL0000101,P0103,WH001,2026-01-25,55,12534.03,689371.65
SAL0000102,P0077,WH003,2026-05-31,14,12721.04,178094.56
SAL0000103,P0140,WH004,2025-12-06,77,9565.42,736537.34
SAL0000104,P0053,WH003,2026-06-01,77,4950.69,381203.13
SAL0000105,P0121,WH006,2026-07-26,77,5450.85,419715.45
SAL0000106,P0003,WH001,2026-07-09,37,10805.71,399811.27
SAL0000107,P0054,WH003,2026-04-27,44,11936.62,525211.28
SAL0000108,P0040,WH002,2025-11-21,6,3922.35,23534.1
SAL0000109,P0068,WH003,2025-09-21,26,7651.09,198928.34
SAL0000110,P0114,WH005,2025-11-21,14,17232.19,241250.66
SAL0000111,P0130,WH006,2025-08-14,8,14491.67,115933.36
SAL0000112,P0042,WH001,2025-12-09,24,10059.55,241429.2
SAL0000113,P0094,WH001,2026-01-03,39,4499.9,175496.1
SAL0000114,P0149,WH007,2026-02-26,49,2329.78,114159.22
SAL0000115,P0101,WH008,2026-06-14,63,7703.08,485294.04
SAL0000116,P0124,WH006,2026-05-05,26,3098.15,80551.9
SAL0000117,P0002,WH006,2026-04-10,10,1611.45,16114.5
SAL0000118,P0091,WH004,2025-12-19,77,10637.54,819090.58
SAL0000119,P0059,WH002,2026-05-23,58,11103.0,643974.0
SAL0000120,P0098,WH007,2025-09-15,14,8703.81,121853.34
SAL0000121,P0016,WH006,2026-07-24,73,3864.55,282112.15
SAL0000122,P0148,WH007,2025-12-01,71,3215.0,228265.0
SAL0000123,P0016,WH006,2025-08-30,39,3864.55,150717.45
SAL0000124,P0108,WH007,2026-05-03,31,9691.84,300447.04
SAL0000125,P0023,WH004,2026-03-27,50,3399.02,169951.0
SAL0000126,P0042,WH006,2025-09-05,16,10059.55,160952.8
SAL0000127,P0037,WH003,2026-02-06,72,1839.84,132468.48
SAL0000128,P0072,WH005,2026-05-09,51,2337.16,119195.16
SAL0000129,P0134,WH005,2026-05-13,15,4427.4,66411.0
SAL0000130,P0116,WH005,2025-10-25,38,9441.89,358791.82
SAL0000131,P0150,WH006,2026-04-27,79,11200.18,884814.22
SAL0000132,P0006,WH007,2025-08-15,71,5888.41,418077.11
SAL0000133,P0032,WH005,2025-10-24,72,4077.66,293591.52
SAL0000134,P0145,WH002,2026-04-08,21,10988.78,230764.38
SAL0000135,P0038,WH003,2026-06-28,16,3005.11,48081.76
SAL0000136,P0145,WH005,2025-11-03,67,10988.78,736248.26
SAL0000137,P0037,WH001,2025-08-02,65,1839.84,119589.6
SAL0000138,P0061,WH006,2025-09-09,13,685.7,8914.1
SAL0000139,P0077,WH003,2026-03-07,64,12721.04,814146.56
SAL0000140,P0127,WH002,2025-11-12,61,600.7,36642.7
SAL0000141,P0086,WH005,2026-01-05,32,6177.93,197693.76
SAL0000142,P0007,WH002,2026-07-02,12,542.22,6506.64
SAL0000143,P0150,WH006,2026-05-25,41,11200.18,459207.38
SAL0000144,P0085,WH005,2025-12-31,66,1427.09,94187.94
SAL0000145,P0006,WH001,2026-05-08,8,5888.41,47107.28
SAL0000146,P0142,WH003,2026-02-03,59,10972.07,647352.13
SAL0000147,P0144,WH007,2026-02-27,25,13859.79,346494.75
SAL0000148,P0003,WH001,2026-04-23,5,10805.71,54028.55
SAL0000149,P0137,WH005,2026-05-06,45,410.1,18454.5
SAL0000150,P0047,WH004,2025-08-24,2,12742.54,25485.08
SAL0000151,P0085,WH008,2026-06-18,42,1427.09,59937.78
SAL0000152,P0094,WH003,2026-07-24,38,4499.9,170996.2
SAL0000153,P0023,WH002,2026-06-04,3,3399.02,10197.06
SAL0000154,P0003,WH005,2025-11-14,46,10805.71,497062.66
SAL0000155,P0129,WH001,2026-08-11,22,5306.75,116748.5
SAL0000156,P0067,WH006,2026-04-14,33,486.56,16056.48
SAL0000157,P0071,WH007,2025-10-21,32,10220.28,327048.96
SAL0000158,P0131,WH004,2026-06-24,17,332.15,5646.55
SAL0000159,P0067,WH007,2026-03-27,56,486.56,27247.36
SAL0000160,P0055,WH006,2026-03-06,3,14208.97,42626.91
SAL0000161,P0132,WH005,2025-10-17,70,17778.84,1244518.8
SAL0000162,P0031,WH008,2026-07-21,49,3886.37,190432.13
SAL0000163,P0066,WH002,2025-09-17,55,4517.29,248450.95
SAL0000164,P0101,WH001,2025-12-03,77,7703.08,593137.16
SAL0000165,P0064,WH003,2026-05-21,31,6359.37,197140.47
SAL0000166,P0031,WH004,2026-02-03,21,3886.37,81613.77
SAL0000167,P0117,WH005,2025-12-27,16,10971.0,175536.0
SAL0000168,P0066,WH005,2026-03-28,17,4517.29,76793.93
SAL0000169,P0047,WH005,2026-02-14,1,12742.54,12742.54
SAL0000170,P0022,WH005,2026-07-16,72,12421.92,894378.24
SAL0000171,P0094,WH001,2025-08-08,65,4499.9,292493.5
SAL0000172,P0083,WH003,2025-09-10,66,2819.78,186105.48
SAL0000173,P0046,WH002,2026-02-08,37,4393.97,162576.89
SAL0000174,P0089,WH004,2026-06-16,24,7891.09,189386.16
SAL0000175,P0119,WH007,2025-11-04,62,15091.44,935669.28
SAL0000176,P0046,WH008,2026-03-06,21,4393.97,92273.37
SAL0000177,P0001,WH005,2025-10-18,37,11805.32,436796.84
SAL0000178,P0096,WH006,2026-06-01,35,13787.01,482545.35
SAL0000179,P0061,WH005,2026-07-15,38,685.7,26056.6
SAL0000180,P0105,WH003,2025-09-29,53,1294.66,68616.98
SAL0000181,P0081,WH003,2025-10-20,15,2089.55,31343.25
SAL0000182,P0014,WH008,2025-11-25,42,9958.36,418251.12
SAL0000183,P0045,WH001,2025-08-02,4,7353.86,29415.44
SAL0000184,P0077,WH001,2026-04-19,39,12721.04,496120.56
SAL0000185,P0066,WH006,2025-08-09,79,4517.29,356865.91
SAL0000186,P0032,WH006,2026-04-14,23,4077.66,93786.18
SAL0000187,P0096,WH001,2026-03-22,15,13787.01,206805.15
SAL0000188,P0058,WH004,2025-12-23,12,5550.94,66611.28
SAL0000189,P0104,WH006,2025-08-30,70,13530.23,947116.1
SAL0000190,P0056,WH001,2025-08-06,54,189.21,10217.34
SAL0000191,P0134,WH005,2025-10-25,38,4427.4,168241.2
SAL0000192,P0067,WH001,2025-09-21,28,486.56,13623.68
SAL0000193,P0118,WH007,2026-03-29,79,9694.84,765892.36
SAL0000194,P0038,WH004,2026-04-26,19,3005.11,57097.09
SAL0000195,P0131,WH001,2026-06-24,69,332.15,22918.35
SAL0000196,P0112,WH001,2026-02-22,64,7497.58,479845.12
SAL0000197,P0133,WH005,2025-08-27,4,10911.61,43646.44
SAL0000198,P0054,WH006,2025-11-13,10,11936.62,119366.2
SAL0000199,P0034,WH005,2025-12-19,12,12148.61,145783.32
SAL0000200,P0039,WH007,2026-05-23,69,10521.02,725950.38
SAL0000201,P0112,WH007,2025-12-24,7,7497.58,52483.06
SAL0000202,P0088,WH008,2025-09-01,44,673.42,29630.48
SAL0000203,P0048,WH005,2025-12-30,23,5653.52,130030.96
SAL0000204,P0049,WH001,2025-09-16,2,8075.59,16151.18
SAL0000205,P0034,WH005,2026-07-29,37,12148.61,449498.57
SAL0000206,P0100,WH003,2025-10-12,69,937.89,64714.41
SAL0000207,P0135,WH002,2026-08-08,20,13819.48,276389.6
SAL0000208,P0018,WH002,2025-10-14,44,1249.34,54970.96
SAL0000209,P0070,WH005,2025-10-08,70,13711.66,959816.2
SAL0000210,P0114,WH006,2025-08-27,74,17232.19,1275182.06
SAL0000211,P0034,WH004,2026-02-10,51,12148.61,619579.11
SAL0000212,P0051,WH007,2026-03-24,31,7869.03,243939.93
SAL0000213,P0105,WH005,2026-04-06,41,1294.66,53081.06
SAL0000214,P0093,WH006,2026-03-26,58,14803.06,858577.48
SAL0000215,P0142,WH005,2026-02-12,5,10972.07,54860.35
SAL0000216,P0069,WH001,2025-09-19,33,4228.28,139533.24
SAL0000217,P0089,WH007,2026-01-25,43,7891.09,339316.87
SAL0000218,P0103,WH007,2026-01-07,19,12534.03,238146.57
SAL0000219,P0136,WH006,2025-12-01,32,9626.15,308036.8
SAL0000220,P0143,WH007,2026-04-20,3,13992.71,41978.13
SAL0000221,P0083,WH004,2025-11-19,1,2819.78,2819.78
SAL0000222,P0011,WH005,2026-05-01,41,12266.95,502944.95
SAL0000223,P0148,WH003,2025-08-18,48,3215.0,154320.0
SAL0000224,P0036,WH006,2026-01-11,39,11599.04,452362.56
SAL0000225,P0082,WH002,2025-12-27,5,11631.72,58158.6
SAL0000226,P0142,WH006,2026-01-28,77,10972.07,844849.39
SAL0000227,P0038,WH008,2026-02-17,11,3005.11,33056.21
SAL0000228,P0089,WH003,2025-11-21,22,7891.09,173603.98
SAL0000229,P0001,WH007,2025-12-30,64,11805.32,755540.48
SAL0000230,P0104,WH008,2026-05-05,12,13530.23,162362.76
SAL0000231,P0065,WH003,2025-12-21,53,8713.96,461839.88
SAL0000232,P0001,WH007,2026-07-06,55,11805.32,649292.6
SAL0000233,P0125,WH003,2026-04-01,53,13379.19,709097.07
SAL0000234,P0060,WH004,2026-07-29,21,5035.5,105745.5
SAL0000235,P0025,WH004,2025-11-30,19,7089.85,134707.15
SAL0000236,P0091,WH006,2026-05-08,69,10637.54,733990.26
SAL0000237,P0138,WH008,2026-06-23,72,14687.9,1057528.8
SAL0000238,P0050,WH004,2026-07-31,66,4526.14,298725.24
SAL0000239,P0140,WH002,2025-11-24,59,9565.42,564359.78
SAL0000240,P0092,WH008,2026-07-05,49,11125.06,545127.94
SAL0000241,P0032,WH007,2025-09-01,59,4077.66,240581.94
SAL0000242,P0033,WH001,2025-09-22,23,14261.13,328005.99
SAL0000243,P0026,WH006,2025-10-20,3,3320.79,9962.37
SAL0000244,P0042,WH005,2025-12-31,56,10059.55,563334.8
SAL0000245,P0061,WH005,2025-12-31,58,685.7,39770.6
SAL0000246,P0041,WH006,2026-04-22,62,9233.93,572503.66
SAL0000247,P0130,WH001,2026-05-04,18,14491.67,260850.06
SAL0000248,P0099,WH005,2026-05-05,61,12570.46,766798.06
SAL0000249,P0098,WH006,2025-09-22,37,8703.81,322040.97
SAL0000250,P0031,WH006,2026-08-08,54,3886.37,209863.98
SAL0000251,P0115,WH003,2025-12-25,78,7832.13,610906.14
SAL0000252,P0147,WH002,2026-07-21,65,826.55,53725.75
SAL0000253,P0048,WH008,2026-04-16,14,5653.52,79149.28
SAL0000254,P0002,WH005,2025-10-13,5,1611.45,8057.25
SAL0000255,P0139,WH002,2025-08-17,62,16335.66,1012810.92
SAL0000256,P0101,WH007,2026-01-17,1,7703.08,7703.08
SAL0000257,P0128,WH006,2025-09-30,63,14193.47,894188.61
SAL0000258,P0059,WH001,2026-05-11,67,11103.0,743901.0
SAL0000259,P0120,WH006,2025-09-02,20,4392.45,87849.0
SAL0000260,P0038,WH005,2025-11-26,43,3005.11,129219.73
SAL0000261,P0107,WH002,2026-07-11,42,6158.26,258646.92
SAL0000262,P0021,WH003,2025-08-01,69,7447.62,513885.78
SAL0000263,P0042,WH008,2026-08-01,74,10059.55,744406.7
SAL0000264,P0137,WH003,2026-06-06,39,410.1,15993.9
SAL0000265,P0140,WH006,2025-12-22,62,9565.42,593056.04
SAL0000266,P0010,WH001,2026-02-23,48,12927.18,620504.64
SAL0000267,P0133,WH007,2026-06-13,6,10911.61,65469.66
SAL0000268,P0033,WH008,2026-02-09,74,14261.13,1055323.62
SAL0000269,P0069,WH004,2026-07-22,42,4228.28,177587.76
SAL0000270,P0080,WH005,2025-09-23,58,12953.94,751328.52
SAL0000271,P0101,WH006,2025-11-11,43,7703.08,331232.44
SAL0000272,P0029,WH003,2026-03-13,10,5999.79,59997.9
SAL0000273,P0146,WH003,2026-06-27,78,12971.8,1011800.4
SAL0000274,P0134,WH001,2025-12-22,39,4427.4,172668.6
SAL0000275,P0053,WH003,2026-06-30,13,4950.69,64358.97
SAL0000276,P0124,WH005,2025-08-13,75,3098.15,232361.25
SAL0000277,P0042,WH001,2025-12-23,39,10059.55,392322.45
SAL0000278,P0047,WH002,2025-11-09,11,12742.54,140167.94
SAL0000279,P0011,WH001,2025-08-30,16,12266.95,196271.2
SAL0000280,P0083,WH007,2025-10-03,33,2819.78,93052.74
SAL0000281,P0109,WH005,2026-08-12,60,6650.85,399051.0
SAL0000282,P0027,WH007,2025-08-20,59,9782.53,577169.27
SAL0000283,P0062,WH005,2026-01-02,74,4668.52,345470.48
SAL0000284,P0148,WH002,2026-02-08,51,3215.0,163965.0
SAL0000285,P0131,WH006,2025-08-26,15,332.15,4982.25
SAL0000286,P0144,WH001,2025-08-08,43,13859.79,595970.97
SAL0000287,P0103,WH005,2025-08-24,27,12534.03,338418.81
SAL0000288,P0044,WH005,2025-11-07,56,11696.79,655020.24
SAL0000289,P0093,WH002,2026-02-17,60,14803.06,888183.6
SAL0000290,P0030,WH004,2026-01-24,70,11747.59,822331.3
SAL0000291,P0119,WH001,2026-08-13,47,15091.44,709297.68
SAL0000292,P0029,WH008,2026-05-08,8,5999.79,47998.32
SAL0000293,P0030,WH005,2026-07-11,63,11747.59,740098.17
SAL0000294,P0104,WH003,2026-01-24,7,13530.23,94711.61
SAL0000295,P0110,WH002,2026-06-19,2,8117.34,16234.68
SAL0000296,P0032,WH004,2026-04-01,17,4077.66,69320.22
SAL0000297,P0138,WH004,2025-11-02,4,14687.9,58751.6
SAL0000298,P0051,WH002,2026-01-13,26,7869.03,204594.78
SAL0000299,P0136,WH004,2026-04-09,78,9626.15,750839.7
SAL0000300,P0036,WH005,2025-11-08,72,11599.04,835130.88
SAL0000301,P0055,WH004,2025-10-24,69,14208.97,980418.93
SAL0000302,P0036,WH001,2025-10-18,5,11599.04,57995.2
SAL0000303,P0056,WH008,2025-10-20,5,189.21,946.05
SAL0000304,P0036,WH003,2025-09-16,69,11599.04,800333.76
SAL0000305,P0089,WH008,2026-04-19,3,7891.09,23673.27
SAL0000306,P0062,WH008,2026-02-03,38,4668.52,177403.76
SAL0000307,P0109,WH005,2025-10-07,1,6650.85,6650.85
SAL0000308,P0087,WH002,2026-05-05,8,12269.88,98159.04
SAL0000309,P0064,WH003,2026-01-28,13,6359.37,82671.81
SAL0000310,P0057,WH006,2026-06-22,70,1071.29,74990.3
SAL0000311,P0113,WH005,2025-08-29,50,8027.64,401382.0
SAL0000312,P0070,WH003,2026-04-21,8,13711.66,109693.28
SAL0000313,P0020,WH004,2026-04-12,30,13830.77,414923.1
SAL0000314,P0054,WH006,2025-09-13,40,11936.62,477464.8
SAL0000315,P0001,WH002,2025-08-17,79,11805.32,932620.28
SAL0000316,P0090,WH002,2025-12-24,74,12387.89,916703.86
SAL0000317,P0138,WH008,2026-08-02,33,14687.9,484700.7
SAL0000318,P0113,WH001,2026-03-03,73,8027.64,586017.72
SAL0000319,P0013,WH004,2026-07-03,52,5230.23,271971.96
SAL0000320,P0110,WH008,2026-01-29,33,8117.34,267872.22
SAL0000321,P0091,WH001,2025-08-21,73,10637.54,776540.42
SAL0000322,P0095,WH001,2025-12-04,78,16693.57,1302098.46
SAL0000323,P0043,WH004,2026-07-25,37,15848.89,586408.93
SAL0000324,P0138,WH005,2026-07-12,70,14687.9,1028153.0
SAL0000325,P0074,WH006,2025-10-08,69,10068.76,694744.44
SAL0000326,P0014,WH007,2026-07-21,4,9958.36,39833.44
SAL0000327,P0099,WH001,2026-07-08,60,12570.46,754227.6
SAL0000328,P0109,WH003,2025-09-05,74,6650.85,492162.9
SAL0000329,P0145,WH006,2026-07-09,31,10988.78,340652.18
SAL0000330,P0149,WH005,2026-04-02,14,2329.78,32616.92
SAL0000331,P0096,WH008,2026-01-21,77,13787.01,1061599.77
SAL0000332,P0058,WH004,2026-04-18,60,5550.94,333056.4
SAL0000333,P0136,WH002,2025-09-08,68,9626.15,654578.2
SAL0000334,P0096,WH005,2025-12-20,26,13787.01,358462.26
SAL0000335,P0038,WH008,2025-09-11,24,3005.11,72122.64
SAL0000336,P0064,WH001,2025-09-27,56,6359.37,356124.72
SAL0000337,P0009,WH003,2026-07-21,9,13538.59,121847.31
SAL0000338,P0121,WH008,2026-08-15,35,5450.85,190779.75
SAL0000339,P0032,WH006,2026-06-19,79,4077.66,322135.14
SAL0000340,P0011,WH004,2026-08-13,24,12266.95,294406.8
SAL0000341,P0105,WH002,2025-12-13,31,1294.66,40134.46
SAL0000342,P0146,WH006,2026-05-04,66,12971.8,856138.8
SAL0000343,P0147,WH003,2025-10-04,66,826.55,54552.3
SAL0000344,P0082,WH007,2026-04-23,41,11631.72,476900.52
SAL0000345,P0037,WH002,2026-05-21,36,1839.84,66234.24
SAL0000346,P0082,WH004,2026-05-08,34,11631.72,395478.48
SAL0000347,P0012,WH006,2025-11-26,39,14129.48,551049.72
SAL0000348,P0004,WH005,2026-06-13,23,1797.79,41349.17
SAL0000349,P0043,WH001,2026-03-17,44,15848.89,697351.16
SAL0000350,P0051,WH004,2025-09-12,70,7869.03,550832.1
SAL0000351,P0005,WH008,2026-01-25,58,8142.68,472275.44
SAL0000352,P0134,WH003,2026-04-07,59,4427.4,261216.6
SAL0000353,P0087,WH005,2026-07-08,26,12269.88,319016.88
SAL0000354,P0106,WH006,2026-02-20,22,12961.82,285160.04
SAL0000355,P0056,WH002,2026-06-04,40,189.21,7568.4
SAL0000356,P0110,WH005,2026-06-12,11,8117.34,89290.74
SAL0000357,P0068,WH005,2025-09-06,9,7651.09,68859.81
SAL0000358,P0096,WH003,2026-04-25,12,13787.01,165444.12
SAL0000359,P0044,WH001,2025-09-20,26,11696.79,304116.54
SAL0000360,P0143,WH007,2025-08-01,38,13992.71,531722.98
SAL0000361,P0090,WH008,2025-10-03,3,12387.89,37163.67
SAL0000362,P0042,WH008,2026-02-02,15,10059.55,150893.25
SAL0000363,P0139,WH005,2026-02-06,47,16335.66,767776.02
SAL0000364,P0073,WH005,2026-03-23,5,1439.34,7196.7
SAL0000365,P0011,WH001,2025-10-06,54,12266.95,662415.3
SAL0000366,P0058,WH001,2026-03-29,24,5550.94,133222.56
SAL0000367,P0128,WH002,2026-07-23,11,14193.47,156128.17
SAL0000368,P0021,WH006,2026-02-28,33,7447.62,245771.46
SAL0000369,P0021,WH008,2025-10-04,74,7447.62,551123.88
SAL0000370,P0072,WH002,2025-10-06,57,2337.16,133218.12
SAL0000371,P0129,WH001,2026-04-10,52,5306.75,275951.0
SAL0000372,P0102,WH007,2026-08-10,64,11449.48,732766.72
SAL0000373,P0013,WH004,2025-08-13,43,5230.23,224899.89
SAL0000374,P0073,WH001,2025-08-21,44,1439.34,63330.96
SAL0000375,P0006,WH002,2026-02-28,36,5888.41,211982.76
SAL0000376,P0112,WH003,2025-09-23,12,7497.58,89970.96
SAL0000377,P0017,WH003,2026-07-10,56,12869.16,720672.96
SAL0000378,P0073,WH006,2026-06-01,3,1439.34,4318.02
SAL0000379,P0012,WH005,2026-05-14,50,14129.48,706474.0
SAL0000380,P0086,WH007,2026-08-03,29,6177.93,179159.97
SAL0000381,P0122,WH003,2026-01-12,77,17772.54,1368485.58
SAL0000382,P0070,WH002,2025-11-28,16,13711.66,219386.56
SAL0000383,P0108,WH003,2026-06-06,40,9691.84,387673.6
SAL0000384,P0052,WH007,2026-04-10,27,1381.73,37306.71
SAL0000385,P0037,WH007,2026-02-14,70,1839.84,128788.8
SAL0000386,P0117,WH004,2025-11-23,42,10971.0,460782.0
SAL0000387,P0003,WH001,2026-01-28,57,10805.71,615925.47
SAL0000388,P0008,WH001,2026-01-15,10,13511.51,135115.1
SAL0000389,P0138,WH002,2025-10-28,38,14687.9,558140.2
SAL0000390,P0047,WH005,2026-05-16,8,12742.54,101940.32
SAL0000391,P0064,WH007,2026-02-07,18,6359.37,114468.66
SAL0000392,P0042,WH001,2026-02-11,17,10059.55,171012.35
SAL0000393,P0043,WH008,2026-01-30,58,15848.89,919235.62
SAL0000394,P0125,WH003,2026-02-09,66,13379.19,883026.54
SAL0000395,P0137,WH007,2026-01-06,44,410.1,18044.4
SAL0000396,P0014,WH004,2026-06-27,74,9958.36,736918.64
SAL0000397,P0091,WH008,2026-05-23,9,10637.54,95737.86
SAL0000398,P0132,WH005,2025-12-09,48,17778.84,853384.32
SAL0000399,P0002,WH005,2025-09-16,39,1611.45,62846.55
SAL0000400,P0115,WH005,2026-05-04,6,7832.13,46992.78
SAL0000401,P0001,WH008,2026-03-17,30,11805.32,354159.6
SAL0000402,P0075,WH001,2025-11-17,74,11640.25,861378.5
SAL0000403,P0065,WH006,2026-04-23,18,8713.96,156851.28
SAL0000404,P0125,WH005,2026-08-13,43,13379.19,575305.17
SAL0000405,P0135,WH008,2025-12-11,33,13819.48,456042.84
SAL0000406,P0066,WH008,2026-07-03,53,4517.29,239416.37
SAL0000407,P0143,WH002,2025-09-02,56,13992.71,783591.76
SAL0000408,P0072,WH003,2025-11-04,19,2337.16,44406.04
SAL0000409,P0116,WH006,2026-01-30,69,9441.89,651490.41
SAL0000410,P0121,WH004,2026-06-27,26,5450.85,141722.1
SAL0000411,P0047,WH003,2025-08-13,29,12742.54,369533.66
SAL0000412,P0090,WH002,2025-09-27,24,12387.89,297309.36
SAL0000413,P0040,WH002,2026-07-14,6,3922.35,23534.1
SAL0000414,P0042,WH007,2026-07-10,54,10059.55,543215.7
SAL0000415,P0035,WH006,2026-06-01,39,12109.87,472284.93
SAL0000416,P0041,WH003,2026-04-22,4,9233.93,36935.72
SAL0000417,P0085,WH001,2026-01-01,58,1427.09,82771.22
SAL0000418,P0124,WH007,2026-06-15,48,3098.15,148711.2
SAL0000419,P0057,WH002,2026-05-29,60,1071.29,64277.4
SAL0000420,P0038,WH005,2025-12-06,26,3005.11,78132.86
SAL0000421,P0096,WH004,2026-03-24,79,13787.01,1089173.79
SAL0000422,P0136,WH008,2026-03-13,77,9626.15,741213.55
SAL0000423,P0063,WH004,2026-01-07,40,9321.2,372848.0
SAL0000424,P0087,WH002,2026-03-27,77,12269.88,944780.76
SAL0000425,P0132,WH005,2026-03-09,56,17778.84,995615.04
SAL0000426,P0052,WH003,2025-08-19,39,1381.73,53887.47
SAL0000427,P0038,WH008,2026-01-21,39,3005.11,117199.29
SAL0000428,P0087,WH004,2026-06-27,48,12269.88,588954.24
SAL0000429,P0005,WH005,2025-12-18,25,8142.68,203567.0
SAL0000430,P0120,WH005,2026-01-15,34,4392.45,149343.3
SAL0000431,P0070,WH001,2025-08-06,21,13711.66,287944.86
SAL0000432,P0113,WH002,2025-08-19,25,8027.64,200691.0
SAL0000433,P0024,WH005,2025-12-12,22,10854.56,238800.32
SAL0000434,P0086,WH007,2026-01-28,23,6177.93,142092.39
SAL0000435,P0145,WH003,2026-07-02,25,10988.78,274719.5
SAL0000436,P0026,WH004,2025-11-15,78,3320.79,259021.62
SAL0000437,P0003,WH007,2026-02-08,78,10805.71,842845.38
SAL0000438,P0002,WH001,2026-04-06,26,1611.45,41897.7
SAL0000439,P0092,WH003,2026-08-10,30,11125.06,333751.8
SAL0000440,P0002,WH004,2026-08-06,38,1611.45,61235.1
SAL0000441,P0150,WH002,2025-08-22,34,11200.18,380806.12
SAL0000442,P0071,WH003,2025-10-28,77,10220.28,786961.56
SAL0000443,P0004,WH008,2026-01-25,73,1797.79,131238.67
SAL0000444,P0038,WH004,2026-08-17,15,3005.11,45076.65
SAL0000445,P0103,WH001,2026-04-29,44,12534.03,551497.32
SAL0000446,P0070,WH008,2026-01-30,10,13711.66,137116.6
SAL0000447,P0052,WH007,2025-08-19,37,1381.73,51124.01
SAL0000448,P0031,WH004,2025-12-02,7,3886.37,27204.59
SAL0000449,P0036,WH008,2026-06-05,32,11599.04,371169.28
SAL0000450,P0133,WH005,2025-12-03,11,10911.61,120027.71
SAL0000451,P0115,WH001,2026-07-10,48,7832.13,375942.24
SAL0000452,P0074,WH003,2025-11-22,68,10068.76,684675.68
SAL0000453,P0018,WH008,2026-07-08,48,1249.34,59968.32
SAL0000454,P0015,WH006,2026-08-03,45,4962.3,223303.5
SAL0000455,P0097,WH008,2026-07-13,33,1350.79,44576.07
SAL0000456,P0005,WH002,2026-07-20,4,8142.68,32570.72
SAL0000457,P0037,WH007,2026-01-21,47,1839.84,86472.48
SAL0000458,P0104,WH001,2025-11-11,53,13530.23,717102.19
SAL0000459,P0086,WH007,2026-03-12,31,6177.93,191515.83
SAL0000460,P0150,WH001,2026-06-30,31,11200.18,347205.58
SAL0000461,P0015,WH001,2025-11-15,27,4962.3,133982.1
SAL0000462,P0017,WH004,2026-08-15,48,12869.16,617719.68
SAL0000463,P0051,WH008,2026-04-21,36,7869.03,283285.08
SAL0000464,P0045,WH005,2025-11-09,49,7353.86,360339.14
SAL0000465,P0122,WH006,2026-02-17,31,17772.54,550948.74
SAL0000466,P0149,WH002,2025-09-20,44,2329.78,102510.32
SAL0000467,P0082,WH008,2026-01-14,59,11631.72,686271.48
SAL0000468,P0145,WH007,2026-03-17,23,10988.78,252741.94
SAL0000469,P0135,WH002,2025-09-17,68,13819.48,939724.64
SAL0000470,P0089,WH005,2025-11-10,42,7891.09,331425.78
SAL0000471,P0101,WH004,2026-05-23,42,7703.08,323529.36
SAL0000472,P0040,WH004,2026-07-27,13,3922.35,50990.55
SAL0000473,P0043,WH005,2026-03-16,1,15848.89,15848.89
SAL0000474,P0073,WH007,2025-11-23,76,1439.34,109389.84
SAL0000475,P0023,WH005,2026-03-19,53,3399.02,180148.06
SAL0000476,P0095,WH003,2026-07-06,40,16693.57,667742.8
SAL0000477,P0017,WH004,2025-12-13,46,12869.16,591981.36
SAL0000478,P0112,WH007,2026-05-05,22,7497.58,164946.76
SAL0000479,P0103,WH001,2026-01-14,52,12534.03,651769.56
SAL0000480,P0058,WH008,2026-07-26,28,5550.94,155426.32
SAL0000481,P0086,WH002,2026-03-25,53,6177.93,327430.29
SAL0000482,P0035,WH004,2026-02-23,63,12109.87,762921.81
SAL0000483,P0030,WH005,2025-12-23,17,11747.59,199709.03
SAL0000484,P0104,WH001,2025-08-18,64,13530.23,865934.72
SAL0000485,P0122,WH008,2026-05-31,6,17772.54,106635.24
SAL0000486,P0134,WH008,2025-11-14,14,4427.4,61983.6
SAL0000487,P0034,WH008,2026-06-22,17,12148.61,206526.37
SAL0000488,P0056,WH003,2026-07-06,38,189.21,7189.98
SAL0000489,P0025,WH006,2025-09-15,69,7089.85,489199.65
SAL0000490,P0115,WH003,2026-05-25,13,7832.13,101817.69
SAL0000491,P0013,WH001,2025-09-09,53,5230.23,277202.19
SAL0000492,P0063,WH008,2026-07-26,9,9321.2,83890.8
SAL0000493,P0102,WH007,2025-12-04,44,11449.48,503777.12
SAL0000494,P0122,WH007,2026-01-29,26,17772.54,462086.04
SAL0000495,P0120,WH001,2026-08-03,77,4392.45,338218.65
SAL0000496,P0133,WH007,2026-07-01,19,10911.61,207320.59
SAL0000497,P0011,WH005,2026-01-06,48,12266.95,588813.6
SAL0000498,P0109,WH007,2026-05-19,30,6650.85,199525.5
SAL0000499,P0104,WH006,2025-08-25,32,13530.23,432967.36
SAL0000500,P0111,WH005,2025-09-27,78,10269.05,800985.9
SAL0000501,P0069,WH002,2026-04-11,79,4228.28,334034.12
SAL0000502,P0102,WH007,2026-04-06,76,11449.48,870160.48
SAL0000503,P0002,WH006,2026-03-31,75,1611.45,120858.75
SAL0000504,P0037,WH006,2025-08-03,69,1839.84,126948.96
SAL0000505,P0118,WH002,2026-06-06,11,9694.84,106643.24
SAL0000506,P0049,WH003,2026-03-18,26,8075.59,209965.34
SAL0000507,P0075,WH001,2026-02-23,26,11640.25,302646.5
SAL0000508,P0075,WH003,2025-12-06,17,11640.25,197884.25
SAL0000509,P0034,WH007,2026-02-17,44,12148.61,534538.84
SAL0000510,P0058,WH007,2025-11-27,23,5550.94,127671.62
SAL0000511,P0111,WH005,2025-10-31,25,10269.05,256726.25
SAL0000512,P0096,WH004,2025-12-27,37,13787.01,510119.37
SAL0000513,P0060,WH007,2026-01-25,76,5035.5,382698.0
SAL0000514,P0140,WH007,2026-07-06,65,9565.42,621752.3
SAL0000515,P0032,WH005,2025-08-20,2,4077.66,8155.32
SAL0000516,P0132,WH004,2026-05-09,74,17778.84,1315634.16
SAL0000517,P0106,WH008,2026-07-02,32,12961.82,414778.24
SAL0000518,P0033,WH008,2025-08-21,74,14261.13,1055323.62
SAL0000519,P0043,WH008,2025-08-04,55,15848.89,871688.95
SAL0000520,P0112,WH001,2026-02-21,50,7497.58,374879.0
SAL0000521,P0107,WH001,2025-08-25,65,6158.26,400286.9
SAL0000522,P0009,WH008,2026-06-30,32,13538.59,433234.88
SAL0000523,P0114,WH006,2025-10-08,37,17232.19,637591.03
SAL0000524,P0125,WH001,2026-06-27,76,13379.19,1016818.44
SAL0000525,P0020,WH002,2025-09-15,13,13830.77,179800.01
SAL0000526,P0041,WH002,2025-10-12,54,9233.93,498632.22
SAL0000527,P0044,WH008,2025-10-22,3,11696.79,35090.37
SAL0000528,P0125,WH004,2026-06-01,42,13379.19,561925.98
SAL0000529,P0035,WH003,2025-08-18,78,12109.87,944569.86
SAL0000530,P0058,WH006,2026-01-20,40,5550.94,222037.6
SAL0000531,P0048,WH003,2025-11-11,74,5653.52,418360.48
SAL0000532,P0058,WH004,2026-02-01,66,5550.94,366362.04
SAL0000533,P0101,WH002,2025-11-05,60,7703.08,462184.8
SAL0000534,P0057,WH005,2025-08-19,11,1071.29,11784.19
SAL0000535,P0064,WH007,2025-11-22,1,6359.37,6359.37
SAL0000536,P0062,WH008,2026-03-27,26,4668.52,121381.52
SAL0000537,P0083,WH006,2025-08-31,42,2819.78,118430.76
SAL0000538,P0113,WH004,2025-11-16,62,8027.64,497713.68
SAL0000539,P0112,WH003,2026-06-24,61,7497.58,457352.38
SAL0000540,P0062,WH004,2026-03-29,77,4668.52,359476.04
SAL0000541,P0094,WH004,2026-04-21,62,4499.9,278993.8
SAL0000542,P0085,WH001,2026-04-11,74,1427.09,105604.66
SAL0000543,P0026,WH008,2026-07-31,12,3320.79,39849.48
SAL0000544,P0121,WH002,2025-11-30,27,5450.85,147172.95
SAL0000545,P0050,WH006,2026-04-28,67,4526.14,303251.38
SAL0000546,P0115,WH001,2025-10-05,28,7832.13,219299.64
SAL0000547,P0036,WH002,2025-10-01,66,11599.04,765536.64
SAL0000548,P0033,WH008,2025-11-02,28,14261.13,399311.64
SAL0000549,P0123,WH004,2025-11-29,21,5568.28,116933.88
SAL0000550,P0100,WH002,2025-09-29,7,937.89,6565.23
SAL0000551,P0068,WH003,2026-04-08,14,7651.09,107115.26
SAL0000552,P0073,WH008,2026-03-08,39,1439.34,56134.26
SAL0000553,P0136,WH006,2026-02-01,73,9626.15,702708.95
SAL0000554,P0023,WH008,2026-04-09,62,3399.02,210739.24
SAL0000555,P0070,WH008,2026-01-30,12,13711.66,164539.92
SAL0000556,P0055,WH001,2026-05-09,38,14208.97,539940.86
SAL0000557,P0110,WH006,2026-04-27,58,8117.34,470805.72
SAL0000558,P0149,WH004,2025-10-02,56,2329.78,130467.68
SAL0000559,P0150,WH003,2025-11-04,39,11200.18,436807.02
SAL0000560,P0009,WH002,2026-05-15,4,13538.59,54154.36
SAL0000561,P0129,WH007,2026-06-12,48,5306.75,254724.0
SAL0000562,P0108,WH002,2025-09-21,7,9691.84,67842.88
SAL0000563,P0133,WH003,2026-08-10,60,10911.61,654696.6
SAL0000564,P0150,WH007,2026-06-10,40,11200.18,448007.2
SAL0000565,P0068,WH002,2026-05-03,8,7651.09,61208.72
SAL0000566,P0066,WH001,2026-03-14,58,4517.29,262002.82
SAL0000567,P0144,WH005,2026-06-12,57,13859.79,790008.03
SAL0000568,P0053,WH002,2025-10-31,35,4950.69,173274.15
SAL0000569,P0128,WH004,2025-10-22,73,14193.47,1036123.31
SAL0000570,P0065,WH002,2026-02-19,13,8713.96,113281.48
SAL0000571,P0064,WH006,2025-12-13,39,6359.37,248015.43
SAL0000572,P0068,WH004,2026-05-30,21,7651.09,160672.89
SAL0000573,P0062,WH002,2026-01-04,47,4668.52,219420.44
SAL0000574,P0081,WH002,2026-03-25,2,2089.55,4179.1
SAL0000575,P0071,WH008,2026-01-03,44,10220.28,449692.32
SAL0000576,P0114,WH004,2026-01-19,30,17232.19,516965.7
SAL0000577,P0052,WH001,2025-11-28,55,1381.73,75995.15
SAL0000578,P0116,WH007,2026-07-31,40,9441.89,377675.6
SAL0000579,P0125,WH007,2025-08-05,77,13379.19,1030197.63
SAL0000580,P0127,WH005,2026-07-21,24,600.7,14416.8
SAL0000581,P0065,WH005,2026-04-18,42,8713.96,365986.32
SAL0000582,P0130,WH007,2026-06-22,28,14491.67,405766.76
SAL0000583,P0022,WH001,2026-07-29,51,12421.92,633517.92
SAL0000584,P0076,WH002,2026-06-01,22,9723.65,213920.3
SAL0000585,P0094,WH005,2025-11-04,78,4499.9,350992.2
SAL0000586,P0071,WH001,2026-06-30,74,10220.28,756300.72
SAL0000587,P0106,WH001,2026-02-07,74,12961.82,959174.68
SAL0000588,P0050,WH005,2026-03-10,8,4526.14,36209.12
SAL0000589,P0102,WH007,2026-08-17,14,11449.48,160292.72
SAL0000590,P0113,WH004,2025-11-21,45,8027.64,361243.8
SAL0000591,P0030,WH003,2026-07-09,38,11747.59,446408.42
SAL0000592,P0012,WH007,2026-05-16,32,14129.48,452143.36
SAL0000593,P0082,WH004,2025-10-17,62,11631.72,721166.64
SAL0000594,P0046,WH007,2026-05-03,67,4393.97,294395.99
SAL0000595,P0130,WH002,2025-10-15,61,14491.67,883991.87
SAL0000596,P0097,WH004,2026-02-24,13,1350.79,17560.27
SAL0000597,P0080,WH006,2026-01-14,47,12953.94,608835.18
SAL0000598,P0054,WH003,2026-07-06,54,11936.62,644577.48
SAL0000599,P0035,WH007,2025-08-01,71,12109.87,859800.77
SAL0000600,P0052,WH008,2026-07-05,52,1381.73,71849.96
SAL0000601,P0084,WH003,2025-08-24,72,383.71,27627.12
SAL0000602,P0072,WH001,2025-09-26,25,2337.16,58429.0
SAL0000603,P0026,WH006,2026-01-28,23,3320.79,76378.17
SAL0000604,P0061,WH002,2025-10-28,74,685.7,50741.8
SAL0000605,P0037,WH001,2026-07-20,30,1839.84,55195.2
SAL0000606,P0095,WH004,2026-07-14,11,16693.57,183629.27
SAL0000607,P0011,WH004,2025-11-15,35,12266.95,429343.25
SAL0000608,P0041,WH005,2026-02-15,27,9233.93,249316.11
SAL0000609,P0133,WH001,2026-07-26,67,10911.61,731077.87
SAL0000610,P0066,WH006,2026-04-08,47,4517.29,212312.63
SAL0000611,P0141,WH001,2026-03-16,50,3336.79,166839.5
SAL0000612,P0142,WH001,2026-04-17,8,10972.07,87776.56
SAL0000613,P0069,WH001,2026-01-23,55,4228.28,232555.4
SAL0000614,P0059,WH003,2026-04-22,77,11103.0,854931.0
SAL0000615,P0066,WH005,2026-06-29,42,4517.29,189726.18
SAL0000616,P0068,WH007,2026-05-29,67,7651.09,512623.03
SAL0000617,P0012,WH002,2025-09-20,20,14129.48,282589.6
SAL0000618,P0068,WH002,2025-11-20,45,7651.09,344299.05
SAL0000619,P0073,WH008,2026-08-03,35,1439.34,50376.9
SAL0000620,P0006,WH002,2026-08-06,77,5888.41,453407.57
SAL0000621,P0015,WH008,2026-05-19,20,4962.3,99246.0
SAL0000622,P0042,WH003,2025-11-15,24,10059.55,241429.2
SAL0000623,P0031,WH005,2026-07-16,57,3886.37,221523.09
SAL0000624,P0006,WH006,2026-04-13,55,5888.41,323862.55
SAL0000625,P0033,WH005,2025-10-18,9,14261.13,128350.17
SAL0000626,P0021,WH008,2026-07-08,16,7447.62,119161.92
SAL0000627,P0124,WH003,2026-07-26,55,3098.15,170398.25
SAL0000628,P0094,WH006,2026-05-31,72,4499.9,323992.8
SAL0000629,P0149,WH001,2026-05-09,58,2329.78,135127.24
SAL0000630,P0100,WH004,2026-02-25,64,937.89,60024.96
SAL0000631,P0055,WH001,2025-10-29,76,14208.97,1079881.72
SAL0000632,P0064,WH002,2026-03-15,49,6359.37,311609.13
SAL0000633,P0086,WH001,2025-10-18,29,6177.93,179159.97
SAL0000634,P0022,WH003,2026-05-17,79,12421.92,981331.68
SAL0000635,P0060,WH002,2025-12-13,7,5035.5,35248.5
SAL0000636,P0104,WH004,2026-01-28,77,13530.23,1041827.71
SAL0000637,P0139,WH006,2025-11-12,69,16335.66,1127160.54
SAL0000638,P0047,WH008,2026-06-03,2,12742.54,25485.08
SAL0000639,P0077,WH008,2025-09-23,33,12721.04,419794.32
SAL0000640,P0018,WH006,2025-08-27,48,1249.34,59968.32
SAL0000641,P0022,WH008,2025-08-11,37,12421.92,459611.04
SAL0000642,P0145,WH002,2025-11-26,30,10988.78,329663.4
SAL0000643,P0038,WH007,2026-06-02,41,3005.11,123209.51
SAL0000644,P0025,WH007,2026-01-30,4,7089.85,28359.4
SAL0000645,P0032,WH001,2026-07-14,39,4077.66,159028.74
SAL0000646,P0143,WH007,2025-11-09,24,13992.71,335825.04
SAL0000647,P0013,WH008,2026-04-18,50,5230.23,261511.5
SAL0000648,P0011,WH005,2026-01-12,37,12266.95,453877.15
SAL0000649,P0013,WH005,2026-02-23,53,5230.23,277202.19
SAL0000650,P0097,WH006,2025-11-03,25,1350.79,33769.75
SAL0000651,P0101,WH005,2025-12-10,31,7703.08,238795.48
SAL0000652,P0038,WH002,2025-08-03,38,3005.11,114194.18
SAL0000653,P0001,WH005,2026-01-19,58,11805.32,684708.56
SAL0000654,P0039,WH003,2026-04-24,53,10521.02,557614.06
SAL0000655,P0027,WH006,2026-01-28,50,9782.53,489126.5
SAL0000656,P0036,WH004,2025-10-20,4,11599.04,46396.16
SAL0000657,P0143,WH005,2026-03-22,52,13992.71,727620.92
SAL0000658,P0031,WH003,2026-07-05,31,3886.37,120477.47
SAL0000659,P0127,WH003,2026-03-17,78,600.7,46854.6
SAL0000660,P0006,WH002,2026-03-11,14,5888.41,82437.74
SAL0000661,P0089,WH006,2026-04-20,1,7891.09,7891.09
SAL0000662,P0150,WH002,2026-01-04,43,11200.18,481607.74
SAL0000663,P0031,WH004,2025-12-08,59,3886.37,229295.83
SAL0000664,P0100,WH004,2026-01-21,61,937.89,57211.29
SAL0000665,P0073,WH008,2025-10-04,41,1439.34,59012.94
SAL0000666,P0046,WH001,2026-05-19,18,4393.97,79091.46
SAL0000667,P0097,WH004,2025-10-05,60,1350.79,81047.4
SAL0000668,P0001,WH006,2026-05-26,69,11805.32,814567.08
SAL0000669,P0057,WH007,2026-02-17,79,1071.29,84631.91
SAL0000670,P0009,WH007,2025-11-26,59,13538.59,798776.81
SAL0000671,P0005,WH006,2026-03-12,42,8142.68,341992.56
SAL0000672,P0079,WH008,2025-11-19,36,8567.49,308429.64
SAL0000673,P0114,WH008,2025-12-02,40,17232.19,689287.6
SAL0000674,P0009,WH002,2025-09-19,30,13538.59,406157.7
SAL0000675,P0024,WH003,2026-02-21,11,10854.56,119400.16
SAL0000676,P0150,WH001,2025-10-27,25,11200.18,280004.5
SAL0000677,P0103,WH007,2025-08-31,45,12534.03,564031.35
SAL0000678,P0060,WH008,2026-02-09,51,5035.5,256810.5
SAL0000679,P0086,WH007,2026-04-09,43,6177.93,265650.99
SAL0000680,P0116,WH004,2026-04-26,66,9441.89,623164.74
SAL0000681,P0084,WH003,2026-07-29,47,383.71,18034.37
SAL0000682,P0090,WH002,2026-05-02,24,12387.89,297309.36
SAL0000683,P0089,WH008,2026-05-19,77,7891.09,607613.93
SAL0000684,P0120,WH005,2026-02-11,37,4392.45,162520.65
SAL0000685,P0143,WH001,2026-06-30,56,13992.71,783591.76
SAL0000686,P0006,WH006,2026-01-14,75,5888.41,441630.75
SAL0000687,P0052,WH003,2026-02-13,46,1381.73,63559.58
SAL0000688,P0140,WH002,2026-02-07,28,9565.42,267831.76
SAL0000689,P0019,WH002,2026-07-23,52,11648.11,605701.72
SAL0000690,P0075,WH001,2026-07-07,15,11640.25,174603.75
SAL0000691,P0130,WH001,2026-05-16,45,14491.67,652125.15
SAL0000692,P0055,WH008,2025-10-26,58,14208.97,824120.26
SAL0000693,P0015,WH004,2026-08-15,67,4962.3,332474.1
SAL0000694,P0100,WH004,2025-12-23,73,937.89,68465.97
SAL0000695,P0069,WH006,2026-03-25,72,4228.28,304436.16
SAL0000696,P0143,WH006,2025-09-13,73,13992.71,1021467.83
SAL0000697,P0043,WH008,2026-01-31,41,15848.89,649804.49
SAL0000698,P0017,WH001,2025-09-15,65,12869.16,836495.4
SAL0000699,P0098,WH001,2025-10-03,40,8703.81,348152.4
SAL0000700,P0116,WH003,2026-03-10,5,9441.89,47209.45
SAL0000701,P0074,WH004,2026-06-18,75,10068.76,755157.0
SAL0000702,P0116,WH002,2025-10-17,28,9441.89,264372.92
SAL0000703,P0030,WH007,2026-02-01,38,11747.59,446408.42
SAL0000704,P0067,WH007,2026-04-05,18,486.56,8758.08
SAL0000705,P0051,WH007,2025-12-04,37,7869.03,291154.11
SAL0000706,P0060,WH008,2025-09-03,27,5035.5,135958.5
SAL0000707,P0003,WH004,2026-03-13,25,10805.71,270142.75
SAL0000708,P0104,WH004,2026-02-18,69,13530.23,933585.87
SAL0000709,P0005,WH001,2025-11-07,27,8142.68,219852.36
SAL0000710,P0028,WH007,2026-06-11,77,5125.77,394684.29
SAL0000711,P0108,WH001,2026-06-29,54,9691.84,523359.36
SAL0000712,P0139,WH004,2026-02-09,7,16335.66,114349.62
SAL0000713,P0101,WH005,2026-07-05,78,7703.08,600840.24
SAL0000714,P0076,WH005,2025-11-06,27,9723.65,262538.55
SAL0000715,P0015,WH006,2025-12-29,59,4962.3,292775.7
SAL0000716,P0083,WH004,2026-02-17,72,2819.78,203024.16
SAL0000717,P0048,WH007,2026-02-07,31,5653.52,175259.12
SAL0000718,P0127,WH008,2025-08-15,68,600.7,40847.6
SAL0000719,P0046,WH005,2026-07-14,4,4393.97,17575.88
SAL0000720,P0028,WH008,2026-03-21,18,5125.77,92263.86
SAL0000721,P0007,WH008,2026-02-06,63,542.22,34159.86
SAL0000722,P0094,WH006,2025-12-03,76,4499.9,341992.4
SAL0000723,P0082,WH006,2026-07-04,52,11631.72,604849.44
SAL0000724,P0088,WH004,2026-06-18,63,673.42,42425.46
SAL0000725,P0134,WH006,2026-04-05,45,4427.4,199233.0
SAL0000726,P0068,WH001,2025-11-10,12,7651.09,91813.08
SAL0000727,P0055,WH001,2025-12-01,8,14208.97,113671.76
SAL0000728,P0118,WH001,2026-06-18,22,9694.84,213286.48
SAL0000729,P0134,WH002,2025-12-05,41,4427.4,181523.4
SAL0000730,P0108,WH008,2026-01-24,41,9691.84,397365.44
SAL0000731,P0051,WH001,2025-10-24,57,7869.03,448534.71
SAL0000732,P0038,WH007,2026-03-20,32,3005.11,96163.52
SAL0000733,P0139,WH001,2026-07-04,55,16335.66,898461.3
SAL0000734,P0093,WH004,2026-07-31,6,14803.06,88818.36
SAL0000735,P0020,WH005,2026-01-15,39,13830.77,539400.03
SAL0000736,P0010,WH007,2026-03-14,9,12927.18,116344.62
SAL0000737,P0026,WH005,2025-11-04,32,3320.79,106265.28
SAL0000738,P0048,WH001,2025-11-29,36,5653.52,203526.72
SAL0000739,P0091,WH008,2026-05-17,16,10637.54,170200.64
SAL0000740,P0114,WH001,2026-07-02,12,17232.19,206786.28
SAL0000741,P0014,WH001,2026-02-18,41,9958.36,408292.76
SAL0000742,P0100,WH006,2025-12-29,67,937.89,62838.63
SAL0000743,P0012,WH004,2025-10-08,58,14129.48,819509.84
SAL0000744,P0116,WH004,2025-11-23,9,9441.89,84977.01
SAL0000745,P0123,WH008,2025-10-16,17,5568.28,94660.76
SAL0000746,P0023,WH004,2025-08-11,5,3399.02,16995.1
SAL0000747,P0085,WH005,2025-12-14,26,1427.09,37104.34
SAL0000748,P0072,WH007,2025-11-07,1,2337.16,2337.16
SAL0000749,P0122,WH007,2026-05-10,1,17772.54,17772.54
SAL0000750,P0137,WH002,2026-01-20,35,410.1,14353.5
SAL0000751,P0095,WH005,2026-08-10,9,16693.57,150242.13
SAL0000752,P0025,WH004,2025-09-25,38,7089.85,269414.3
SAL0000753,P0017,WH008,2026-04-23,4,12869.16,51476.64
SAL0000754,P0029,WH003,2025-10-07,52,5999.79,311989.08
SAL0000755,P0067,WH002,2026-03-11,19,486.56,9244.64
SAL0000756,P0085,WH001,2025-08-10,5,1427.09,7135.45
SAL0000757,P0057,WH006,2026-04-05,48,1071.29,51421.92
SAL0000758,P0072,WH005,2026-03-25,63,2337.16,147241.08
SAL0000759,P0014,WH006,2025-10-22,38,9958.36,378417.68
SAL0000760,P0039,WH002,2025-10-28,52,10521.02,547093.04
SAL0000761,P0144,WH008,2026-07-27,46,13859.79,637550.34
SAL0000762,P0018,WH007,2025-10-28,9,1249.34,11244.06
SAL0000763,P0075,WH008,2026-07-09,50,11640.25,582012.5
SAL0000764,P0102,WH003,2025-08-04,74,11449.48,847261.52
SAL0000765,P0020,WH002,2026-05-09,66,13830.77,912830.82
SAL0000766,P0117,WH005,2025-10-22,77,10971.0,844767.0
SAL0000767,P0117,WH004,2026-06-18,38,10971.0,416898.0
SAL0000768,P0004,WH001,2026-07-25,27,1797.79,48540.33
SAL0000769,P0084,WH004,2026-01-10,20,383.71,7674.2
SAL0000770,P0148,WH004,2026-06-07,62,3215.0,199330.0
SAL0000771,P0139,WH008,2026-06-29,74,16335.66,1208838.84
SAL0000772,P0114,WH005,2026-01-15,16,17232.19,275715.04
SAL0000773,P0065,WH004,2026-01-25,79,8713.96,688402.84
SAL0000774,P0146,WH008,2025-12-15,13,12971.8,168633.4
SAL0000775,P0044,WH004,2026-03-13,20,11696.79,233935.8
SAL0000776,P0118,WH005,2026-07-22,24,9694.84,232676.16
SAL0000777,P0100,WH008,2025-12-03,50,937.89,46894.5
SAL0000778,P0018,WH005,2026-07-25,7,1249.34,8745.38
SAL0000779,P0128,WH003,2026-06-19,29,14193.47,411610.63
SAL0000780,P0038,WH004,2025-12-02,5,3005.11,15025.55
SAL0000781,P0136,WH002,2026-05-26,35,9626.15,336915.25
SAL0000782,P0104,WH007,2026-07-21,65,13530.23,879464.95
SAL0000783,P0013,WH001,2026-01-22,70,5230.23,366116.1
SAL0000784,P0055,WH006,2026-02-25,74,14208.97,1051463.78
SAL0000785,P0088,WH001,2025-12-24,7,673.42,4713.94
SAL0000786,P0085,WH005,2026-01-23,44,1427.09,62791.96
SAL0000787,P0109,WH008,2025-09-16,72,6650.85,478861.2
SAL0000788,P0043,WH006,2026-02-23,13,15848.89,206035.57
SAL0000789,P0132,WH005,2026-07-09,78,17778.84,1386749.52
SAL0000790,P0071,WH007,2026-05-30,75,10220.28,766521.0
SAL0000791,P0012,WH008,2026-01-24,38,14129.48,536920.24
SAL0000792,P0059,WH007,2025-12-16,13,11103.0,144339.0
SAL0000793,P0044,WH003,2026-01-19,54,11696.79,631626.66
SAL0000794,P0016,WH004,2026-02-27,44,3864.55,170040.2
SAL0000795,P0134,WH005,2026-04-19,13,4427.4,57556.2
SAL0000796,P0014,WH007,2026-02-16,25,9958.36,248959.0
SAL0000797,P0115,WH005,2025-11-21,24,7832.13,187971.12
SAL0000798,P0112,WH001,2026-07-22,29,7497.58,217429.82
SAL0000799,P0123,WH004,2025-08-29,70,5568.28,389779.6
SAL0000800,P0058,WH003,2026-01-09,18,5550.94,99916.92
SAL0000801,P0120,WH007,2025-08-12,5,4392.45,21962.25
SAL0000802,P0035,WH008,2026-01-10,18,12109.87,217977.66
SAL0000803,P0010,WH005,2026-02-27,63,12927.18,814412.34
SAL0000804,P0081,WH005,2026-03-04,37,2089.55,77313.35
SAL0000805,P0044,WH008,2025-09-17,71,11696.79,830472.09
SAL0000806,P0071,WH005,2025-12-03,55,10220.28,562115.4
SAL0000807,P0018,WH001,2026-02-20,73,1249.34,91201.82
SAL0000808,P0083,WH007,2025-12-22,12,2819.78,33837.36
SAL0000809,P0079,WH005,2025-08-06,52,8567.49,445509.48
SAL0000810,P0086,WH005,2026-05-11,57,6177.93,352142.01
SAL0000811,P0042,WH001,2025-10-06,46,10059.55,462739.3
SAL0000812,P0124,WH005,2026-05-01,44,3098.15,136318.6
SAL0000813,P0030,WH008,2026-03-17,24,11747.59,281942.16
SAL0000814,P0020,WH004,2026-08-16,9,13830.77,124476.93
SAL0000815,P0126,WH004,2026-02-11,12,16061.16,192733.92
SAL0000816,P0096,WH001,2026-05-05,9,13787.01,124083.09
SAL0000817,P0125,WH004,2026-03-05,22,13379.19,294342.18
SAL0000818,P0042,WH006,2026-02-25,17,10059.55,171012.35
SAL0000819,P0089,WH006,2025-10-04,33,7891.09,260405.97
SAL0000820,P0087,WH006,2026-07-19,47,12269.88,576684.36
SAL0000821,P0005,WH003,2026-02-18,15,8142.68,122140.2
SAL0000822,P0050,WH005,2026-08-17,33,4526.14,149362.62
SAL0000823,P0041,WH003,2026-01-30,15,9233.93,138508.95
SAL0000824,P0094,WH004,2025-12-16,27,4499.9,121497.3
SAL0000825,P0057,WH001,2026-07-31,61,1071.29,65348.69
SAL0000826,P0135,WH006,2026-06-04,68,13819.48,939724.64
SAL0000827,P0133,WH001,2026-07-06,48,10911.61,523757.28
SAL0000828,P0051,WH003,2026-07-08,8,7869.03,62952.24
SAL0000829,P0106,WH008,2025-08-11,6,12961.82,77770.92
SAL0000830,P0136,WH004,2026-06-13,63,9626.15,606447.45
SAL0000831,P0011,WH007,2025-11-02,2,12266.95,24533.9
SAL0000832,P0150,WH005,2026-02-14,22,11200.18,246403.96
SAL0000833,P0098,WH007,2026-08-02,21,8703.81,182780.01
SAL0000834,P0099,WH004,2025-10-06,6,12570.46,75422.76
SAL0000835,P0139,WH006,2026-06-01,70,16335.66,1143496.2
SAL0000836,P0096,WH008,2025-09-18,13,13787.01,179231.13
SAL0000837,P0106,WH004,2026-01-06,1,12961.82,12961.82
SAL0000838,P0143,WH001,2026-05-25,22,13992.71,307839.62
SAL0000839,P0001,WH002,2025-09-30,24,11805.32,283327.68
SAL0000840,P0046,WH008,2026-04-05,64,4393.97,281214.08
SAL0000841,P0088,WH006,2025-11-30,41,673.42,27610.22
SAL0000842,P0022,WH007,2026-02-23,22,12421.92,273282.24
SAL0000843,P0003,WH005,2025-12-17,61,10805.71,659148.31
SAL0000844,P0142,WH006,2026-02-26,12,10972.07,131664.84
SAL0000845,P0130,WH006,2026-03-19,4,14491.67,57966.68
SAL0000846,P0061,WH005,2025-11-19,12,685.7,8228.4
SAL0000847,P0038,WH007,2025-09-14,33,3005.11,99168.63
SAL0000848,P0046,WH006,2026-06-19,21,4393.97,92273.37
SAL0000849,P0134,WH001,2025-09-04,73,4427.4,323200.2
SAL0000850,P0041,WH004,2026-04-17,72,9233.93,664842.96
SAL0000851,P0139,WH001,2025-12-14,74,16335.66,1208838.84
SAL0000852,P0110,WH004,2026-07-08,74,8117.34,600683.16
SAL0000853,P0041,WH002,2026-04-26,72,9233.93,664842.96
SAL0000854,P0057,WH006,2025-12-09,52,1071.29,55707.08
SAL0000855,P0123,WH002,2025-08-22,47,5568.28,261709.16
SAL0000856,P0086,WH003,2026-04-29,59,6177.93,364497.87
SAL0000857,P0063,WH007,2026-07-19,47,9321.2,438096.4
SAL0000858,P0039,WH004,2026-05-10,56,10521.02,589177.12
SAL0000859,P0138,WH001,2026-02-23,13,14687.9,190942.7
SAL0000860,P0027,WH008,2025-10-27,44,9782.53,430431.32
SAL0000861,P0081,WH001,2026-05-04,35,2089.55,73134.25
SAL0000862,P0107,WH006,2026-06-21,29,6158.26,178589.54
SAL0000863,P0036,WH001,2025-10-16,56,11599.04,649546.24
SAL0000864,P0085,WH003,2025-08-31,5,1427.09,7135.45
SAL0000865,P0028,WH005,2025-11-25,67,5125.77,343426.59
SAL0000866,P0016,WH001,2026-07-29,53,3864.55,204821.15
SAL0000867,P0035,WH006,2025-10-14,60,12109.87,726592.2
SAL0000868,P0099,WH002,2026-06-16,6,12570.46,75422.76
SAL0000869,P0147,WH007,2025-11-22,48,826.55,39674.4
SAL0000870,P0122,WH001,2025-11-21,35,17772.54,622038.9
SAL0000871,P0023,WH001,2025-10-22,18,3399.02,61182.36
SAL0000872,P0119,WH001,2025-10-31,11,15091.44,166005.84
SAL0000873,P0063,WH006,2026-02-14,51,9321.2,475381.2
SAL0000874,P0070,WH007,2026-07-15,23,13711.66,315368.18
SAL0000875,P0150,WH005,2026-03-22,47,11200.18,526408.46
SAL0000876,P0080,WH001,2025-08-22,75,12953.94,971545.5
SAL0000877,P0059,WH005,2026-03-21,59,11103.0,655077.0
SAL0000878,P0017,WH005,2025-12-03,57,12869.16,733542.12
SAL0000879,P0039,WH007,2025-10-17,56,10521.02,589177.12
SAL0000880,P0077,WH007,2025-09-10,27,12721.04,343468.08
SAL0000881,P0092,WH003,2025-12-30,73,11125.06,812129.38
SAL0000882,P0024,WH002,2026-04-01,35,10854.56,379909.6
SAL0000883,P0088,WH001,2026-03-12,55,673.42,37038.1
SAL0000884,P0044,WH001,2025-12-22,9,11696.79,105271.11
SAL0000885,P0036,WH001,2026-04-08,18,11599.04,208782.72
SAL0000886,P0099,WH005,2025-09-03,44,12570.46,553100.24
SAL0000887,P0070,WH008,2025-10-07,21,13711.66,287944.86
SAL0000888,P0122,WH007,2026-04-01,56,17772.54,995262.24
SAL0000889,P0124,WH004,2026-05-20,48,3098.15,148711.2
SAL0000890,P0080,WH008,2025-09-25,1,12953.94,12953.94
SAL0000891,P0045,WH002,2026-05-22,27,7353.86,198554.22
SAL0000892,P0139,WH006,2026-05-13,45,16335.66,735104.7
SAL0000893,P0031,WH001,2026-01-11,63,3886.37,244841.31
SAL0000894,P0085,WH004,2026-07-19,58,1427.09,82771.22
SAL0000895,P0045,WH004,2025-09-19,40,7353.86,294154.4
SAL0000896,P0115,WH007,2025-12-13,63,7832.13,493424.19
SAL0000897,P0067,WH004,2025-08-11,38,486.56,18489.28
SAL0000898,P0076,WH002,2026-03-04,29,9723.65,281985.85
SAL0000899,P0040,WH004,2025-08-31,40,3922.35,156894.0
SAL0000900,P0041,WH006,2025-09-25,19,9233.93,175444.67
SAL0000901,P0120,WH001,2026-02-15,56,4392.45,245977.2
SAL0000902,P0081,WH006,2026-07-14,44,2089.55,91940.2
SAL0000903,P0038,WH001,2026-08-08,65,3005.11,195332.15
SAL0000904,P0100,WH003,2026-03-04,13,937.89,12192.57
SAL0000905,P0057,WH005,2025-08-09,30,1071.29,32138.7
SAL0000906,P0066,WH004,2026-04-20,49,4517.29,221347.21
SAL0000907,P0030,WH006,2026-01-20,75,11747.59,881069.25
SAL0000908,P0010,WH005,2026-06-14,63,12927.18,814412.34
SAL0000909,P0061,WH005,2025-11-11,71,685.7,48684.7
SAL0000910,P0036,WH005,2026-01-22,35,11599.04,405966.4
SAL0000911,P0054,WH005,2025-12-22,11,11936.62,131302.82
SAL0000912,P0097,WH005,2025-09-17,49,1350.79,66188.71
SAL0000913,P0004,WH001,2026-04-24,40,1797.79,71911.6
SAL0000914,P0054,WH002,2026-05-03,21,11936.62,250669.02
SAL0000915,P0111,WH004,2025-10-19,47,10269.05,482645.35
SAL0000916,P0091,WH004,2026-06-11,3,10637.54,31912.62
SAL0000917,P0089,WH001,2026-01-06,30,7891.09,236732.7
SAL0000918,P0064,WH006,2026-03-25,67,6359.37,426077.79
SAL0000919,P0119,WH001,2025-08-03,62,15091.44,935669.28
SAL0000920,P0092,WH007,2025-08-13,37,11125.06,411627.22
SAL0000921,P0150,WH008,2025-12-01,22,11200.18,246403.96
SAL0000922,P0081,WH005,2025-09-04,31,2089.55,64776.05
SAL0000923,P0059,WH002,2026-07-06,46,11103.0,510738.0
SAL0000924,P0044,WH004,2026-06-18,76,11696.79,888956.04
SAL0000925,P0076,WH006,2025-12-05,45,9723.65,437564.25
SAL0000926,P0144,WH003,2026-04-12,14,13859.79,194037.06
SAL0000927,P0101,WH001,2025-12-24,12,7703.08,92436.96
SAL0000928,P0125,WH003,2026-01-12,63,13379.19,842888.97
SAL0000929,P0016,WH004,2025-12-07,77,3864.55,297570.35
SAL0000930,P0055,WH001,2025-11-11,38,14208.97,539940.86
SAL0000931,P0095,WH004,2025-12-17,47,16693.57,784597.79
SAL0000932,P0079,WH001,2026-05-30,54,8567.49,462644.46
SAL0000933,P0077,WH006,2026-06-12,55,12721.04,699657.2
SAL0000934,P0040,WH004,2026-06-27,48,3922.35,188272.8
SAL0000935,P0021,WH007,2026-08-14,73,7447.62,543676.26
SAL0000936,P0066,WH003,2025-10-20,72,4517.29,325244.88
SAL0000937,P0136,WH002,2025-12-25,15,9626.15,144392.25
SAL0000938,P0010,WH006,2026-08-02,71,12927.18,917829.78
SAL0000939,P0132,WH007,2025-08-19,16,17778.84,284461.44
SAL0000940,P0043,WH006,2026-05-17,43,15848.89,681502.27
SAL0000941,P0105,WH001,2026-02-27,7,1294.66,9062.62
SAL0000942,P0063,WH003,2025-08-25,43,9321.2,400811.6
SAL0000943,P0082,WH004,2026-07-20,28,11631.72,325688.16
SAL0000944,P0051,WH003,2025-08-23,66,7869.03,519355.98
SAL0000945,P0056,WH006,2026-01-31,60,189.21,11352.6
SAL0000946,P0034,WH001,2026-03-15,3,12148.61,36445.83
SAL0000947,P0059,WH008,2026-02-22,1,11103.0,11103.0
SAL0000948,P0130,WH003,2026-05-03,31,14491.67,449241.77
SAL0000949,P0130,WH007,2026-02-20,56,14491.67,811533.52
SAL0000950,P0138,WH004,2025-12-26,46,14687.9,675643.4
SAL0000951,P0143,WH005,2026-04-16,32,13992.71,447766.72
SAL0000952,P0118,WH006,2026-06-10,18,9694.84,174507.12
SAL0000953,P0128,WH002,2026-05-18,68,14193.47,965155.96
SAL0000954,P0017,WH002,2025-10-28,35,12869.16,450420.6
SAL0000955,P0082,WH006,2026-03-25,23,11631.72,267529.56
SAL0000956,P0014,WH008,2025-12-01,79,9958.36,786710.44
SAL0000957,P0081,WH005,2025-12-12,13,2089.55,27164.15
SAL0000958,P0123,WH001,2025-11-13,78,5568.28,434325.84
SAL0000959,P0016,WH003,2026-05-14,14,3864.55,54103.7
SAL0000960,P0032,WH003,2025-09-30,37,4077.66,150873.42
SAL0000961,P0023,WH005,2025-09-23,5,3399.02,16995.1
SAL0000962,P0102,WH007,2025-12-03,22,11449.48,251888.56
SAL0000963,P0098,WH005,2026-06-27,28,8703.81,243706.68
SAL0000964,P0144,WH004,2025-09-27,4,13859.79,55439.16
SAL0000965,P0104,WH004,2025-09-24,50,13530.23,676511.5
SAL0000966,P0126,WH002,2026-08-09,29,16061.16,465773.64
SAL0000967,P0068,WH001,2026-01-07,37,7651.09,283090.33
SAL0000968,P0064,WH008,2026-02-16,35,6359.37,222577.95
SAL0000969,P0071,WH001,2025-09-10,20,10220.28,204405.6
SAL0000970,P0018,WH007,2025-11-03,35,1249.34,43726.9
SAL0000971,P0113,WH005,2025-09-26,2,8027.64,16055.28
SAL0000972,P0125,WH002,2025-11-15,58,13379.19,775993.02
SAL0000973,P0127,WH002,2025-10-01,18,600.7,10812.6
SAL0000974,P0061,WH004,2026-02-11,56,685.7,38399.2
SAL0000975,P0075,WH003,2025-08-27,64,11640.25,744976.0
SAL0000976,P0107,WH007,2026-07-19,52,6158.26,320229.52
SAL0000977,P0148,WH001,2025-11-22,22,3215.0,70730.0
SAL0000978,P0139,WH007,2026-02-03,60,16335.66,980139.6
SAL0000979,P0081,WH002,2026-08-08,10,2089.55,20895.5
SAL0000980,P0106,WH004,2025-10-26,6,12961.82,77770.92
SAL0000981,P0028,WH004,2026-07-13,6,5125.77,30754.62
SAL0000982,P0008,WH004,2026-05-03,28,13511.51,378322.28
SAL0000983,P0091,WH007,2026-07-06,42,10637.54,446776.68
SAL0000984,P0150,WH003,2026-03-04,74,11200.18,828813.32
SAL0000985,P0121,WH002,2026-04-15,41,5450.85,223484.85
SAL0000986,P0066,WH005,2026-05-22,63,4517.29,284589.27
SAL0000987,P0095,WH005,2025-11-21,22,16693.57,367258.54
SAL0000988,P0064,WH004,2026-06-21,79,6359.37,502390.23
SAL0000989,P0065,WH004,2026-08-15,29,8713.96,252704.84
SAL0000990,P0125,WH003,2026-08-10,71,13379.19,949922.49
SAL0000991,P0014,WH004,2025-08-31,34,9958.36,338584.24
SAL0000992,P0025,WH006,2025-10-22,2,7089.85,14179.7
SAL0000993,P0100,WH002,2026-05-15,26,937.89,24385.14
SAL0000994,P0105,WH008,2026-06-23,75,1294.66,97099.5
SAL0000995,P0131,WH008,2025-09-01,19,332.15,6310.85
SAL0000996,P0133,WH004,2026-06-29,20,10911.61,218232.2
SAL0000997,P0065,WH008,2025-12-06,33,8713.96,287560.68
SAL0000998,P0019,WH004,2026-01-03,4,11648.11,46592.44
SAL0000999,P0106,WH002,2026-04-21,32,12961.82,414778.24
SAL0001000,P0054,WH001,2026-06-02,19,11936.62,226795.78
SAL0001001,P0138,WH006,2025-12-28,3,14687.9,44063.7
SAL0001002,P0144,WH006,2026-08-14,61,13859.79,845447.19
SAL0001003,P0104,WH008,2025-10-08,38,13530.23,514148.74
SAL0001004,P0015,WH005,2026-07-11,6,4962.3,29773.8
SAL0001005,P0048,WH004,2026-04-15,56,5653.52,316597.12
SAL0001006,P0139,WH002,2026-07-05,40,16335.66,653426.4
SAL0001007,P0034,WH005,2026-04-18,69,12148.61,838254.09
SAL0001008,P0099,WH007,2026-06-06,42,12570.46,527959.32
SAL0001009,P0019,WH008,2025-08-20,74,11648.11,861960.14
SAL0001010,P0070,WH007,2025-12-06,2,13711.66,27423.32
SAL0001011,P0115,WH003,2026-03-11,28,7832.13,219299.64
SAL0001012,P0096,WH007,2026-03-27,17,13787.01,234379.17
SAL0001013,P0075,WH007,2026-04-12,70,11640.25,814817.5
SAL0001014,P0150,WH001,2026-04-16,69,11200.18,772812.42
SAL0001015,P0036,WH004,2026-01-18,39,11599.04,452362.56
SAL0001016,P0063,WH001,2026-01-19,7,9321.2,65248.4
SAL0001017,P0093,WH004,2026-07-14,32,14803.06,473697.92
SAL0001018,P0005,WH004,2026-03-27,4,8142.68,32570.72
SAL0001019,P0025,WH004,2026-07-29,21,7089.85,148886.85
SAL0001020,P0098,WH001,2026-02-04,32,8703.81,278521.92
SAL0001021,P0012,WH006,2026-05-06,14,14129.48,197812.72
SAL0001022,P0150,WH003,2026-03-24,70,11200.18,784012.6
SAL0001023,P0137,WH006,2026-08-05,75,410.1,30757.5
SAL0001024,P0084,WH002,2026-08-16,46,383.71,17650.66
SAL0001025,P0029,WH002,2026-06-22,20,5999.79,119995.8
SAL0001026,P0109,WH007,2025-08-02,58,6650.85,385749.3
SAL0001027,P0027,WH006,2025-09-01,48,9782.53,469561.44
SAL0001028,P0055,WH003,2026-01-10,7,14208.97,99462.79
SAL0001029,P0133,WH007,2026-02-20,40,10911.61,436464.4
SAL0001030,P0052,WH003,2026-06-29,59,1381.73,81522.07
SAL0001031,P0013,WH004,2026-07-14,36,5230.23,188288.28
SAL0001032,P0042,WH004,2026-04-19,44,10059.55,442620.2
SAL0001033,P0143,WH002,2025-08-06,31,13992.71,433774.01
SAL0001034,P0079,WH004,2025-08-14,42,8567.49,359834.58
SAL0001035,P0018,WH007,2026-08-07,44,1249.34,54970.96
SAL0001036,P0050,WH004,2025-12-13,43,4526.14,194624.02
SAL0001037,P0002,WH003,2025-12-22,43,1611.45,69292.35
SAL0001038,P0087,WH001,2025-09-16,47,12269.88,576684.36
SAL0001039,P0107,WH008,2026-04-10,6,6158.26,36949.56
SAL0001040,P0141,WH006,2025-12-28,66,3336.79,220228.14
SAL0001041,P0047,WH005,2026-03-14,9,12742.54,114682.86
SAL0001042,P0089,WH005,2026-07-08,11,7891.09,86801.99
SAL0001043,P0012,WH004,2026-05-15,77,14129.48,1087969.96
SAL0001044,P0013,WH004,2026-01-03,18,5230.23,94144.14
SAL0001045,P0137,WH006,2026-03-24,25,410.1,10252.5
SAL0001046,P0059,WH005,2026-04-12,74,11103.0,821622.0
SAL0001047,P0043,WH003,2025-08-25,58,15848.89,919235.62
SAL0001048,P0074,WH008,2025-12-29,30,10068.76,302062.8
SAL0001049,P0023,WH005,2026-04-29,1,3399.02,3399.02
SAL0001050,P0079,WH005,2026-04-15,63,8567.49,539751.87
SAL0001051,P0023,WH007,2025-08-03,79,3399.02,268522.58
SAL0001052,P0101,WH005,2026-01-27,29,7703.08,223389.32
SAL0001053,P0144,WH004,2026-08-16,66,13859.79,914746.14
SAL0001054,P0109,WH007,2025-09-11,75,6650.85,498813.75
SAL0001055,P0111,WH004,2025-10-19,53,10269.05,544259.65
SAL0001056,P0017,WH006,2026-04-17,19,12869.16,244514.04
SAL0001057,P0086,WH005,2025-09-05,66,6177.93,407743.38
SAL0001058,P0039,WH008,2025-08-29,52,10521.02,547093.04
SAL0001059,P0041,WH004,2025-10-24,31,9233.93,286251.83
SAL0001060,P0048,WH006,2026-07-03,60,5653.52,339211.2
SAL0001061,P0077,WH005,2026-03-15,68,12721.04,865030.72
SAL0001062,P0001,WH008,2026-02-10,30,11805.32,354159.6
SAL0001063,P0117,WH003,2026-05-04,13,10971.0,142623.0
SAL0001064,P0019,WH004,2025-08-30,15,11648.11,174721.65
SAL0001065,P0059,WH008,2025-09-10,20,11103.0,222060.0
SAL0001066,P0107,WH008,2025-10-21,34,6158.26,209380.84
SAL0001067,P0138,WH008,2025-12-31,20,14687.9,293758.0
SAL0001068,P0028,WH001,2025-11-15,50,5125.77,256288.5
SAL0001069,P0034,WH008,2026-08-07,27,12148.61,328012.47
SAL0001070,P0039,WH006,2026-03-07,30,10521.02,315630.6
SAL0001071,P0126,WH004,2025-12-06,56,16061.16,899424.96
SAL0001072,P0083,WH003,2025-12-17,65,2819.78,183285.7
SAL0001073,P0106,WH003,2026-04-21,55,12961.82,712900.1
SAL0001074,P0110,WH004,2025-09-08,24,8117.34,194816.16
SAL0001075,P0121,WH008,2025-10-18,25,5450.85,136271.25
SAL0001076,P0107,WH002,2025-10-27,53,6158.26,326387.78
SAL0001077,P0131,WH006,2025-09-10,76,332.15,25243.4
SAL0001078,P0023,WH005,2026-02-28,11,3399.02,37389.22
SAL0001079,P0145,WH005,2026-06-21,60,10988.78,659326.8
SAL0001080,P0071,WH003,2025-11-18,77,10220.28,786961.56
SAL0001081,P0107,WH008,2025-09-07,47,6158.26,289438.22
SAL0001082,P0146,WH004,2026-04-22,25,12971.8,324295.0
SAL0001083,P0046,WH002,2025-10-31,25,4393.97,109849.25
SAL0001084,P0070,WH006,2026-07-03,17,13711.66,233098.22
SAL0001085,P0031,WH001,2025-12-13,12,3886.37,46636.44
SAL0001086,P0093,WH005,2026-01-30,52,14803.06,769759.12
SAL0001087,P0137,WH007,2025-11-15,11,410.1,4511.1
SAL0001088,P0118,WH006,2026-06-17,10,9694.84,96948.4
SAL0001089,P0081,WH008,2026-03-07,60,2089.55,125373.0
SAL0001090,P0060,WH006,2025-12-17,54,5035.5,271917.0
SAL0001091,P0076,WH002,2025-09-25,63,9723.65,612589.95
SAL0001092,P0063,WH006,2026-01-16,20,9321.2,186424.0
SAL0001093,P0100,WH005,2026-06-13,5,937.89,4689.45
SAL0001094,P0048,WH004,2026-05-10,41,5653.52,231794.32
SAL0001095,P0074,WH008,2026-04-14,63,10068.76,634331.88
SAL0001096,P0058,WH005,2025-12-22,56,5550.94,310852.64
SAL0001097,P0030,WH001,2025-12-16,32,11747.59,375922.88
SAL0001098,P0010,WH004,2026-06-14,27,12927.18,349033.86
SAL0001099,P0039,WH003,2026-06-03,68,10521.02,715429.36
SAL0001100,P0055,WH002,2026-03-04,48,14208.97,682030.56
SAL0001101,P0028,WH008,2026-03-29,7,5125.77,35880.39
SAL0001102,P0146,WH005,2026-02-11,46,12971.8,596702.8
SAL0001103,P0118,WH004,2026-04-15,78,9694.84,756197.52
SAL0001104,P0114,WH006,2026-04-04,18,17232.19,310179.42
SAL0001105,P0075,WH004,2025-10-17,38,11640.25,442329.5
SAL0001106,P0065,WH005,2026-01-15,65,8713.96,566407.4
SAL0001107,P0081,WH003,2025-11-29,17,2089.55,35522.35
SAL0001108,P0100,WH005,2026-07-01,38,937.89,35639.82
SAL0001109,P0100,WH003,2026-06-29,63,937.89,59087.07
SAL0001110,P0046,WH006,2026-08-06,42,4393.97,184546.74
SAL0001111,P0060,WH005,2026-08-04,8,5035.5,40284.0
SAL0001112,P0137,WH004,2025-11-25,30,410.1,12303.0
SAL0001113,P0097,WH001,2026-01-28,64,1350.79,86450.56
SAL0001114,P0003,WH001,2025-08-11,9,10805.71,97251.39
SAL0001115,P0136,WH006,2025-12-28,57,9626.15,548690.55
SAL0001116,P0114,WH007,2026-07-23,59,17232.19,1016699.21
SAL0001117,P0116,WH007,2026-02-16,67,9441.89,632606.63
SAL0001118,P0058,WH004,2026-02-25,75,5550.94,416320.5
SAL0001119,P0070,WH001,2025-10-21,5,13711.66,68558.3
SAL0001120,P0093,WH006,2025-12-17,4,14803.06,59212.24
SAL0001121,P0140,WH003,2026-01-27,8,9565.42,76523.36
SAL0001122,P0137,WH004,2026-02-19,42,410.1,17224.2
SAL0001123,P0105,WH007,2026-02-02,35,1294.66,45313.1
SAL0001124,P0049,WH008,2026-05-11,13,8075.59,104982.67
SAL0001125,P0083,WH003,2026-04-26,5,2819.78,14098.9
SAL0001126,P0017,WH004,2026-04-24,40,12869.16,514766.4
SAL0001127,P0054,WH003,2026-07-22,19,11936.62,226795.78
SAL0001128,P0112,WH003,2025-12-21,4,7497.58,29990.32
SAL0001129,P0049,WH001,2026-05-28,59,8075.59,476459.81
SAL0001130,P0144,WH008,2025-08-16,18,13859.79,249476.22
SAL0001131,P0085,WH004,2025-10-29,24,1427.09,34250.16
SAL0001132,P0012,WH005,2026-03-01,31,14129.48,438013.88
SAL0001133,P0126,WH001,2026-02-11,58,16061.16,931547.28
SAL0001134,P0098,WH003,2025-12-09,28,8703.81,243706.68
SAL0001135,P0136,WH003,2025-10-12,9,9626.15,86635.35
SAL0001136,P0149,WH007,2026-02-15,45,2329.78,104840.1
SAL0001137,P0048,WH005,2025-08-17,49,5653.52,277022.48
SAL0001138,P0136,WH007,2026-02-04,2,9626.15,19252.3
SAL0001139,P0028,WH005,2025-08-29,6,5125.77,30754.62
SAL0001140,P0080,WH003,2026-03-31,29,12953.94,375664.26
SAL0001141,P0010,WH005,2026-07-16,26,12927.18,336106.68
SAL0001142,P0052,WH008,2025-10-16,28,1381.73,38688.44
SAL0001143,P0143,WH002,2026-05-11,7,13992.71,97948.97
SAL0001144,P0132,WH007,2025-10-08,34,17778.84,604480.56
SAL0001145,P0090,WH007,2025-12-23,56,12387.89,693721.84
SAL0001146,P0062,WH001,2025-08-07,10,4668.52,46685.2
SAL0001147,P0107,WH008,2025-08-09,57,6158.26,351020.82
SAL0001148,P0132,WH004,2025-12-13,47,17778.84,835605.48
SAL0001149,P0041,WH007,2026-07-06,27,9233.93,249316.11
SAL0001150,P0099,WH005,2025-12-30,39,12570.46,490247.94
SAL0001151,P0055,WH005,2025-10-08,22,14208.97,312597.34
SAL0001152,P0028,WH002,2026-04-06,19,5125.77,97389.63
SAL0001153,P0101,WH004,2026-04-02,9,7703.08,69327.72
SAL0001154,P0047,WH002,2025-09-14,19,12742.54,242108.26
SAL0001155,P0137,WH004,2026-02-23,2,410.1,820.2
SAL0001156,P0130,WH007,2025-12-12,61,14491.67,883991.87
SAL0001157,P0117,WH007,2026-04-06,59,10971.0,647289.0
SAL0001158,P0108,WH001,2026-02-14,70,9691.84,678428.8
SAL0001159,P0069,WH005,2026-06-03,71,4228.28,300207.88
SAL0001160,P0028,WH001,2026-01-22,70,5125.77,358803.9
SAL0001161,P0079,WH004,2025-11-02,33,8567.49,282727.17
SAL0001162,P0014,WH005,2026-03-01,78,9958.36,776752.08
SAL0001163,P0046,WH007,2026-07-09,65,4393.97,285608.05
SAL0001164,P0141,WH002,2026-03-27,25,3336.79,83419.75
SAL0001165,P0016,WH007,2026-07-19,70,3864.55,270518.5
SAL0001166,P0081,WH007,2025-08-31,28,2089.55,58507.4
SAL0001167,P0058,WH003,2026-08-15,18,5550.94,99916.92
SAL0001168,P0048,WH002,2025-10-13,63,5653.52,356171.76
SAL0001169,P0049,WH003,2026-08-16,49,8075.59,395703.91
SAL0001170,P0089,WH008,2026-07-04,66,7891.09,520811.94
SAL0001171,P0130,WH008,2026-07-30,40,14491.67,579666.8
SAL0001172,P0014,WH002,2026-06-05,66,9958.36,657251.76
SAL0001173,P0103,WH004,2025-09-10,4,12534.03,50136.12
SAL0001174,P0121,WH001,2025-11-16,34,5450.85,185328.9
SAL0001175,P0145,WH008,2026-08-06,5,10988.78,54943.9
SAL0001176,P0123,WH003,2025-08-13,22,5568.28,122502.16
SAL0001177,P0138,WH004,2026-06-15,20,14687.9,293758.0
SAL0001178,P0070,WH001,2025-11-20,47,13711.66,644448.02
SAL0001179,P0103,WH001,2026-07-23,77,12534.03,965120.31
SAL0001180,P0102,WH005,2025-08-31,34,11449.48,389282.32
SAL0001181,P0064,WH007,2026-03-09,44,6359.37,279812.28
SAL0001182,P0018,WH005,2025-12-02,6,1249.34,7496.04
SAL0001183,P0063,WH007,2026-04-21,56,9321.2,521987.2
SAL0001184,P0049,WH005,2026-04-15,29,8075.59,234192.11
SAL0001185,P0056,WH003,2026-06-10,53,189.21,10028.13
SAL0001186,P0091,WH003,2026-08-04,1,10637.54,10637.54
SAL0001187,P0058,WH007,2026-03-07,59,5550.94,327505.46
SAL0001188,P0055,WH008,2026-05-14,48,14208.97,682030.56
SAL0001189,P0085,WH001,2026-04-08,7,1427.09,9989.63
SAL0001190,P0019,WH003,2025-10-25,32,11648.11,372739.52
SAL0001191,P0103,WH001,2025-09-24,78,12534.03,977654.34
SAL0001192,P0112,WH004,2026-02-06,61,7497.58,457352.38
SAL0001193,P0108,WH002,2026-07-12,57,9691.84,552434.88
SAL0001194,P0047,WH001,2025-11-27,51,12742.54,649869.54
SAL0001195,P0107,WH001,2026-04-21,19,6158.26,117006.94
SAL0001196,P0084,WH004,2026-07-18,27,383.71,10360.17
SAL0001197,P0128,WH007,2025-09-13,63,14193.47,894188.61
SAL0001198,P0058,WH005,2026-02-20,60,5550.94,333056.4
SAL0001199,P0143,WH006,2026-03-15,61,13992.71,853555.31
SAL0001200,P0144,WH008,2026-04-20,61,13859.79,845447.19
SAL0001201,P0097,WH007,2026-03-13,45,1350.79,60785.55
SAL0001202,P0047,WH005,2026-07-20,21,12742.54,267593.34
SAL0001203,P0140,WH005,2026-05-14,44,9565.42,420878.48
SAL0001204,P0103,WH008,2025-09-30,1,12534.03,12534.03
SAL0001205,P0084,WH007,2025-08-31,44,383.71,16883.24
SAL0001206,P0049,WH007,2026-08-12,62,8075.59,500686.58
SAL0001207,P0131,WH008,2026-08-16,61,332.15,20261.15
SAL0001208,P0112,WH001,2026-03-21,79,7497.58,592308.82
SAL0001209,P0060,WH001,2026-08-07,79,5035.5,397804.5
SAL0001210,P0066,WH003,2025-10-28,50,4517.29,225864.5
SAL0001211,P0087,WH003,2026-04-13,75,12269.88,920241.0
SAL0001212,P0126,WH002,2026-06-24,41,16061.16,658507.56
SAL0001213,P0026,WH002,2025-08-22,33,3320.79,109586.07
SAL0001214,P0071,WH006,2025-08-09,12,10220.28,122643.36
SAL0001215,P0074,WH007,2025-10-29,2,10068.76,20137.52
SAL0001216,P0047,WH003,2026-07-22,21,12742.54,267593.34
SAL0001217,P0076,WH007,2026-07-28,14,9723.65,136131.1
SAL0001218,P0096,WH001,2026-08-10,34,13787.01,468758.34
SAL0001219,P0031,WH004,2026-07-08,79,3886.37,307023.23
SAL0001220,P0022,WH003,2025-11-30,64,12421.92,795002.88
SAL0001221,P0017,WH001,2025-11-19,23,12869.16,295990.68
SAL0001222,P0148,WH007,2025-09-08,50,3215.0,160750.0
SAL0001223,P0136,WH008,2026-08-06,14,9626.15,134766.1
SAL0001224,P0098,WH003,2026-08-07,76,8703.81,661489.56
SAL0001225,P0049,WH005,2026-02-24,46,8075.59,371477.14
SAL0001226,P0087,WH003,2025-08-05,5,12269.88,61349.4
SAL0001227,P0038,WH007,2026-04-25,66,3005.11,198337.26
SAL0001228,P0053,WH007,2026-03-18,22,4950.69,108915.18
SAL0001229,P0028,WH006,2025-10-02,70,5125.77,358803.9
SAL0001230,P0077,WH007,2026-08-11,2,12721.04,25442.08
SAL0001231,P0139,WH005,2026-04-30,29,16335.66,473734.14
SAL0001232,P0018,WH001,2026-02-01,61,1249.34,76209.74
SAL0001233,P0050,WH005,2025-10-28,71,4526.14,321355.94
SAL0001234,P0089,WH003,2025-11-13,16,7891.09,126257.44
SAL0001235,P0150,WH008,2026-05-15,64,11200.18,716811.52
SAL0001236,P0045,WH005,2025-10-08,14,7353.86,102954.04
SAL0001237,P0127,WH006,2025-10-20,43,600.7,25830.1
SAL0001238,P0093,WH004,2025-09-21,76,14803.06,1125032.56
SAL0001239,P0021,WH005,2026-03-10,43,7447.62,320247.66
SAL0001240,P0076,WH007,2026-05-26,70,9723.65,680655.5
SAL0001241,P0091,WH006,2025-11-26,55,10637.54,585064.7
SAL0001242,P0096,WH005,2026-06-10,76,13787.01,1047812.76
SAL0001243,P0096,WH002,2026-06-11,31,13787.01,427397.31
SAL0001244,P0075,WH004,2025-10-01,76,11640.25,884659.0
SAL0001245,P0110,WH001,2026-02-15,74,8117.34,600683.16
SAL0001246,P0082,WH007,2025-12-22,40,11631.72,465268.8
SAL0001247,P0128,WH006,2026-06-06,27,14193.47,383223.69
SAL0001248,P0103,WH005,2026-02-16,52,12534.03,651769.56
SAL0001249,P0133,WH008,2026-02-06,7,10911.61,76381.27
SAL0001250,P0144,WH004,2026-04-25,46,13859.79,637550.34
SAL0001251,P0139,WH001,2025-08-18,33,16335.66,539076.78
SAL0001252,P0035,WH004,2026-03-20,8,12109.87,96878.96
SAL0001253,P0112,WH006,2025-10-12,5,7497.58,37487.9
SAL0001254,P0087,WH002,2025-08-21,61,12269.88,748462.68
SAL0001255,P0119,WH006,2026-06-05,72,15091.44,1086583.68
SAL0001256,P0098,WH006,2026-03-29,60,8703.81,522228.6
SAL0001257,P0081,WH008,2026-03-27,24,2089.55,50149.2
SAL0001258,P0138,WH001,2026-01-29,7,14687.9,102815.3
SAL0001259,P0082,WH008,2025-10-04,61,11631.72,709534.92
SAL0001260,P0136,WH008,2026-05-16,36,9626.15,346541.4
SAL0001261,P0026,WH001,2025-09-11,27,3320.79,89661.33
SAL0001262,P0003,WH005,2025-10-25,29,10805.71,313365.59
SAL0001263,P0059,WH003,2026-03-18,20,11103.0,222060.0
SAL0001264,P0116,WH006,2025-09-12,70,9441.89,660932.3
SAL0001265,P0131,WH001,2026-03-16,76,332.15,25243.4
SAL0001266,P0130,WH008,2026-04-13,76,14491.67,1101366.92
SAL0001267,P0145,WH006,2025-11-28,3,10988.78,32966.34
SAL0001268,P0036,WH006,2025-12-18,39,11599.04,452362.56
SAL0001269,P0086,WH008,2026-01-01,45,6177.93,278006.85
SAL0001270,P0098,WH001,2025-09-20,68,8703.81,591859.08
SAL0001271,P0124,WH002,2026-03-07,31,3098.15,96042.65
SAL0001272,P0073,WH002,2025-10-22,38,1439.34,54694.92
SAL0001273,P0110,WH006,2026-08-17,6,8117.34,48704.04
SAL0001274,P0122,WH002,2026-05-22,8,17772.54,142180.32
SAL0001275,P0130,WH006,2026-02-04,28,14491.67,405766.76
SAL0001276,P0027,WH008,2026-08-02,15,9782.53,146737.95
SAL0001277,P0150,WH005,2026-01-10,8,11200.18,89601.44
SAL0001278,P0068,WH001,2026-05-10,54,7651.09,413158.86
SAL0001279,P0014,WH006,2026-06-03,6,9958.36,59750.16
SAL0001280,P0098,WH002,2025-09-03,29,8703.81,252410.49
SAL0001281,P0023,WH002,2025-11-21,34,3399.02,115566.68
SAL0001282,P0115,WH004,2026-06-22,7,7832.13,54824.91
SAL0001283,P0112,WH004,2026-03-18,40,7497.58,299903.2
SAL0001284,P0096,WH007,2025-08-30,74,13787.01,1020238.74
SAL0001285,P0078,WH002,2025-09-17,13,9150.16,118952.08
SAL0001286,P0061,WH007,2025-11-07,62,685.7,42513.4
SAL0001287,P0085,WH007,2025-10-19,65,1427.09,92760.85
SAL0001288,P0071,WH007,2026-06-26,41,10220.28,419031.48
SAL0001289,P0085,WH005,2025-09-18,42,1427.09,59937.78
SAL0001290,P0050,WH003,2026-02-05,66,4526.14,298725.24
SAL0001291,P0140,WH006,2025-09-20,11,9565.42,105219.62
SAL0001292,P0015,WH004,2026-01-04,50,4962.3,248115.0
SAL0001293,P0145,WH006,2026-01-31,71,10988.78,780203.38
SAL0001294,P0034,WH004,2026-02-02,35,12148.61,425201.35
SAL0001295,P0035,WH001,2025-09-19,79,12109.87,956679.73
SAL0001296,P0039,WH001,2025-09-15,20,10521.02,210420.4
SAL0001297,P0133,WH002,2026-04-07,28,10911.61,305525.08
SAL0001298,P0030,WH001,2026-03-15,37,11747.59,434660.83
SAL0001299,P0132,WH008,2026-04-24,3,17778.84,53336.52
SAL0001300,P0143,WH001,2025-10-08,59,13992.71,825569.89
SAL0001301,P0103,WH003,2025-12-11,73,12534.03,914984.19
SAL0001302,P0074,WH007,2026-01-29,27,10068.76,271856.52
SAL0001303,P0055,WH005,2026-06-24,32,14208.97,454687.04
SAL0001304,P0060,WH002,2026-05-20,48,5035.5,241704.0
SAL0001305,P0024,WH003,2025-10-02,46,10854.56,499309.76
SAL0001306,P0022,WH008,2026-04-20,47,12421.92,583830.24
SAL0001307,P0032,WH002,2026-08-09,40,4077.66,163106.4
SAL0001308,P0095,WH005,2026-02-24,3,16693.57,50080.71
SAL0001309,P0083,WH002,2026-05-07,75,2819.78,211483.5
SAL0001310,P0003,WH006,2025-08-04,29,10805.71,313365.59
SAL0001311,P0070,WH006,2026-04-14,58,13711.66,795276.28
SAL0001312,P0130,WH006,2025-08-26,50,14491.67,724583.5
SAL0001313,P0088,WH001,2025-08-03,10,673.42,6734.2
SAL0001314,P0109,WH005,2026-06-21,61,6650.85,405701.85
SAL0001315,P0059,WH003,2026-03-29,61,11103.0,677283.0
SAL0001316,P0077,WH003,2026-06-09,23,12721.04,292583.92
SAL0001317,P0014,WH008,2026-08-12,6,9958.36,59750.16
SAL0001318,P0051,WH004,2025-10-20,75,7869.03,590177.25
SAL0001319,P0139,WH003,2025-12-11,60,16335.66,980139.6
SAL0001320,P0078,WH007,2026-04-09,27,9150.16,247054.32
SAL0001321,P0080,WH006,2026-07-21,55,12953.94,712466.7
SAL0001322,P0010,WH007,2025-09-30,31,12927.18,400742.58
SAL0001323,P0080,WH008,2026-03-04,30,12953.94,388618.2
SAL0001324,P0124,WH007,2026-01-19,67,3098.15,207576.05
SAL0001325,P0034,WH006,2026-01-12,13,12148.61,157931.93
SAL0001326,P0121,WH004,2025-12-18,59,5450.85,321600.15
SAL0001327,P0080,WH001,2026-05-25,54,12953.94,699512.76
SAL0001328,P0053,WH003,2025-12-05,21,4950.69,103964.49
SAL0001329,P0018,WH005,2026-06-10,43,1249.34,53721.62
SAL0001330,P0102,WH004,2026-06-01,11,11449.48,125944.28
SAL0001331,P0135,WH003,2025-10-04,67,13819.48,925905.16
SAL0001332,P0098,WH001,2026-06-12,38,8703.81,330744.78
SAL0001333,P0045,WH007,2026-08-13,24,7353.86,176492.64
SAL0001334,P0035,WH005,2025-10-06,51,12109.87,617603.37
SAL0001335,P0114,WH005,2025-08-21,76,17232.19,1309646.44
SAL0001336,P0021,WH008,2025-08-28,61,7447.62,454304.82
SAL0001337,P0096,WH007,2026-05-16,46,13787.01,634202.46
SAL0001338,P0044,WH001,2026-06-24,43,11696.79,502961.97
SAL0001339,P0080,WH003,2025-11-16,27,12953.94,349756.38
SAL0001340,P0056,WH007,2026-08-16,30,189.21,5676.3
SAL0001341,P0138,WH002,2025-12-04,63,14687.9,925337.7
SAL0001342,P0143,WH008,2026-07-01,10,13992.71,139927.1
SAL0001343,P0055,WH003,2025-08-10,3,14208.97,42626.91
SAL0001344,P0043,WH007,2026-07-15,77,15848.89,1220364.53
SAL0001345,P0050,WH007,2026-01-08,60,4526.14,271568.4
SAL0001346,P0006,WH004,2025-11-26,27,5888.41,158987.07
SAL0001347,P0062,WH004,2026-06-24,45,4668.52,210083.4
SAL0001348,P0055,WH003,2025-08-08,62,14208.97,880956.14
SAL0001349,P0140,WH008,2026-08-17,24,9565.42,229570.08
SAL0001350,P0116,WH006,2026-05-12,46,9441.89,434326.94
SAL0001351,P0031,WH004,2026-02-12,78,3886.37,303136.86
SAL0001352,P0074,WH002,2025-12-10,44,10068.76,443025.44
SAL0001353,P0034,WH006,2026-07-15,63,12148.61,765362.43
SAL0001354,P0010,WH002,2026-07-20,4,12927.18,51708.72
SAL0001355,P0052,WH005,2026-08-16,16,1381.73,22107.68
SAL0001356,P0078,WH004,2025-11-21,51,9150.16,466658.16
SAL0001357,P0003,WH007,2025-12-31,74,10805.71,799622.54
SAL0001358,P0135,WH006,2026-02-08,48,13819.48,663335.04
SAL0001359,P0004,WH003,2026-06-30,65,1797.79,116856.35
SAL0001360,P0048,WH006,2025-12-13,69,5653.52,390092.88
SAL0001361,P0074,WH007,2025-10-26,77,10068.76,775294.52
SAL0001362,P0079,WH005,2026-03-08,45,8567.49,385537.05
SAL0001363,P0144,WH002,2025-12-08,3,13859.79,41579.37
SAL0001364,P0004,WH005,2025-08-27,17,1797.79,30562.43
SAL0001365,P0004,WH001,2026-05-20,37,1797.79,66518.23
SAL0001366,P0120,WH004,2025-08-07,5,4392.45,21962.25
SAL0001367,P0119,WH003,2025-08-04,47,15091.44,709297.68
SAL0001368,P0017,WH002,2025-09-23,44,12869.16,566243.04
SAL0001369,P0096,WH005,2025-08-02,33,13787.01,454971.33
SAL0001370,P0070,WH003,2026-01-02,21,13711.66,287944.86
SAL0001371,P0097,WH004,2025-11-30,67,1350.79,90502.93
SAL0001372,P0008,WH007,2026-04-22,68,13511.51,918782.68
SAL0001373,P0114,WH003,2026-02-03,32,17232.19,551430.08
SAL0001374,P0005,WH004,2026-07-01,24,8142.68,195424.32
SAL0001375,P0047,WH004,2026-01-04,35,12742.54,445988.9
SAL0001376,P0040,WH004,2026-03-16,18,3922.35,70602.3
SAL0001377,P0122,WH005,2025-08-16,67,17772.54,1190760.18
SAL0001378,P0135,WH007,2026-04-14,54,13819.48,746251.92
SAL0001379,P0140,WH004,2026-07-21,26,9565.42,248700.92
SAL0001380,P0094,WH003,2026-02-24,60,4499.9,269994.0
SAL0001381,P0028,WH007,2026-03-13,65,5125.77,333175.05
SAL0001382,P0077,WH001,2026-05-23,51,12721.04,648773.04
SAL0001383,P0049,WH003,2026-06-23,60,8075.59,484535.4
SAL0001384,P0086,WH005,2025-12-31,59,6177.93,364497.87
SAL0001385,P0054,WH004,2026-06-06,76,11936.62,907183.12
SAL0001386,P0018,WH008,2026-05-05,17,1249.34,21238.78
SAL0001387,P0027,WH007,2026-04-11,21,9782.53,205433.13
SAL0001388,P0072,WH001,2026-05-17,67,2337.16,156589.72
SAL0001389,P0134,WH005,2026-07-19,28,4427.4,123967.2
SAL0001390,P0122,WH002,2026-03-01,44,17772.54,781991.76
SAL0001391,P0105,WH002,2026-02-18,70,1294.66,90626.2
SAL0001392,P0069,WH008,2026-05-09,62,4228.28,262153.36
SAL0001393,P0071,WH008,2025-11-10,42,10220.28,429251.76
SAL0001394,P0150,WH002,2025-12-22,22,11200.18,246403.96
SAL0001395,P0117,WH001,2025-12-12,38,10971.0,416898.0
SAL0001396,P0032,WH007,2026-02-07,14,4077.66,57087.24
SAL0001397,P0109,WH003,2025-10-02,26,6650.85,172922.1
SAL0001398,P0097,WH001,2026-06-20,40,1350.79,54031.6
SAL0001399,P0001,WH008,2025-08-31,54,11805.32,637487.28
SAL0001400,P0108,WH007,2025-08-29,13,9691.84,125993.92
SAL0001401,P0114,WH001,2026-03-28,19,17232.19,327411.61
SAL0001402,P0041,WH007,2026-08-11,42,9233.93,387825.06
SAL0001403,P0008,WH001,2026-03-14,41,13511.51,553971.91
SAL0001404,P0030,WH002,2025-10-02,50,11747.59,587379.5
SAL0001405,P0046,WH006,2026-06-17,3,4393.97,13181.91
SAL0001406,P0105,WH007,2026-03-16,31,1294.66,40134.46
SAL0001407,P0096,WH007,2025-12-09,76,13787.01,1047812.76
SAL0001408,P0061,WH007,2025-08-23,15,685.7,10285.5
SAL0001409,P0141,WH003,2026-08-08,54,3336.79,180186.66
SAL0001410,P0089,WH006,2026-01-18,53,7891.09,418227.77
SAL0001411,P0126,WH006,2025-12-17,45,16061.16,722752.2
SAL0001412,P0061,WH001,2026-07-28,38,685.7,26056.6
SAL0001413,P0120,WH003,2025-12-29,78,4392.45,342611.1
SAL0001414,P0121,WH006,2025-11-30,50,5450.85,272542.5
SAL0001415,P0048,WH004,2025-12-06,24,5653.52,135684.48
SAL0001416,P0059,WH001,2026-05-22,17,11103.0,188751.0
SAL0001417,P0011,WH001,2025-10-05,18,12266.95,220805.1
SAL0001418,P0025,WH001,2025-11-16,42,7089.85,297773.7
SAL0001419,P0046,WH004,2025-08-26,17,4393.97,74697.49
SAL0001420,P0054,WH008,2026-02-12,16,11936.62,190985.92
SAL0001421,P0034,WH004,2025-11-07,52,12148.61,631727.72
SAL0001422,P0084,WH002,2025-09-17,36,383.71,13813.56
SAL0001423,P0135,WH008,2025-09-24,39,13819.48,538959.72
SAL0001424,P0062,WH005,2025-12-19,25,4668.52,116713.0
SAL0001425,P0057,WH003,2026-04-19,42,1071.29,44994.18
SAL0001426,P0093,WH005,2026-02-04,21,14803.06,310864.26
SAL0001427,P0116,WH001,2025-09-14,68,9441.89,642048.52
SAL0001428,P0076,WH006,2026-02-18,59,9723.65,573695.35
SAL0001429,P0133,WH001,2026-06-20,30,10911.61,327348.3
SAL0001430,P0076,WH006,2026-05-30,57,9723.65,554248.05
SAL0001431,P0037,WH002,2025-11-25,33,1839.84,60714.72
SAL0001432,P0144,WH007,2025-11-30,53,13859.79,734568.87
SAL0001433,P0030,WH005,2026-04-21,16,11747.59,187961.44
SAL0001434,P0042,WH007,2025-08-02,49,10059.55,492917.95
SAL0001435,P0061,WH007,2026-07-21,5,685.7,3428.5
SAL0001436,P0048,WH001,2025-10-02,77,5653.52,435321.04
SAL0001437,P0084,WH005,2026-08-05,60,383.71,23022.6
SAL0001438,P0093,WH008,2026-03-31,71,14803.06,1051017.26
SAL0001439,P0068,WH008,2026-01-21,55,7651.09,420809.95
SAL0001440,P0046,WH002,2025-11-28,35,4393.97,153788.95
SAL0001441,P0113,WH005,2026-04-23,69,8027.64,553907.16
SAL0001442,P0028,WH006,2025-10-06,42,5125.77,215282.34
SAL0001443,P0077,WH003,2026-01-23,69,12721.04,877751.76
SAL0001444,P0121,WH007,2026-02-11,24,5450.85,130820.4
SAL0001445,P0003,WH008,2025-09-28,71,10805.71,767205.41
SAL0001446,P0037,WH002,2026-04-22,71,1839.84,130628.64
SAL0001447,P0147,WH005,2025-12-01,55,826.55,45460.25
SAL0001448,P0092,WH001,2026-03-09,14,11125.06,155750.84
SAL0001449,P0083,WH004,2025-09-03,55,2819.78,155087.9
SAL0001450,P0017,WH004,2025-11-18,15,12869.16,193037.4
SAL0001451,P0121,WH002,2026-05-21,5,5450.85,27254.25
SAL0001452,P0087,WH008,2025-09-02,4,12269.88,49079.52
SAL0001453,P0040,WH004,2026-07-10,30,3922.35,117670.5
SAL0001454,P0073,WH008,2026-08-13,53,1439.34,76285.02
SAL0001455,P0029,WH003,2025-09-28,73,5999.79,437984.67
SAL0001456,P0042,WH002,2025-12-03,30,10059.55,301786.5
SAL0001457,P0029,WH001,2026-06-01,61,5999.79,365987.19
SAL0001458,P0066,WH001,2026-04-15,71,4517.29,320727.59
SAL0001459,P0124,WH002,2026-08-11,68,3098.15,210674.2
SAL0001460,P0145,WH004,2026-07-26,55,10988.78,604382.9
SAL0001461,P0120,WH004,2025-08-13,71,4392.45,311863.95
SAL0001462,P0109,WH001,2026-06-16,73,6650.85,485512.05
SAL0001463,P0092,WH003,2026-03-15,42,11125.06,467252.52
SAL0001464,P0112,WH006,2025-09-18,77,7497.58,577313.66
SAL0001465,P0052,WH004,2025-09-15,29,1381.73,40070.17
SAL0001466,P0060,WH003,2025-11-06,35,5035.5,176242.5
SAL0001467,P0094,WH007,2026-04-22,45,4499.9,202495.5
SAL0001468,P0144,WH004,2026-04-25,74,13859.79,1025624.46
SAL0001469,P0098,WH006,2026-01-13,29,8703.81,252410.49
SAL0001470,P0014,WH002,2025-11-19,70,9958.36,697085.2
SAL0001471,P0051,WH005,2026-03-08,3,7869.03,23607.09
SAL0001472,P0024,WH001,2026-04-02,57,10854.56,618709.92
SAL0001473,P0107,WH002,2025-08-18,66,6158.26,406445.16
SAL0001474,P0073,WH004,2025-09-23,22,1439.34,31665.48
SAL0001475,P0147,WH006,2026-07-13,27,826.55,22316.85
SAL0001476,P0084,WH001,2026-06-18,22,383.71,8441.62
SAL0001477,P0061,WH005,2026-04-20,74,685.7,50741.8
SAL0001478,P0106,WH005,2026-07-08,49,12961.82,635129.18
SAL0001479,P0094,WH006,2026-05-23,24,4499.9,107997.6
SAL0001480,P0063,WH006,2026-01-23,27,9321.2,251672.4
SAL0001481,P0095,WH004,2025-09-27,36,16693.57,600968.52
SAL0001482,P0035,WH001,2025-08-05,17,12109.87,205867.79
SAL0001483,P0067,WH007,2026-04-14,56,486.56,27247.36
SAL0001484,P0056,WH007,2025-10-26,10,189.21,1892.1
SAL0001485,P0040,WH008,2026-02-02,54,3922.35,211806.9
SAL0001486,P0134,WH004,2025-11-25,74,4427.4,327627.6
SAL0001487,P0129,WH005,2025-09-25,74,5306.75,392699.5
SAL0001488,P0024,WH002,2025-12-31,38,10854.56,412473.28
SAL0001489,P0102,WH002,2026-08-14,4,11449.48,45797.92
SAL0001490,P0115,WH003,2026-03-26,50,7832.13,391606.5
SAL0001491,P0135,WH005,2026-05-03,61,13819.48,842988.28
SAL0001492,P0075,WH007,2026-02-10,21,11640.25,244445.25
SAL0001493,P0011,WH007,2026-01-31,36,12266.95,441610.2
SAL0001494,P0036,WH005,2025-10-31,46,11599.04,533555.84
SAL0001495,P0148,WH004,2026-07-16,71,3215.0,228265.0
SAL0001496,P0063,WH003,2026-01-01,44,9321.2,410132.8
SAL0001497,P0080,WH008,2025-11-02,64,12953.94,829052.16
SAL0001498,P0088,WH006,2025-09-24,18,673.42,12121.56
SAL0001499,P0030,WH003,2026-05-18,13,11747.59,152718.67
SAL0001500,P0103,WH001,2025-11-11,13,12534.03,162942.39
SAL0001501,P0112,WH004,2026-02-04,25,7497.58,187439.5
SAL0001502,P0084,WH006,2025-12-22,5,383.71,1918.55
SAL0001503,P0150,WH006,2025-09-19,39,11200.18,436807.02
SAL0001504,P0105,WH007,2026-01-31,29,1294.66,37545.14
SAL0001505,P0021,WH002,2025-09-25,57,7447.62,424514.34
SAL0001506,P0037,WH001,2025-09-25,46,1839.84,84632.64
SAL0001507,P0027,WH003,2026-01-12,33,9782.53,322823.49
SAL0001508,P0102,WH002,2026-07-11,10,11449.48,114494.8
SAL0001509,P0038,WH005,2026-01-04,58,3005.11,174296.38
SAL0001510,P0060,WH004,2026-05-19,25,5035.5,125887.5
SAL0001511,P0070,WH008,2026-02-22,74,13711.66,1014662.84
SAL0001512,P0032,WH003,2026-06-04,39,4077.66,159028.74
SAL0001513,P0080,WH005,2025-12-28,16,12953.94,207263.04
SAL0001514,P0131,WH006,2026-08-15,60,332.15,19929.0
SAL0001515,P0102,WH007,2026-06-22,28,11449.48,320585.44
SAL0001516,P0102,WH003,2026-01-19,76,11449.48,870160.48
SAL0001517,P0030,WH002,2025-11-12,44,11747.59,516893.96
SAL0001518,P0022,WH001,2026-08-04,58,12421.92,720471.36
SAL0001519,P0019,WH002,2026-01-29,32,11648.11,372739.52
SAL0001520,P0031,WH004,2026-02-02,63,3886.37,244841.31
SAL0001521,P0020,WH007,2025-12-08,45,13830.77,622384.65
SAL0001522,P0147,WH004,2025-12-23,53,826.55,43807.15
SAL0001523,P0130,WH003,2025-10-23,61,14491.67,883991.87
SAL0001524,P0040,WH002,2025-10-09,50,3922.35,196117.5
SAL0001525,P0091,WH001,2026-03-28,27,10637.54,287213.58
SAL0001526,P0072,WH006,2026-07-15,26,2337.16,60766.16
SAL0001527,P0109,WH004,2026-04-22,3,6650.85,19952.55
SAL0001528,P0027,WH001,2026-07-24,39,9782.53,381518.67
SAL0001529,P0079,WH005,2025-11-14,65,8567.49,556886.85
SAL0001530,P0140,WH003,2025-10-12,35,9565.42,334789.7
SAL0001531,P0078,WH001,2026-04-06,53,9150.16,484958.48
SAL0001532,P0017,WH003,2026-05-02,46,12869.16,591981.36
SAL0001533,P0084,WH005,2026-03-24,68,383.71,26092.28
SAL0001534,P0138,WH001,2025-10-13,22,14687.9,323133.8
SAL0001535,P0147,WH007,2026-04-20,60,826.55,49593.0
SAL0001536,P0088,WH001,2025-09-02,6,673.42,4040.52
SAL0001537,P0074,WH006,2026-02-02,52,10068.76,523575.52
SAL0001538,P0127,WH005,2026-04-15,73,600.7,43851.1
SAL0001539,P0102,WH008,2026-08-10,75,11449.48,858711.0
SAL0001540,P0096,WH007,2026-08-14,73,13787.01,1006451.73
SAL0001541,P0051,WH007,2025-12-25,29,7869.03,228201.87
SAL0001542,P0101,WH002,2026-02-01,43,7703.08,331232.44
SAL0001543,P0071,WH008,2026-06-25,74,10220.28,756300.72
SAL0001544,P0071,WH001,2025-08-15,34,10220.28,347489.52
SAL0001545,P0010,WH006,2025-09-14,31,12927.18,400742.58
SAL0001546,P0097,WH001,2026-06-06,46,1350.79,62136.34
SAL0001547,P0134,WH006,2025-11-21,4,4427.4,17709.6
SAL0001548,P0006,WH007,2025-11-27,2,5888.41,11776.82
SAL0001549,P0077,WH004,2025-09-21,5,12721.04,63605.2
SAL0001550,P0077,WH007,2026-03-22,46,12721.04,585167.84
SAL0001551,P0002,WH002,2025-10-24,79,1611.45,127304.55
SAL0001552,P0051,WH001,2025-12-23,19,7869.03,149511.57
SAL0001553,P0147,WH008,2025-12-15,38,826.55,31408.9
SAL0001554,P0121,WH005,2025-10-26,59,5450.85,321600.15
SAL0001555,P0128,WH003,2025-12-29,79,14193.47,1121284.13
SAL0001556,P0002,WH005,2026-03-06,72,1611.45,116024.4
SAL0001557,P0051,WH002,2025-09-01,20,7869.03,157380.6
SAL0001558,P0070,WH004,2025-12-11,76,13711.66,1042086.16
SAL0001559,P0020,WH004,2026-01-27,68,13830.77,940492.36
SAL0001560,P0023,WH004,2025-09-11,53,3399.02,180148.06
SAL0001561,P0054,WH006,2026-03-23,55,11936.62,656514.1
SAL0001562,P0143,WH005,2026-06-21,39,13992.71,545715.69
SAL0001563,P0134,WH008,2026-05-20,36,4427.4,159386.4
SAL0001564,P0136,WH003,2026-03-05,58,9626.15,558316.7
SAL0001565,P0057,WH007,2026-03-02,15,1071.29,16069.35
SAL0001566,P0115,WH007,2026-02-26,1,7832.13,7832.13
SAL0001567,P0149,WH003,2026-04-16,9,2329.78,20968.02
SAL0001568,P0123,WH007,2025-11-06,23,5568.28,128070.44
SAL0001569,P0036,WH006,2026-04-28,52,11599.04,603150.08
SAL0001570,P0071,WH001,2026-04-27,26,10220.28,265727.28
SAL0001571,P0069,WH006,2025-08-24,60,4228.28,253696.8
SAL0001572,P0058,WH003,2026-01-10,18,5550.94,99916.92
SAL0001573,P0063,WH003,2026-08-04,78,9321.2,727053.6
SAL0001574,P0016,WH008,2025-11-14,58,3864.55,224143.9
SAL0001575,P0134,WH008,2026-06-17,65,4427.4,287781.0
SAL0001576,P0078,WH001,2026-08-15,77,9150.16,704562.32
SAL0001577,P0122,WH005,2026-03-17,79,17772.54,1404030.66
SAL0001578,P0002,WH005,2026-05-24,69,1611.45,111190.05
SAL0001579,P0114,WH002,2026-04-14,14,17232.19,241250.66
SAL0001580,P0114,WH008,2025-09-15,78,17232.19,1344110.82
SAL0001581,P0124,WH005,2026-05-15,46,3098.15,142514.9
SAL0001582,P0146,WH004,2026-04-17,69,12971.8,895054.2
SAL0001583,P0086,WH008,2026-02-13,75,6177.93,463344.75
SAL0001584,P0129,WH008,2026-01-29,32,5306.75,169816.0
SAL0001585,P0021,WH004,2025-08-10,51,7447.62,379828.62
SAL0001586,P0001,WH008,2026-01-05,69,11805.32,814567.08
SAL0001587,P0132,WH008,2025-11-19,15,17778.84,266682.6
SAL0001588,P0058,WH002,2025-12-08,53,5550.94,294199.82
SAL0001589,P0001,WH003,2026-01-09,71,11805.32,838177.72
SAL0001590,P0141,WH008,2025-12-05,69,3336.79,230238.51
SAL0001591,P0007,WH002,2025-09-28,15,542.22,8133.3
SAL0001592,P0051,WH001,2026-05-24,30,7869.03,236070.9
SAL0001593,P0003,WH002,2026-04-04,78,10805.71,842845.38
SAL0001594,P0031,WH002,2026-03-18,24,3886.37,93272.88
SAL0001595,P0100,WH006,2025-11-05,35,937.89,32826.15
SAL0001596,P0062,WH004,2025-09-28,69,4668.52,322127.88
SAL0001597,P0108,WH001,2025-11-09,12,9691.84,116302.08
SAL0001598,P0055,WH006,2026-05-03,46,14208.97,653612.62
SAL0001599,P0044,WH001,2026-03-26,69,11696.79,807078.51
SAL0001600,P0081,WH002,2026-05-29,36,2089.55,75223.8
SAL0001601,P0030,WH008,2026-03-20,48,11747.59,563884.32
SAL0001602,P0066,WH006,2025-10-04,67,4517.29,302658.43
SAL0001603,P0136,WH006,2025-09-14,54,9626.15,519812.1
SAL0001604,P0014,WH001,2026-08-05,36,9958.36,358500.96
SAL0001605,P0101,WH001,2025-09-28,52,7703.08,400560.16
SAL0001606,P0106,WH005,2025-08-31,22,12961.82,285160.04
SAL0001607,P0103,WH007,2025-10-21,38,12534.03,476293.14
SAL0001608,P0062,WH001,2025-12-26,62,4668.52,289448.24
SAL0001609,P0075,WH006,2026-06-07,65,11640.25,756616.25
SAL0001610,P0079,WH003,2026-08-12,3,8567.49,25702.47
SAL0001611,P0107,WH001,2026-05-10,8,6158.26,49266.08
SAL0001612,P0096,WH004,2026-06-17,39,13787.01,537693.39
SAL0001613,P0040,WH005,2026-03-10,18,3922.35,70602.3
SAL0001614,P0141,WH004,2025-11-12,3,3336.79,10010.37
SAL0001615,P0107,WH007,2026-06-27,18,6158.26,110848.68
SAL0001616,P0017,WH004,2025-10-06,1,12869.16,12869.16
SAL0001617,P0015,WH003,2025-10-23,26,4962.3,129019.8
SAL0001618,P0016,WH008,2025-11-03,52,3864.55,200956.6
SAL0001619,P0013,WH005,2025-09-02,12,5230.23,62762.76
SAL0001620,P0036,WH007,2025-09-30,38,11599.04,440763.52
SAL0001621,P0043,WH002,2026-02-11,41,15848.89,649804.49
SAL0001622,P0114,WH006,2026-04-19,53,17232.19,913306.07
SAL0001623,P0074,WH006,2026-05-16,13,10068.76,130893.88
SAL0001624,P0081,WH001,2025-10-23,76,2089.55,158805.8
SAL0001625,P0094,WH006,2026-04-30,13,4499.9,58498.7
SAL0001626,P0141,WH003,2026-04-29,18,3336.79,60062.22
SAL0001627,P0030,WH006,2025-11-04,19,11747.59,223204.21
SAL0001628,P0030,WH003,2026-07-29,19,11747.59,223204.21
SAL0001629,P0010,WH002,2025-11-04,70,12927.18,904902.6
SAL0001630,P0099,WH008,2026-07-21,48,12570.46,603382.08
SAL0001631,P0094,WH003,2025-10-05,71,4499.9,319492.9
SAL0001632,P0039,WH002,2026-06-25,71,10521.02,746992.42
SAL0001633,P0037,WH002,2025-11-19,28,1839.84,51515.52
SAL0001634,P0131,WH002,2026-05-30,19,332.15,6310.85
SAL0001635,P0089,WH003,2026-03-16,48,7891.09,378772.32
SAL0001636,P0014,WH007,2026-07-06,29,9958.36,288792.44
SAL0001637,P0039,WH002,2026-06-04,48,10521.02,505008.96
SAL0001638,P0130,WH008,2025-08-27,19,14491.67,275341.73
SAL0001639,P0043,WH007,2025-08-14,47,15848.89,744897.83
SAL0001640,P0131,WH003,2026-04-18,60,332.15,19929.0
SAL0001641,P0008,WH008,2026-03-24,48,13511.51,648552.48
SAL0001642,P0096,WH005,2026-02-21,20,13787.01,275740.2
SAL0001643,P0065,WH008,2025-10-31,19,8713.96,165565.24
SAL0001644,P0079,WH002,2026-03-27,42,8567.49,359834.58
SAL0001645,P0132,WH003,2026-03-12,77,17778.84,1368970.68
SAL0001646,P0068,WH003,2026-02-01,76,7651.09,581482.84
SAL0001647,P0092,WH007,2026-07-04,49,11125.06,545127.94
SAL0001648,P0010,WH003,2026-02-11,15,12927.18,193907.7
SAL0001649,P0075,WH001,2026-07-27,60,11640.25,698415.0
SAL0001650,P0061,WH007,2026-03-09,68,685.7,46627.6
SAL0001651,P0047,WH007,2026-01-31,79,12742.54,1006660.66
SAL0001652,P0003,WH001,2026-06-06,27,10805.71,291754.17
SAL0001653,P0103,WH002,2025-12-07,75,12534.03,940052.25
SAL0001654,P0017,WH006,2025-08-18,55,12869.16,707803.8
SAL0001655,P0022,WH005,2026-05-27,15,12421.92,186328.8
SAL0001656,P0116,WH006,2026-07-24,52,9441.89,490978.28
SAL0001657,P0091,WH002,2025-10-23,31,10637.54,329763.74
SAL0001658,P0144,WH004,2026-06-03,7,13859.79,97018.53
SAL0001659,P0104,WH004,2025-09-15,13,13530.23,175892.99
SAL0001660,P0003,WH008,2025-12-28,54,10805.71,583508.34
SAL0001661,P0052,WH005,2025-09-25,13,1381.73,17962.49
SAL0001662,P0111,WH007,2026-06-23,20,10269.05,205381.0
SAL0001663,P0042,WH005,2025-08-31,10,10059.55,100595.5
SAL0001664,P0130,WH005,2025-11-12,52,14491.67,753566.84
SAL0001665,P0039,WH001,2026-04-03,37,10521.02,389277.74
SAL0001666,P0046,WH001,2026-03-09,52,4393.97,228486.44
SAL0001667,P0048,WH004,2025-12-27,27,5653.52,152645.04
SAL0001668,P0027,WH005,2026-03-08,34,9782.53,332606.02
SAL0001669,P0015,WH008,2026-06-03,62,4962.3,307662.6
SAL0001670,P0007,WH003,2026-03-06,16,542.22,8675.52
SAL0001671,P0109,WH006,2026-03-11,59,6650.85,392400.15
SAL0001672,P0042,WH004,2026-02-18,21,10059.55,211250.55
SAL0001673,P0009,WH005,2026-06-17,16,13538.59,216617.44
SAL0001674,P0105,WH003,2026-05-22,79,1294.66,102278.14
SAL0001675,P0134,WH005,2026-03-10,13,4427.4,57556.2
SAL0001676,P0076,WH007,2025-08-10,33,9723.65,320880.45
SAL0001677,P0030,WH002,2025-11-30,54,11747.59,634369.86
SAL0001678,P0084,WH003,2026-01-09,69,383.71,26475.99
SAL0001679,P0126,WH007,2025-09-25,27,16061.16,433651.32
SAL0001680,P0084,WH006,2026-06-10,52,383.71,19952.92
SAL0001681,P0054,WH002,2026-08-10,65,11936.62,775880.3
SAL0001682,P0110,WH007,2026-08-01,44,8117.34,357162.96
SAL0001683,P0027,WH001,2026-01-09,30,9782.53,293475.9
SAL0001684,P0084,WH004,2026-06-25,23,383.71,8825.33
SAL0001685,P0007,WH005,2026-07-10,79,542.22,42835.38
SAL0001686,P0104,WH004,2026-02-15,16,13530.23,216483.68
SAL0001687,P0072,WH006,2025-08-14,55,2337.16,128543.8
SAL0001688,P0002,WH005,2026-03-21,18,1611.45,29006.1
SAL0001689,P0142,WH002,2026-08-11,17,10972.07,186525.19
SAL0001690,P0138,WH003,2026-02-05,75,14687.9,1101592.5
SAL0001691,P0050,WH003,2026-02-04,52,4526.14,235359.28
SAL0001692,P0146,WH005,2025-10-08,45,12971.8,583731.0
SAL0001693,P0018,WH002,2026-02-14,56,1249.34,69963.04
SAL0001694,P0016,WH005,2025-08-22,54,3864.55,208685.7
SAL0001695,P0052,WH005,2026-01-14,9,1381.73,12435.57
SAL0001696,P0084,WH008,2025-12-02,17,383.71,6523.07
SAL0001697,P0096,WH007,2026-02-02,27,13787.01,372249.27
SAL0001698,P0042,WH005,2025-12-06,37,10059.55,372203.35
SAL0001699,P0113,WH003,2025-09-27,22,8027.64,176608.08
SAL0001700,P0124,WH008,2025-08-02,72,3098.15,223066.8
SAL0001701,P0015,WH006,2026-04-20,67,4962.3,332474.1
SAL0001702,P0090,WH005,2025-12-15,38,12387.89,470739.82
SAL0001703,P0042,WH003,2025-11-17,72,10059.55,724287.6
SAL0001704,P0045,WH001,2025-09-17,44,7353.86,323569.84
SAL0001705,P0094,WH002,2025-11-01,36,4499.9,161996.4
SAL0001706,P0107,WH001,2026-03-19,25,6158.26,153956.5
SAL0001707,P0022,WH005,2026-06-06,42,12421.92,521720.64
SAL0001708,P0128,WH003,2025-08-24,13,14193.47,184515.11
SAL0001709,P0038,WH002,2026-05-03,56,3005.11,168286.16
SAL0001710,P0097,WH004,2026-06-12,79,1350.79,106712.41
SAL0001711,P0101,WH002,2025-09-07,51,7703.08,392857.08
SAL0001712,P0007,WH002,2026-04-25,50,542.22,27111.0
SAL0001713,P0044,WH008,2026-03-07,77,11696.79,900652.83
SAL0001714,P0076,WH005,2025-11-05,52,9723.65,505629.8
SAL0001715,P0007,WH007,2025-12-03,33,542.22,17893.26
SAL0001716,P0060,WH001,2026-04-06,25,5035.5,125887.5
SAL0001717,P0001,WH001,2026-07-15,58,11805.32,684708.56
SAL0001718,P0062,WH008,2025-09-05,40,4668.52,186740.8
SAL0001719,P0087,WH004,2026-07-13,38,12269.88,466255.44
SAL0001720,P0089,WH005,2026-07-05,3,7891.09,23673.27
SAL0001721,P0018,WH002,2026-04-17,16,1249.34,19989.44
SAL0001722,P0108,WH007,2026-07-11,2,9691.84,19383.68
SAL0001723,P0135,WH006,2026-07-28,23,13819.48,317848.04
SAL0001724,P0115,WH001,2026-04-11,30,7832.13,234963.9
SAL0001725,P0054,WH001,2026-06-04,10,11936.62,119366.2
SAL0001726,P0067,WH003,2026-02-08,65,486.56,31626.4
SAL0001727,P0093,WH002,2026-01-20,22,14803.06,325667.32
SAL0001728,P0138,WH005,2026-05-22,52,14687.9,763770.8
SAL0001729,P0059,WH001,2026-01-12,56,11103.0,621768.0
SAL0001730,P0069,WH008,2026-01-05,33,4228.28,139533.24
SAL0001731,P0098,WH007,2025-12-25,30,8703.81,261114.3
SAL0001732,P0008,WH008,2026-05-04,24,13511.51,324276.24
SAL0001733,P0055,WH008,2026-02-13,5,14208.97,71044.85
SAL0001734,P0134,WH008,2026-06-27,53,4427.4,234652.2
SAL0001735,P0129,WH005,2025-11-10,55,5306.75,291871.25
SAL0001736,P0056,WH002,2026-04-03,23,189.21,4351.83
SAL0001737,P0104,WH008,2025-08-13,76,13530.23,1028297.48
SAL0001738,P0114,WH002,2025-08-29,10,17232.19,172321.9
SAL0001739,P0088,WH001,2025-09-11,33,673.42,22222.86
SAL0001740,P0138,WH004,2026-05-01,62,14687.9,910649.8
SAL0001741,P0108,WH005,2025-09-14,27,9691.84,261679.68
SAL0001742,P0023,WH008,2026-03-26,7,3399.02,23793.14
SAL0001743,P0144,WH008,2026-04-22,27,13859.79,374214.33
SAL0001744,P0101,WH005,2026-05-22,74,7703.08,570027.92
SAL0001745,P0144,WH003,2025-12-02,10,13859.79,138597.9
SAL0001746,P0056,WH007,2026-01-12,75,189.21,14190.75
SAL0001747,P0108,WH002,2025-12-21,57,9691.84,552434.88
SAL0001748,P0095,WH002,2025-09-14,30,16693.57,500807.1
SAL0001749,P0006,WH001,2026-07-12,3,5888.41,17665.23
SAL0001750,P0030,WH001,2026-01-10,29,11747.59,340680.11
SAL0001751,P0129,WH001,2026-01-27,14,5306.75,74294.5
SAL0001752,P0051,WH003,2025-11-28,77,7869.03,605915.31
SAL0001753,P0106,WH007,2026-01-31,25,12961.82,324045.5
SAL0001754,P0089,WH008,2025-12-14,10,7891.09,78910.9
SAL0001755,P0127,WH004,2025-10-24,79,600.7,47455.3
SAL0001756,P0046,WH001,2025-08-05,49,4393.97,215304.53
SAL0001757,P0121,WH001,2025-10-14,38,5450.85,207132.3
SAL0001758,P0149,WH006,2026-06-26,71,2329.78,165414.38
SAL0001759,P0099,WH007,2026-01-01,14,12570.46,175986.44
SAL0001760,P0069,WH001,2026-03-23,30,4228.28,126848.4
SAL0001761,P0063,WH003,2025-11-06,40,9321.2,372848.0
SAL0001762,P0050,WH005,2026-01-27,12,4526.14,54313.68
SAL0001763,P0012,WH004,2026-03-11,14,14129.48,197812.72
SAL0001764,P0069,WH005,2025-12-19,1,4228.28,4228.28
SAL0001765,P0073,WH008,2025-11-25,68,1439.34,97875.12
SAL0001766,P0044,WH006,2026-06-04,49,11696.79,573142.71
SAL0001767,P0052,WH002,2025-12-27,18,1381.73,24871.14
SAL0001768,P0009,WH002,2026-07-12,36,13538.59,487389.24
SAL0001769,P0118,WH001,2025-09-23,64,9694.84,620469.76
SAL0001770,P0010,WH006,2026-07-04,28,12927.18,361961.04
SAL0001771,P0046,WH005,2026-02-18,32,4393.97,140607.04
SAL0001772,P0103,WH003,2025-12-20,72,12534.03,902450.16
SAL0001773,P0037,WH004,2025-11-18,25,1839.84,45996.0
SAL0001774,P0052,WH007,2025-10-25,47,1381.73,64941.31
SAL0001775,P0099,WH005,2026-07-30,20,12570.46,251409.2
SAL0001776,P0081,WH006,2025-12-21,33,2089.55,68955.15
SAL0001777,P0013,WH008,2025-10-18,30,5230.23,156906.9
SAL0001778,P0134,WH006,2025-10-15,37,4427.4,163813.8
SAL0001779,P0101,WH007,2026-01-07,53,7703.08,408263.24
SAL0001780,P0128,WH005,2025-12-28,74,14193.47,1050316.78
SAL0001781,P0048,WH008,2026-04-19,69,5653.52,390092.88
SAL0001782,P0011,WH004,2026-06-18,8,12266.95,98135.6
SAL0001783,P0081,WH005,2025-08-16,1,2089.55,2089.55
SAL0001784,P0005,WH005,2026-08-08,7,8142.68,56998.76
SAL0001785,P0006,WH004,2026-04-12,62,5888.41,365081.42
SAL0001786,P0117,WH003,2025-08-29,58,10971.0,636318.0
SAL0001787,P0149,WH007,2026-01-21,78,2329.78,181722.84
SAL0001788,P0042,WH006,2026-04-05,73,10059.55,734347.15
SAL0001789,P0081,WH004,2026-01-31,8,2089.55,16716.4
SAL0001790,P0003,WH001,2026-07-15,64,10805.71,691565.44
SAL0001791,P0060,WH001,2026-03-22,8,5035.5,40284.0
SAL0001792,P0093,WH001,2025-11-17,3,14803.06,44409.18
SAL0001793,P0049,WH001,2026-08-07,58,8075.59,468384.22
SAL0001794,P0034,WH008,2025-08-28,32,12148.61,388755.52
SAL0001795,P0037,WH007,2026-05-23,68,1839.84,125109.12
SAL0001796,P0042,WH002,2026-05-12,49,10059.55,492917.95
SAL0001797,P0001,WH003,2026-02-25,38,11805.32,448602.16
SAL0001798,P0132,WH002,2025-12-03,2,17778.84,35557.68
SAL0001799,P0103,WH005,2026-01-26,9,12534.03,112806.27
SAL0001800,P0142,WH005,2026-01-13,46,10972.07,504715.22
SAL0001801,P0110,WH004,2025-12-18,65,8117.34,527627.1
SAL0001802,P0146,WH001,2026-05-26,49,12971.8,635618.2
SAL0001803,P0034,WH008,2025-10-04,75,12148.61,911145.75
SAL0001804,P0001,WH008,2026-06-07,29,11805.32,342354.28
SAL0001805,P0053,WH004,2025-11-06,29,4950.69,143570.01
SAL0001806,P0022,WH005,2026-07-19,33,12421.92,409923.36
SAL0001807,P0150,WH001,2026-03-18,28,11200.18,313605.04
SAL0001808,P0016,WH007,2026-04-27,26,3864.55,100478.3
SAL0001809,P0119,WH006,2026-03-06,29,15091.44,437651.76
SAL0001810,P0086,WH003,2026-07-23,11,6177.93,67957.23
SAL0001811,P0042,WH005,2026-01-01,34,10059.55,342024.7
SAL0001812,P0071,WH006,2025-08-15,48,10220.28,490573.44
SAL0001813,P0117,WH004,2026-05-26,27,10971.0,296217.0
SAL0001814,P0020,WH006,2026-07-31,72,13830.77,995815.44
SAL0001815,P0108,WH004,2026-05-15,40,9691.84,387673.6
SAL0001816,P0130,WH005,2025-10-15,31,14491.67,449241.77
SAL0001817,P0007,WH002,2026-08-08,65,542.22,35244.3
SAL0001818,P0009,WH008,2025-11-04,39,13538.59,528005.01
SAL0001819,P0027,WH007,2026-07-21,24,9782.53,234780.72
SAL0001820,P0130,WH007,2026-03-04,68,14491.67,985433.56
SAL0001821,P0085,WH008,2026-05-26,23,1427.09,32823.07
SAL0001822,P0060,WH003,2026-01-01,61,5035.5,307165.5
SAL0001823,P0112,WH007,2026-06-27,27,7497.58,202434.66
SAL0001824,P0086,WH006,2025-12-25,16,6177.93,98846.88
SAL0001825,P0130,WH007,2026-04-23,45,14491.67,652125.15
SAL0001826,P0145,WH006,2025-08-05,27,10988.78,296697.06
SAL0001827,P0083,WH005,2026-07-17,73,2819.78,205843.94
SAL0001828,P0104,WH007,2026-03-14,5,13530.23,67651.15
SAL0001829,P0088,WH005,2026-06-28,59,673.42,39731.78
SAL0001830,P0020,WH007,2026-01-15,72,13830.77,995815.44
SAL0001831,P0126,WH008,2026-04-22,35,16061.16,562140.6
SAL0001832,P0098,WH004,2025-09-23,70,8703.81,609266.7
SAL0001833,P0051,WH001,2025-08-07,46,7869.03,361975.38
SAL0001834,P0088,WH001,2026-03-07,56,673.42,37711.52
SAL0001835,P0063,WH001,2025-10-05,24,9321.2,223708.8
SAL0001836,P0089,WH004,2025-12-06,10,7891.09,78910.9
SAL0001837,P0131,WH001,2025-09-13,79,332.15,26239.85
SAL0001838,P0089,WH008,2026-05-20,38,7891.09,299861.42
SAL0001839,P0092,WH005,2026-05-19,70,11125.06,778754.2
SAL0001840,P0076,WH002,2026-01-21,48,9723.65,466735.2
SAL0001841,P0026,WH002,2025-09-05,9,3320.79,29887.11
SAL0001842,P0108,WH007,2025-11-26,50,9691.84,484592.0
SAL0001843,P0008,WH002,2026-01-27,69,13511.51,932294.19
SAL0001844,P0133,WH001,2026-04-29,48,10911.61,523757.28
SAL0001845,P0139,WH002,2026-05-17,39,16335.66,637090.74
SAL0001846,P0042,WH006,2026-08-07,5,10059.55,50297.75
SAL0001847,P0119,WH001,2026-07-26,11,15091.44,166005.84
SAL0001848,P0108,WH006,2025-12-26,60,9691.84,581510.4
SAL0001849,P0147,WH005,2025-08-09,27,826.55,22316.85
SAL0001850,P0120,WH006,2026-05-09,7,4392.45,30747.15
SAL0001851,P0046,WH005,2025-08-08,60,4393.97,263638.2
SAL0001852,P0092,WH004,2025-09-24,50,11125.06,556253.0
SAL0001853,P0146,WH004,2025-10-04,67,12971.8,869110.6
SAL0001854,P0074,WH007,2026-06-10,69,10068.76,694744.44
SAL0001855,P0096,WH006,2026-02-07,55,13787.01,758285.55
SAL0001856,P0018,WH003,2026-08-04,77,1249.34,96199.18
SAL0001857,P0140,WH005,2025-08-15,16,9565.42,153046.72
SAL0001858,P0115,WH008,2025-12-16,12,7832.13,93985.56
SAL0001859,P0072,WH001,2026-03-31,27,2337.16,63103.32
SAL0001860,P0046,WH003,2025-08-23,33,4393.97,145001.01
SAL0001861,P0038,WH005,2026-07-29,79,3005.11,237403.69
SAL0001862,P0130,WH001,2026-08-13,55,14491.67,797041.85
SAL0001863,P0009,WH005,2026-03-14,52,13538.59,704006.68
SAL0001864,P0108,WH005,2025-08-07,37,9691.84,358598.08
SAL0001865,P0133,WH008,2026-07-01,15,10911.61,163674.15
SAL0001866,P0098,WH001,2026-01-18,65,8703.81,565747.65
SAL0001867,P0019,WH005,2025-12-16,68,11648.11,792071.48
SAL0001868,P0071,WH008,2025-12-31,3,10220.28,30660.84
SAL0001869,P0039,WH005,2025-08-22,72,10521.02,757513.44
SAL0001870,P0042,WH005,2026-07-06,5,10059.55,50297.75
SAL0001871,P0145,WH007,2026-04-25,9,10988.78,98899.02
SAL0001872,P0090,WH004,2026-04-24,1,12387.89,12387.89
SAL0001873,P0107,WH002,2026-02-14,30,6158.26,184747.8
SAL0001874,P0148,WH005,2026-01-21,71,3215.0,228265.0
SAL0001875,P0136,WH007,2026-07-29,20,9626.15,192523.0
SAL0001876,P0096,WH008,2025-09-21,27,13787.01,372249.27
SAL0001877,P0147,WH001,2025-12-17,63,826.55,52072.65
SAL0001878,P0032,WH006,2026-07-14,75,4077.66,305824.5
SAL0001879,P0126,WH005,2026-05-28,31,16061.16,497895.96
SAL0001880,P0147,WH007,2025-08-31,19,826.55,15704.45
SAL0001881,P0024,WH004,2026-05-24,79,10854.56,857510.24
SAL0001882,P0024,WH007,2026-04-22,62,10854.56,672982.72
SAL0001883,P0120,WH004,2026-07-31,7,4392.45,30747.15
SAL0001884,P0018,WH006,2026-04-09,37,1249.34,46225.58
SAL0001885,P0140,WH005,2026-02-26,71,9565.42,679144.82
SAL0001886,P0041,WH003,2025-08-04,76,9233.93,701778.68
SAL0001887,P0087,WH006,2026-04-11,8,12269.88,98159.04
SAL0001888,P0082,WH002,2025-09-13,57,11631.72,663008.04
SAL0001889,P0144,WH001,2025-09-28,28,13859.79,388074.12
SAL0001890,P0033,WH007,2026-04-17,17,14261.13,242439.21
SAL0001891,P0024,WH001,2026-02-24,11,10854.56,119400.16
SAL0001892,P0061,WH001,2026-04-03,15,685.7,10285.5
SAL0001893,P0055,WH008,2026-05-18,30,14208.97,426269.1
SAL0001894,P0084,WH008,2026-07-08,6,383.71,2302.26
SAL0001895,P0119,WH001,2026-01-26,12,15091.44,181097.28
SAL0001896,P0072,WH004,2026-05-22,61,2337.16,142566.76
SAL0001897,P0074,WH007,2025-11-07,36,10068.76,362475.36
SAL0001898,P0129,WH008,2026-04-09,35,5306.75,185736.25
SAL0001899,P0085,WH002,2025-12-28,67,1427.09,95615.03
SAL0001900,P0096,WH005,2026-07-20,79,13787.01,1089173.79
SAL0001901,P0053,WH005,2025-09-09,77,4950.69,381203.13
SAL0001902,P0110,WH003,2026-04-04,63,8117.34,511392.42
SAL0001903,P0060,WH005,2025-09-12,40,5035.5,201420.0
SAL0001904,P0051,WH008,2026-04-18,31,7869.03,243939.93
SAL0001905,P0121,WH002,2026-04-11,37,5450.85,201681.45
SAL0001906,P0073,WH005,2026-07-03,5,1439.34,7196.7
SAL0001907,P0007,WH004,2025-09-29,4,542.22,2168.88
SAL0001908,P0075,WH006,2025-08-23,26,11640.25,302646.5
SAL0001909,P0019,WH005,2026-05-17,24,11648.11,279554.64
SAL0001910,P0143,WH001,2026-06-03,39,13992.71,545715.69
SAL0001911,P0070,WH001,2025-12-30,56,13711.66,767852.96
SAL0001912,P0056,WH006,2025-08-28,54,189.21,10217.34
SAL0001913,P0138,WH001,2026-05-20,38,14687.9,558140.2
SAL0001914,P0080,WH001,2026-08-12,54,12953.94,699512.76
SAL0001915,P0109,WH004,2026-08-10,19,6650.85,126366.15
SAL0001916,P0035,WH004,2026-08-01,26,12109.87,314856.62
SAL0001917,P0072,WH004,2025-10-27,52,2337.16,121532.32
SAL0001918,P0092,WH008,2026-04-27,75,11125.06,834379.5
SAL0001919,P0003,WH005,2026-08-17,61,10805.71,659148.31
SAL0001920,P0066,WH006,2026-08-14,67,4517.29,302658.43
SAL0001921,P0052,WH001,2025-12-31,22,1381.73,30398.06
SAL0001922,P0093,WH003,2026-06-13,17,14803.06,251652.02
SAL0001923,P0047,WH006,2026-06-01,11,12742.54,140167.94
SAL0001924,P0003,WH003,2026-03-31,39,10805.71,421422.69
SAL0001925,P0143,WH001,2026-07-30,61,13992.71,853555.31
SAL0001926,P0084,WH002,2026-05-08,49,383.71,18801.79
SAL0001927,P0034,WH006,2025-08-14,61,12148.61,741065.21
SAL0001928,P0050,WH008,2025-11-27,12,4526.14,54313.68
SAL0001929,P0033,WH005,2026-06-26,13,14261.13,185394.69
SAL0001930,P0073,WH003,2026-07-10,58,1439.34,83481.72
SAL0001931,P0003,WH006,2026-05-16,11,10805.71,118862.81
SAL0001932,P0002,WH006,2025-12-03,64,1611.45,103132.8
SAL0001933,P0132,WH004,2026-06-11,31,17778.84,551144.04
SAL0001934,P0016,WH002,2026-04-29,11,3864.55,42510.05
SAL0001935,P0033,WH004,2025-08-22,43,14261.13,613228.59
SAL0001936,P0009,WH002,2026-02-06,36,13538.59,487389.24
SAL0001937,P0057,WH002,2026-06-28,2,1071.29,2142.58
SAL0001938,P0040,WH005,2026-06-12,61,3922.35,239263.35
SAL0001939,P0052,WH006,2026-03-09,36,1381.73,49742.28
SAL0001940,P0016,WH004,2026-06-09,78,3864.55,301434.9
SAL0001941,P0136,WH008,2026-05-29,49,9626.15,471681.35
SAL0001942,P0087,WH004,2026-01-01,27,12269.88,331286.76
SAL0001943,P0060,WH003,2025-10-12,12,5035.5,60426.0
SAL0001944,P0003,WH006,2025-08-01,58,10805.71,626731.18
SAL0001945,P0015,WH001,2026-03-04,6,4962.3,29773.8
SAL0001946,P0102,WH001,2026-01-10,44,11449.48,503777.12
SAL0001947,P0023,WH003,2025-11-16,47,3399.02,159753.94
SAL0001948,P0131,WH002,2026-07-15,23,332.15,7639.45
SAL0001949,P0017,WH008,2025-09-21,74,12869.16,952317.84
SAL0001950,P0114,WH003,2026-06-25,76,17232.19,1309646.44
SAL0001951,P0058,WH003,2025-10-29,26,5550.94,144324.44
SAL0001952,P0110,WH004,2026-05-01,7,8117.34,56821.38
SAL0001953,P0135,WH003,2026-06-05,32,13819.48,442223.36
SAL0001954,P0078,WH007,2026-05-28,33,9150.16,301955.28
SAL0001955,P0143,WH008,2026-05-15,20,13992.71,279854.2
SAL0001956,P0044,WH002,2025-09-29,69,11696.79,807078.51
SAL0001957,P0012,WH001,2025-09-23,52,14129.48,734732.96
SAL0001958,P0008,WH005,2025-10-10,42,13511.51,567483.42
SAL0001959,P0080,WH008,2026-03-12,1,12953.94,12953.94
SAL0001960,P0041,WH008,2025-09-28,63,9233.93,581737.59
SAL0001961,P0046,WH006,2025-11-05,7,4393.97,30757.79
SAL0001962,P0029,WH003,2026-04-04,58,5999.79,347987.82
SAL0001963,P0016,WH006,2025-11-26,50,3864.55,193227.5
SAL0001964,P0133,WH003,2026-07-12,34,10911.61,370994.74
SAL0001965,P0005,WH007,2026-06-10,51,8142.68,415276.68
SAL0001966,P0030,WH006,2025-10-08,10,11747.59,117475.9
SAL0001967,P0117,WH004,2026-05-28,26,10971.0,285246.0
SAL0001968,P0005,WH004,2026-03-30,32,8142.68,260565.76
SAL0001969,P0141,WH006,2026-01-23,42,3336.79,140145.18
SAL0001970,P0049,WH003,2026-07-31,62,8075.59,500686.58
SAL0001971,P0089,WH007,2026-01-29,12,7891.09,94693.08
SAL0001972,P0050,WH007,2025-10-10,40,4526.14,181045.6
SAL0001973,P0014,WH003,2026-07-31,78,9958.36,776752.08
SAL0001974,P0108,WH002,2026-06-06,34,9691.84,329522.56
SAL0001975,P0046,WH001,2025-10-17,70,4393.97,307577.9
SAL0001976,P0082,WH008,2026-07-23,27,11631.72,314056.44
SAL0001977,P0126,WH008,2025-09-08,8,16061.16,128489.28
SAL0001978,P0084,WH001,2025-08-11,47,383.71,18034.37
SAL0001979,P0034,WH007,2026-02-03,26,12148.61,315863.86
SAL0001980,P0071,WH005,2025-12-16,57,10220.28,582555.96
SAL0001981,P0060,WH001,2025-12-30,7,5035.5,35248.5
SAL0001982,P0074,WH005,2025-08-07,26,10068.76,261787.76
SAL0001983,P0081,WH004,2025-11-24,59,2089.55,123283.45
SAL0001984,P0139,WH008,2026-06-30,69,16335.66,1127160.54
SAL0001985,P0098,WH005,2026-04-20,47,8703.81,409079.07
SAL0001986,P0091,WH005,2026-03-18,35,10637.54,372313.9
SAL0001987,P0095,WH001,2026-08-04,30,16693.57,500807.1
SAL0001988,P0132,WH007,2026-06-12,50,17778.84,888942.0
SAL0001989,P0060,WH003,2025-12-22,24,5035.5,120852.0
SAL0001990,P0113,WH007,2026-02-07,30,8027.64,240829.2
SAL0001991,P0081,WH004,2026-03-04,54,2089.55,112835.7
SAL0001992,P0084,WH002,2026-01-12,67,383.71,25708.57
SAL0001993,P0025,WH005,2026-04-12,32,7089.85,226875.2
SAL0001994,P0033,WH005,2026-06-24,8,14261.13,114089.04
SAL0001995,P0019,WH006,2026-07-21,50,11648.11,582405.5
SAL0001996,P0057,WH005,2026-07-28,47,1071.29,50350.63
SAL0001997,P0015,WH007,2026-06-20,46,4962.3,228265.8
SAL0001998,P0041,WH003,2025-11-17,35,9233.93,323187.55
SAL0001999,P0060,WH002,2026-05-21,61,5035.5,307165.5
SAL0002000,P0109,WH007,2026-04-23,79,6650.85,525417.15
SAL0002001,P0096,WH006,2025-12-27,51,13787.01,703137.51
SAL0002002,P0022,WH007,2025-11-07,63,12421.92,782580.96
SAL0002003,P0141,WH001,2025-08-14,8,3336.79,26694.32
SAL0002004,P0026,WH004,2026-04-28,34,3320.79,112906.86
SAL0002005,P0133,WH003,2026-04-21,25,10911.61,272790.25
SAL0002006,P0125,WH002,2025-12-25,44,13379.19,588684.36
SAL0002007,P0097,WH004,2025-08-21,43,1350.79,58083.97
SAL0002008,P0133,WH001,2025-10-10,50,10911.61,545580.5
SAL0002009,P0071,WH004,2025-09-26,13,10220.28,132863.64
SAL0002010,P0018,WH006,2025-08-25,46,1249.34,57469.64
SAL0002011,P0095,WH005,2025-09-24,76,16693.57,1268711.32
SAL0002012,P0134,WH005,2025-12-31,79,4427.4,349764.6
SAL0002013,P0066,WH003,2026-06-10,53,4517.29,239416.37
SAL0002014,P0127,WH004,2026-08-02,63,600.7,37844.1
SAL0002015,P0042,WH007,2026-05-14,2,10059.55,20119.1
SAL0002016,P0117,WH005,2026-07-06,40,10971.0,438840.0
SAL0002017,P0011,WH003,2026-06-28,23,12266.95,282139.85
SAL0002018,P0026,WH003,2026-07-21,59,3320.79,195926.61
SAL0002019,P0149,WH006,2026-05-08,69,2329.78,160754.82
SAL0002020,P0056,WH003,2026-01-16,34,189.21,6433.14
SAL0002021,P0118,WH001,2025-10-26,74,9694.84,717418.16
SAL0002022,P0148,WH007,2026-04-14,27,3215.0,86805.0
SAL0002023,P0057,WH005,2025-12-16,55,1071.29,58920.95
SAL0002024,P0005,WH005,2025-12-10,4,8142.68,32570.72
SAL0002025,P0014,WH002,2025-09-02,68,9958.36,677168.48
SAL0002026,P0024,WH001,2025-10-03,72,10854.56,781528.32
SAL0002027,P0068,WH005,2025-08-07,70,7651.09,535576.3
SAL0002028,P0048,WH006,2026-02-07,27,5653.52,152645.04
SAL0002029,P0060,WH005,2026-06-11,47,5035.5,236668.5
SAL0002030,P0003,WH002,2026-01-24,40,10805.71,432228.4
SAL0002031,P0119,WH008,2026-02-25,27,15091.44,407468.88
SAL0002032,P0137,WH004,2026-02-04,7,410.1,2870.7
SAL0002033,P0100,WH004,2026-02-03,23,937.89,21571.47
SAL0002034,P0083,WH001,2026-03-20,64,2819.78,180465.92
SAL0002035,P0024,WH003,2026-02-02,29,10854.56,314782.24
SAL0002036,P0132,WH002,2025-08-16,61,17778.84,1084509.24
SAL0002037,P0137,WH008,2026-03-10,44,410.1,18044.4
SAL0002038,P0001,WH002,2025-10-02,69,11805.32,814567.08
SAL0002039,P0116,WH008,2026-04-21,27,9441.89,254931.03
SAL0002040,P0140,WH008,2025-12-15,12,9565.42,114785.04
SAL0002041,P0146,WH005,2025-10-25,17,12971.8,220520.6
SAL0002042,P0010,WH006,2026-07-07,37,12927.18,478305.66
SAL0002043,P0146,WH005,2026-07-15,34,12971.8,441041.2
SAL0002044,P0129,WH006,2026-08-14,36,5306.75,191043.0
SAL0002045,P0079,WH002,2026-01-01,6,8567.49,51404.94
SAL0002046,P0099,WH003,2026-01-23,32,12570.46,402254.72
SAL0002047,P0144,WH004,2026-02-01,73,13859.79,1011764.67
SAL0002048,P0143,WH001,2025-12-11,22,13992.71,307839.62
SAL0002049,P0133,WH007,2026-07-26,10,10911.61,109116.1
SAL0002050,P0045,WH006,2026-01-28,29,7353.86,213261.94
SAL0002051,P0118,WH004,2025-12-18,11,9694.84,106643.24
SAL0002052,P0052,WH001,2025-10-05,66,1381.73,91194.18
SAL0002053,P0112,WH003,2026-07-31,56,7497.58,419864.48
SAL0002054,P0135,WH002,2025-11-21,58,13819.48,801529.84
SAL0002055,P0112,WH003,2026-01-04,52,7497.58,389874.16
SAL0002056,P0013,WH006,2025-10-07,61,5230.23,319044.03
SAL0002057,P0017,WH002,2026-02-17,17,12869.16,218775.72
SAL0002058,P0044,WH008,2026-03-20,30,11696.79,350903.7
SAL0002059,P0141,WH005,2025-11-01,72,3336.79,240248.88
SAL0002060,P0073,WH008,2026-03-15,37,1439.34,53255.58
SAL0002061,P0005,WH001,2025-09-26,5,8142.68,40713.4
SAL0002062,P0033,WH005,2025-12-24,26,14261.13,370789.38
SAL0002063,P0132,WH002,2025-12-11,70,17778.84,1244518.8
SAL0002064,P0068,WH007,2025-10-08,1,7651.09,7651.09
SAL0002065,P0016,WH001,2026-05-15,9,3864.55,34780.95
SAL0002066,P0150,WH001,2026-02-15,71,11200.18,795212.78
SAL0002067,P0036,WH005,2026-05-14,64,11599.04,742338.56
SAL0002068,P0102,WH001,2026-05-15,79,11449.48,904508.92
SAL0002069,P0025,WH002,2025-09-07,24,7089.85,170156.4
SAL0002070,P0072,WH008,2026-08-15,5,2337.16,11685.8
SAL0002071,P0081,WH007,2026-04-01,51,2089.55,106567.05
SAL0002072,P0061,WH006,2025-11-19,38,685.7,26056.6
SAL0002073,P0018,WH006,2026-03-14,29,1249.34,36230.86
SAL0002074,P0058,WH002,2026-06-07,46,5550.94,255343.24
SAL0002075,P0076,WH005,2025-08-25,52,9723.65,505629.8
SAL0002076,P0121,WH003,2026-05-20,46,5450.85,250739.1
SAL0002077,P0057,WH002,2025-12-18,75,1071.29,80346.75
SAL0002078,P0097,WH006,2026-08-08,68,1350.79,91853.72
SAL0002079,P0063,WH002,2025-11-16,59,9321.2,549950.8
SAL0002080,P0012,WH001,2025-11-28,10,14129.48,141294.8
SAL0002081,P0011,WH001,2025-11-23,4,12266.95,49067.8
SAL0002082,P0141,WH002,2026-03-30,52,3336.79,173513.08
SAL0002083,P0027,WH005,2026-06-14,74,9782.53,723907.22
SAL0002084,P0104,WH003,2025-08-14,18,13530.23,243544.14
SAL0002085,P0067,WH001,2025-10-05,76,486.56,36978.56
SAL0002086,P0089,WH006,2025-11-08,51,7891.09,402445.59
SAL0002087,P0045,WH007,2025-10-07,23,7353.86,169138.78
SAL0002088,P0081,WH001,2025-12-17,25,2089.55,52238.75
SAL0002089,P0067,WH006,2025-08-30,60,486.56,29193.6
SAL0002090,P0150,WH008,2026-06-21,37,11200.18,414406.66
SAL0002091,P0102,WH008,2025-09-10,68,11449.48,778564.64
SAL0002092,P0091,WH007,2025-08-20,77,10637.54,819090.58
SAL0002093,P0042,WH003,2025-10-23,18,10059.55,181071.9
SAL0002094,P0020,WH007,2025-11-01,29,13830.77,401092.33
SAL0002095,P0048,WH001,2026-04-09,30,5653.52,169605.6
SAL0002096,P0018,WH007,2025-10-08,7,1249.34,8745.38
SAL0002097,P0128,WH005,2025-10-12,41,14193.47,581932.27
SAL0002098,P0077,WH006,2025-11-16,74,12721.04,941356.96
SAL0002099,P0006,WH001,2026-04-10,37,5888.41,217871.17
SAL0002100,P0039,WH001,2026-06-01,27,10521.02,284067.54
SAL0002101,P0011,WH002,2026-02-04,21,12266.95,257605.95
SAL0002102,P0112,WH008,2025-10-29,43,7497.58,322395.94
SAL0002103,P0108,WH005,2026-04-11,51,9691.84,494283.84
SAL0002104,P0094,WH005,2026-01-06,71,4499.9,319492.9
SAL0002105,P0055,WH002,2026-06-11,13,14208.97,184716.61
SAL0002106,P0084,WH007,2025-12-25,53,383.71,20336.63
SAL0002107,P0058,WH006,2026-06-14,63,5550.94,349709.22
SAL0002108,P0037,WH004,2026-03-26,57,1839.84,104870.88
SAL0002109,P0016,WH003,2026-03-02,25,3864.55,96613.75
SAL0002110,P0070,WH008,2026-04-16,13,13711.66,178251.58
SAL0002111,P0093,WH005,2026-02-26,37,14803.06,547713.22
SAL0002112,P0144,WH008,2026-02-24,30,13859.79,415793.7
SAL0002113,P0018,WH004,2026-07-14,12,1249.34,14992.08
SAL0002114,P0147,WH006,2025-10-30,65,826.55,53725.75
SAL0002115,P0130,WH003,2025-11-03,18,14491.67,260850.06
SAL0002116,P0138,WH005,2026-03-06,62,14687.9,910649.8
SAL0002117,P0046,WH001,2026-07-09,24,4393.97,105455.28
SAL0002118,P0019,WH005,2026-01-21,60,11648.11,698886.6
SAL0002119,P0038,WH003,2026-01-05,17,3005.11,51086.87
SAL0002120,P0037,WH007,2025-09-09,60,1839.84,110390.4
SAL0002121,P0112,WH004,2025-11-15,9,7497.58,67478.22
SAL0002122,P0045,WH008,2026-04-02,52,7353.86,382400.72
SAL0002123,P0117,WH007,2025-12-21,15,10971.0,164565.0
SAL0002124,P0130,WH001,2026-07-10,77,14491.67,1115858.59
SAL0002125,P0044,WH003,2025-09-16,28,11696.79,327510.12
SAL0002126,P0097,WH006,2026-03-11,9,1350.79,12157.11
SAL0002127,P0083,WH007,2025-08-29,56,2819.78,157907.68
SAL0002128,P0124,WH003,2025-12-17,75,3098.15,232361.25
SAL0002129,P0124,WH005,2026-06-12,36,3098.15,111533.4
SAL0002130,P0027,WH008,2026-01-12,56,9782.53,547821.68
SAL0002131,P0048,WH006,2026-05-05,71,5653.52,401399.92
SAL0002132,P0094,WH002,2026-01-20,20,4499.9,89998.0
SAL0002133,P0007,WH002,2026-02-03,55,542.22,29822.1
SAL0002134,P0085,WH007,2025-08-23,60,1427.09,85625.4
SAL0002135,P0112,WH001,2025-10-20,35,7497.58,262415.3
SAL0002136,P0089,WH003,2025-11-17,74,7891.09,583940.66
SAL0002137,P0128,WH004,2026-07-18,1,14193.47,14193.47
SAL0002138,P0018,WH001,2026-02-21,78,1249.34,97448.52
SAL0002139,P0033,WH006,2025-12-18,45,14261.13,641750.85
SAL0002140,P0096,WH007,2025-11-13,69,13787.01,951303.69
SAL0002141,P0122,WH001,2026-07-29,40,17772.54,710901.6
SAL0002142,P0025,WH007,2026-02-24,38,7089.85,269414.3
SAL0002143,P0142,WH005,2026-01-23,24,10972.07,263329.68
SAL0002144,P0004,WH006,2026-07-29,4,1797.79,7191.16
SAL0002145,P0108,WH008,2026-05-17,69,9691.84,668736.96
SAL0002146,P0082,WH004,2025-10-10,13,11631.72,151212.36
SAL0002147,P0010,WH003,2025-12-24,21,12927.18,271470.78
SAL0002148,P0035,WH006,2026-04-20,32,12109.87,387515.84
SAL0002149,P0099,WH003,2026-04-28,38,12570.46,477677.48
SAL0002150,P0104,WH003,2026-03-23,32,13530.23,432967.36
SAL0002151,P0023,WH001,2026-08-17,79,3399.02,268522.58
SAL0002152,P0065,WH005,2026-01-11,57,8713.96,496695.72
SAL0002153,P0082,WH001,2025-11-21,48,11631.72,558322.56
SAL0002154,P0017,WH002,2025-11-13,30,12869.16,386074.8
SAL0002155,P0148,WH002,2026-03-18,71,3215.0,228265.0
SAL0002156,P0128,WH003,2026-01-22,38,14193.47,539351.86
SAL0002157,P0031,WH005,2026-06-29,44,3886.37,171000.28
SAL0002158,P0065,WH006,2026-06-19,26,8713.96,226562.96
SAL0002159,P0080,WH003,2026-06-25,2,12953.94,25907.88
SAL0002160,P0092,WH006,2025-08-12,43,11125.06,478377.58
SAL0002161,P0149,WH003,2025-10-03,43,2329.78,100180.54
SAL0002162,P0030,WH008,2026-07-23,63,11747.59,740098.17
SAL0002163,P0123,WH001,2025-10-06,73,5568.28,406484.44
SAL0002164,P0131,WH008,2026-08-08,58,332.15,19264.7
SAL0002165,P0070,WH003,2025-08-28,48,13711.66,658159.68
SAL0002166,P0029,WH003,2026-07-31,5,5999.79,29998.95
SAL0002167,P0003,WH005,2025-08-14,76,10805.71,821233.96
SAL0002168,P0075,WH005,2026-08-06,35,11640.25,407408.75
SAL0002169,P0045,WH007,2025-12-02,16,7353.86,117661.76
SAL0002170,P0069,WH006,2025-12-23,49,4228.28,207185.72
SAL0002171,P0111,WH005,2025-10-07,60,10269.05,616143.0
SAL0002172,P0084,WH003,2026-07-27,51,383.71,19569.21
SAL0002173,P0052,WH005,2026-06-09,59,1381.73,81522.07
SAL0002174,P0116,WH005,2026-03-08,64,9441.89,604280.96
SAL0002175,P0103,WH004,2026-01-29,13,12534.03,162942.39
SAL0002176,P0141,WH004,2025-11-06,26,3336.79,86756.54
SAL0002177,P0080,WH002,2026-04-25,70,12953.94,906775.8
SAL0002178,P0029,WH001,2025-11-30,3,5999.79,17999.37
SAL0002179,P0102,WH007,2025-11-17,12,11449.48,137393.76
SAL0002180,P0059,WH007,2025-08-09,41,11103.0,455223.0
SAL0002181,P0012,WH001,2026-05-08,79,14129.48,1116228.92
SAL0002182,P0010,WH005,2025-12-04,65,12927.18,840266.7
SAL0002183,P0134,WH002,2025-10-19,63,4427.4,278926.2
SAL0002184,P0135,WH002,2026-02-18,50,13819.48,690974.0
SAL0002185,P0031,WH006,2026-02-25,47,3886.37,182659.39
SAL0002186,P0091,WH007,2026-04-21,8,10637.54,85100.32
SAL0002187,P0003,WH004,2025-10-06,31,10805.71,334977.01
SAL0002188,P0104,WH002,2026-01-22,11,13530.23,148832.53
SAL0002189,P0126,WH003,2026-06-01,17,16061.16,273039.72
SAL0002190,P0001,WH006,2026-02-07,27,11805.32,318743.64
SAL0002191,P0135,WH007,2026-01-24,27,13819.48,373125.96
SAL0002192,P0015,WH005,2026-05-29,78,4962.3,387059.4
SAL0002193,P0089,WH003,2026-04-12,56,7891.09,441901.04
SAL0002194,P0122,WH001,2026-05-21,69,17772.54,1226305.26
SAL0002195,P0116,WH007,2025-10-03,47,9441.89,443768.83
SAL0002196,P0036,WH004,2025-08-01,19,11599.04,220381.76
SAL0002197,P0067,WH003,2025-12-02,57,486.56,27733.92
SAL0002198,P0133,WH005,2025-12-15,31,10911.61,338259.91
SAL0002199,P0025,WH008,2026-04-19,16,7089.85,113437.6
SAL0002200,P0011,WH003,2026-02-01,45,12266.95,552012.75
SAL0002201,P0066,WH003,2025-11-16,27,4517.29,121966.83
SAL0002202,P0060,WH002,2026-05-14,61,5035.5,307165.5
SAL0002203,P0138,WH004,2026-04-24,26,14687.9,381885.4
SAL0002204,P0050,WH001,2025-12-28,29,4526.14,131258.06
SAL0002205,P0063,WH008,2026-03-11,44,9321.2,410132.8
SAL0002206,P0092,WH005,2026-03-07,29,11125.06,322626.74
SAL0002207,P0038,WH006,2025-08-19,2,3005.11,6010.22
SAL0002208,P0120,WH006,2026-02-01,6,4392.45,26354.7
SAL0002209,P0033,WH005,2026-08-07,9,14261.13,128350.17
SAL0002210,P0075,WH001,2026-07-07,15,11640.25,174603.75
SAL0002211,P0045,WH005,2025-12-23,58,7353.86,426523.88
SAL0002212,P0129,WH002,2025-09-01,2,5306.75,10613.5
SAL0002213,P0053,WH008,2026-07-29,3,4950.69,14852.07
SAL0002214,P0067,WH006,2026-05-12,52,486.56,25301.12
SAL0002215,P0143,WH007,2025-11-03,55,13992.71,769599.05
SAL0002216,P0105,WH006,2025-11-17,53,1294.66,68616.98
SAL0002217,P0014,WH007,2026-04-20,72,9958.36,717001.92
SAL0002218,P0124,WH003,2026-02-03,40,3098.15,123926.0
SAL0002219,P0120,WH002,2026-05-31,39,4392.45,171305.55
SAL0002220,P0136,WH006,2026-01-07,43,9626.15,413924.45
SAL0002221,P0036,WH002,2025-09-06,13,11599.04,150787.52
SAL0002222,P0128,WH008,2026-02-24,37,14193.47,525158.39
SAL0002223,P0134,WH002,2026-04-16,55,4427.4,243507.0
SAL0002224,P0097,WH001,2025-12-06,32,1350.79,43225.28
SAL0002225,P0081,WH006,2026-03-13,14,2089.55,29253.7
SAL0002226,P0073,WH007,2025-09-14,65,1439.34,93557.1
SAL0002227,P0071,WH004,2026-06-18,27,10220.28,275947.56
SAL0002228,P0046,WH008,2026-02-09,24,4393.97,105455.28
SAL0002229,P0145,WH007,2026-08-10,22,10988.78,241753.16
SAL0002230,P0060,WH008,2026-02-03,78,5035.5,392769.0
SAL0002231,P0060,WH008,2025-10-17,45,5035.5,226597.5
SAL0002232,P0005,WH001,2026-03-12,8,8142.68,65141.44
SAL0002233,P0135,WH001,2025-12-11,67,13819.48,925905.16
SAL0002234,P0145,WH008,2026-03-24,64,10988.78,703281.92
SAL0002235,P0059,WH002,2026-06-12,47,11103.0,521841.0
SAL0002236,P0009,WH004,2026-02-22,21,13538.59,284310.39
SAL0002237,P0150,WH001,2026-05-19,32,11200.18,358405.76
SAL0002238,P0045,WH004,2025-09-04,45,7353.86,330923.7
SAL0002239,P0080,WH006,2025-12-11,44,12953.94,569973.36
SAL0002240,P0013,WH002,2025-09-18,41,5230.23,214439.43
SAL0002241,P0083,WH001,2026-05-16,52,2819.78,146628.56
SAL0002242,P0012,WH004,2026-07-29,11,14129.48,155424.28
SAL0002243,P0010,WH005,2025-08-26,18,12927.18,232689.24
SAL0002244,P0016,WH007,2026-07-25,11,3864.55,42510.05
SAL0002245,P0092,WH001,2026-01-05,27,11125.06,300376.62
SAL0002246,P0019,WH001,2026-05-25,43,11648.11,500868.73
SAL0002247,P0104,WH001,2026-08-07,65,13530.23,879464.95
SAL0002248,P0134,WH004,2025-09-02,54,4427.4,239079.6
SAL0002249,P0132,WH003,2025-08-22,29,17778.84,515586.36
SAL0002250,P0103,WH008,2026-04-14,21,12534.03,263214.63
SAL0002251,P0095,WH006,2026-08-08,29,16693.57,484113.53
SAL0002252,P0027,WH007,2026-03-24,9,9782.53,88042.77
SAL0002253,P0037,WH001,2025-12-11,61,1839.84,112230.24
SAL0002254,P0137,WH005,2025-08-29,62,410.1,25426.2
SAL0002255,P0061,WH005,2025-11-12,71,685.7,48684.7
SAL0002256,P0035,WH008,2026-08-09,5,12109.87,60549.35
SAL0002257,P0106,WH002,2026-07-27,15,12961.82,194427.3
SAL0002258,P0047,WH003,2026-07-02,57,12742.54,726324.78
SAL0002259,P0149,WH003,2025-09-26,5,2329.78,11648.9
SAL0002260,P0145,WH004,2025-12-23,20,10988.78,219775.6
SAL0002261,P0055,WH002,2026-01-27,4,14208.97,56835.88
SAL0002262,P0088,WH007,2026-02-19,56,673.42,37711.52
SAL0002263,P0095,WH004,2026-06-13,34,16693.57,567581.38
SAL0002264,P0006,WH002,2026-03-30,40,5888.41,235536.4
SAL0002265,P0121,WH006,2026-07-05,69,5450.85,376108.65
SAL0002266,P0050,WH003,2025-10-31,68,4526.14,307777.52
SAL0002267,P0013,WH007,2025-10-15,22,5230.23,115065.06
SAL0002268,P0025,WH006,2025-08-29,14,7089.85,99257.9
SAL0002269,P0123,WH007,2026-03-13,68,5568.28,378643.04
SAL0002270,P0129,WH004,2025-11-18,8,5306.75,42454.0
SAL0002271,P0049,WH002,2025-12-05,67,8075.59,541064.53
SAL0002272,P0122,WH003,2026-05-16,46,17772.54,817536.84
SAL0002273,P0035,WH003,2026-08-05,29,12109.87,351186.23
SAL0002274,P0083,WH008,2025-10-30,12,2819.78,33837.36
SAL0002275,P0053,WH007,2025-08-30,79,4950.69,391104.51
SAL0002276,P0076,WH007,2026-06-22,52,9723.65,505629.8
SAL0002277,P0104,WH007,2025-09-02,58,13530.23,784753.34
SAL0002278,P0047,WH001,2026-01-27,2,12742.54,25485.08
SAL0002279,P0043,WH008,2025-11-20,1,15848.89,15848.89
SAL0002280,P0148,WH004,2026-05-22,55,3215.0,176825.0
SAL0002281,P0093,WH001,2025-12-10,34,14803.06,503304.04
SAL0002282,P0144,WH008,2025-12-23,64,13859.79,887026.56
SAL0002283,P0078,WH007,2025-08-25,68,9150.16,622210.88
SAL0002284,P0007,WH007,2025-09-28,12,542.22,6506.64
SAL0002285,P0070,WH003,2026-04-16,50,13711.66,685583.0
SAL0002286,P0149,WH004,2025-11-04,21,2329.78,48925.38
SAL0002287,P0036,WH004,2025-12-21,10,11599.04,115990.4
SAL0002288,P0104,WH006,2025-09-21,70,13530.23,947116.1
SAL0002289,P0054,WH005,2025-12-08,14,11936.62,167112.68
SAL0002290,P0147,WH008,2026-05-30,40,826.55,33062.0
SAL0002291,P0025,WH002,2025-08-21,30,7089.85,212695.5
SAL0002292,P0067,WH005,2025-12-26,73,486.56,35518.88
SAL0002293,P0109,WH005,2025-11-08,14,6650.85,93111.9
SAL0002294,P0048,WH007,2025-09-04,52,5653.52,293983.04
SAL0002295,P0091,WH003,2026-06-09,17,10637.54,180838.18
SAL0002296,P0002,WH006,2025-09-21,62,1611.45,99909.9
SAL0002297,P0134,WH002,2026-05-21,22,4427.4,97402.8
SAL0002298,P0127,WH007,2026-03-02,53,600.7,31837.1
SAL0002299,P0046,WH007,2026-01-22,32,4393.97,140607.04
SAL0002300,P0106,WH005,2026-05-07,76,12961.82,985098.32
SAL0002301,P0040,WH005,2026-02-05,55,3922.35,215729.25
SAL0002302,P0058,WH004,2026-01-17,22,5550.94,122120.68
SAL0002303,P0078,WH003,2025-08-11,38,9150.16,347706.08
SAL0002304,P0033,WH005,2025-08-01,50,14261.13,713056.5
SAL0002305,P0062,WH002,2026-01-05,66,4668.52,308122.32
SAL0002306,P0012,WH001,2026-04-19,45,14129.48,635826.6
SAL0002307,P0126,WH007,2026-01-03,8,16061.16,128489.28
SAL0002308,P0049,WH001,2026-06-08,65,8075.59,524913.35
SAL0002309,P0088,WH003,2025-12-16,40,673.42,26936.8
SAL0002310,P0078,WH001,2026-01-10,5,9150.16,45750.8
SAL0002311,P0005,WH004,2025-12-14,45,8142.68,366420.6
SAL0002312,P0069,WH004,2026-08-11,46,4228.28,194500.88
SAL0002313,P0111,WH002,2025-10-27,36,10269.05,369685.8
SAL0002314,P0060,WH006,2026-08-03,17,5035.5,85603.5
SAL0002315,P0046,WH003,2025-08-17,41,4393.97,180152.77
SAL0002316,P0013,WH003,2026-02-14,30,5230.23,156906.9
SAL0002317,P0108,WH007,2025-08-28,52,9691.84,503975.68
SAL0002318,P0112,WH001,2026-06-26,79,7497.58,592308.82
SAL0002319,P0100,WH005,2026-02-15,20,937.89,18757.8
SAL0002320,P0146,WH005,2025-12-15,36,12971.8,466984.8
SAL0002321,P0113,WH006,2025-12-10,66,8027.64,529824.24
SAL0002322,P0097,WH007,2025-08-29,45,1350.79,60785.55
SAL0002323,P0051,WH005,2025-08-19,4,7869.03,31476.12
SAL0002324,P0118,WH006,2026-04-24,50,9694.84,484742.0
SAL0002325,P0036,WH008,2025-09-13,55,11599.04,637947.2
SAL0002326,P0081,WH007,2025-09-28,59,2089.55,123283.45
SAL0002327,P0103,WH008,2026-05-04,42,12534.03,526429.26
SAL0002328,P0034,WH002,2026-06-12,2,12148.61,24297.22
SAL0002329,P0140,WH003,2026-03-26,46,9565.42,440009.32
SAL0002330,P0133,WH001,2025-09-01,2,10911.61,21823.22
SAL0002331,P0048,WH002,2026-02-24,50,5653.52,282676.0
SAL0002332,P0104,WH004,2026-06-22,1,13530.23,13530.23
SAL0002333,P0091,WH004,2025-09-27,13,10637.54,138288.02
SAL0002334,P0124,WH004,2026-01-22,70,3098.15,216870.5
SAL0002335,P0040,WH006,2026-05-12,22,3922.35,86291.7
SAL0002336,P0141,WH006,2025-11-07,17,3336.79,56725.43
SAL0002337,P0026,WH007,2026-04-27,59,3320.79,195926.61
SAL0002338,P0142,WH003,2025-09-02,70,10972.07,768044.9
SAL0002339,P0096,WH004,2026-07-13,3,13787.01,41361.03
SAL0002340,P0139,WH006,2026-01-20,70,16335.66,1143496.2
SAL0002341,P0080,WH007,2026-03-13,49,12953.94,634743.06
SAL0002342,P0057,WH006,2026-06-30,50,1071.29,53564.5
SAL0002343,P0150,WH005,2026-05-10,35,11200.18,392006.3
SAL0002344,P0111,WH006,2025-08-09,23,10269.05,236188.15
SAL0002345,P0144,WH004,2026-05-11,72,13859.79,997904.88
SAL0002346,P0076,WH002,2026-04-19,7,9723.65,68065.55
SAL0002347,P0029,WH004,2026-04-18,50,5999.79,299989.5
SAL0002348,P0130,WH007,2026-03-09,10,14491.67,144916.7
SAL0002349,P0002,WH007,2025-10-25,55,1611.45,88629.75
SAL0002350,P0003,WH007,2026-05-30,74,10805.71,799622.54
SAL0002351,P0072,WH005,2025-08-02,19,2337.16,44406.04
SAL0002352,P0011,WH004,2025-11-11,23,12266.95,282139.85
SAL0002353,P0004,WH001,2026-02-28,64,1797.79,115058.56
SAL0002354,P0137,WH005,2025-12-15,33,410.1,13533.3
SAL0002355,P0088,WH003,2026-01-31,66,673.42,44445.72
SAL0002356,P0113,WH004,2026-07-03,9,8027.64,72248.76
SAL0002357,P0016,WH006,2026-05-18,29,3864.55,112071.95
SAL0002358,P0086,WH002,2025-09-23,79,6177.93,488056.47
SAL0002359,P0010,WH004,2026-04-12,18,12927.18,232689.24
SAL0002360,P0024,WH002,2025-08-10,71,10854.56,770673.76
SAL0002361,P0064,WH007,2025-09-27,78,6359.37,496030.86
SAL0002362,P0056,WH007,2025-09-18,29,189.21,5487.09
SAL0002363,P0089,WH001,2025-09-27,61,7891.09,481356.49
SAL0002364,P0022,WH003,2025-09-06,5,12421.92,62109.6
SAL0002365,P0050,WH006,2025-10-16,69,4526.14,312303.66
SAL0002366,P0047,WH005,2025-09-14,56,12742.54,713582.24
SAL0002367,P0023,WH008,2026-05-13,52,3399.02,176749.04
SAL0002368,P0083,WH008,2025-10-14,15,2819.78,42296.7
SAL0002369,P0019,WH005,2025-09-02,20,11648.11,232962.2
SAL0002370,P0029,WH003,2026-02-14,73,5999.79,437984.67
SAL0002371,P0061,WH001,2026-06-20,16,685.7,10971.2
SAL0002372,P0085,WH001,2026-01-17,75,1427.09,107031.75
SAL0002373,P0035,WH007,2025-09-17,25,12109.87,302746.75
SAL0002374,P0005,WH004,2026-03-29,57,8142.68,464132.76
SAL0002375,P0076,WH001,2026-01-07,21,9723.65,204196.65
SAL0002376,P0007,WH004,2026-05-20,5,542.22,2711.1
SAL0002377,P0130,WH002,2026-05-11,75,14491.67,1086875.25
SAL0002378,P0138,WH003,2025-10-25,9,14687.9,132191.1
SAL0002379,P0102,WH002,2026-01-05,11,11449.48,125944.28
SAL0002380,P0044,WH008,2025-12-09,65,11696.79,760291.35
SAL0002381,P0070,WH002,2026-07-01,63,13711.66,863834.58
SAL0002382,P0091,WH002,2026-06-01,26,10637.54,276576.04
SAL0002383,P0062,WH002,2026-05-20,74,4668.52,345470.48
SAL0002384,P0020,WH005,2026-03-03,19,13830.77,262784.63
SAL0002385,P0072,WH001,2026-04-25,16,2337.16,37394.56
SAL0002386,P0120,WH003,2025-08-10,56,4392.45,245977.2
SAL0002387,P0095,WH008,2025-11-16,68,16693.57,1135162.76
SAL0002388,P0127,WH008,2026-07-19,78,600.7,46854.6
SAL0002389,P0113,WH003,2026-05-15,30,8027.64,240829.2
SAL0002390,P0107,WH008,2026-06-08,7,6158.26,43107.82
SAL0002391,P0080,WH008,2025-11-03,12,12953.94,155447.28
SAL0002392,P0028,WH006,2025-10-19,24,5125.77,123018.48
SAL0002393,P0139,WH002,2026-03-01,22,16335.66,359384.52
SAL0002394,P0030,WH008,2025-10-30,47,11747.59,552136.73
SAL0002395,P0009,WH003,2026-03-01,30,13538.59,406157.7
SAL0002396,P0059,WH007,2026-01-13,60,11103.0,666180.0
SAL0002397,P0079,WH004,2026-03-25,39,8567.49,334132.11
SAL0002398,P0103,WH003,2026-05-19,20,12534.03,250680.6
SAL0002399,P0114,WH007,2026-05-08,26,17232.19,448036.94
SAL0002400,P0047,WH002,2026-01-25,49,12742.54,624384.46
SAL0002401,P0098,WH003,2025-08-08,69,8703.81,600562.89
SAL0002402,P0150,WH001,2026-08-13,42,11200.18,470407.56
SAL0002403,P0042,WH002,2025-12-23,6,10059.55,60357.3
SAL0002404,P0047,WH005,2026-03-12,53,12742.54,675354.62
SAL0002405,P0074,WH008,2026-05-12,34,10068.76,342337.84
SAL0002406,P0051,WH007,2026-02-04,69,7869.03,542963.07
SAL0002407,P0094,WH001,2026-07-06,10,4499.9,44999.0
SAL0002408,P0120,WH003,2026-05-26,28,4392.45,122988.6
SAL0002409,P0075,WH005,2026-01-27,3,11640.25,34920.75
SAL0002410,P0149,WH006,2026-06-26,77,2329.78,179393.06
SAL0002411,P0123,WH008,2026-08-14,48,5568.28,267277.44
SAL0002412,P0141,WH001,2026-07-26,66,3336.79,220228.14
SAL0002413,P0122,WH006,2026-06-25,35,17772.54,622038.9
SAL0002414,P0021,WH004,2026-05-22,52,7447.62,387276.24
SAL0002415,P0001,WH001,2026-04-08,62,11805.32,731929.84
SAL0002416,P0069,WH005,2025-09-09,52,4228.28,219870.56
SAL0002417,P0086,WH006,2025-10-06,47,6177.93,290362.71
SAL0002418,P0071,WH004,2025-12-19,54,10220.28,551895.12
SAL0002419,P0013,WH008,2025-08-29,28,5230.23,146446.44
SAL0002420,P0023,WH006,2026-02-08,23,3399.02,78177.46
SAL0002421,P0149,WH003,2025-10-14,35,2329.78,81542.3
SAL0002422,P0006,WH002,2026-03-05,32,5888.41,188429.12
SAL0002423,P0148,WH008,2025-08-14,2,3215.0,6430.0
SAL0002424,P0076,WH006,2025-10-13,16,9723.65,155578.4
SAL0002425,P0009,WH003,2026-02-10,16,13538.59,216617.44
SAL0002426,P0028,WH002,2025-08-29,51,5125.77,261414.27
SAL0002427,P0139,WH002,2026-02-23,67,16335.66,1094489.22
SAL0002428,P0116,WH005,2026-02-13,54,9441.89,509862.06
SAL0002429,P0096,WH007,2026-03-22,20,13787.01,275740.2
SAL0002430,P0075,WH004,2026-01-10,33,11640.25,384128.25
SAL0002431,P0088,WH007,2026-01-16,8,673.42,5387.36
SAL0002432,P0056,WH008,2025-11-28,24,189.21,4541.04
SAL0002433,P0105,WH004,2025-09-24,53,1294.66,68616.98
SAL0002434,P0035,WH001,2026-02-07,64,12109.87,775031.68
SAL0002435,P0025,WH003,2025-09-24,58,7089.85,411211.3
SAL0002436,P0113,WH005,2026-02-17,37,8027.64,297022.68
SAL0002437,P0099,WH006,2026-07-06,12,12570.46,150845.52
SAL0002438,P0147,WH003,2026-02-06,4,826.55,3306.2
SAL0002439,P0031,WH006,2025-09-23,31,3886.37,120477.47
SAL0002440,P0081,WH007,2026-04-04,79,2089.55,165074.45
SAL0002441,P0050,WH008,2026-04-25,38,4526.14,171993.32
SAL0002442,P0087,WH006,2026-03-26,37,12269.88,453985.56
SAL0002443,P0047,WH007,2025-12-26,75,12742.54,955690.5
SAL0002444,P0001,WH007,2025-10-05,14,11805.32,165274.48
SAL0002445,P0125,WH006,2026-06-03,75,13379.19,1003439.25
SAL0002446,P0138,WH001,2025-11-18,73,14687.9,1072216.7
SAL0002447,P0136,WH007,2026-07-12,24,9626.15,231027.6
SAL0002448,P0106,WH001,2026-04-22,10,12961.82,129618.2
SAL0002449,P0125,WH005,2026-04-11,38,13379.19,508409.22
SAL0002450,P0019,WH001,2026-05-18,43,11648.11,500868.73
SAL0002451,P0072,WH005,2025-11-26,37,2337.16,86474.92
SAL0002452,P0129,WH001,2025-12-08,42,5306.75,222883.5
SAL0002453,P0024,WH004,2026-03-11,32,10854.56,347345.92
SAL0002454,P0084,WH005,2026-05-29,14,383.71,5371.94
SAL0002455,P0120,WH004,2026-08-04,4,4392.45,17569.8
SAL0002456,P0069,WH007,2025-09-23,24,4228.28,101478.72
SAL0002457,P0145,WH004,2025-11-20,10,10988.78,109887.8
SAL0002458,P0106,WH008,2025-10-11,16,12961.82,207389.12
SAL0002459,P0069,WH005,2026-01-26,39,4228.28,164902.92
SAL0002460,P0011,WH003,2025-08-01,18,12266.95,220805.1
SAL0002461,P0147,WH007,2025-11-22,25,826.55,20663.75
SAL0002462,P0103,WH007,2025-12-05,7,12534.03,87738.21
SAL0002463,P0145,WH002,2026-05-26,56,10988.78,615371.68
SAL0002464,P0013,WH008,2026-01-02,47,5230.23,245820.81
SAL0002465,P0001,WH001,2026-07-29,3,11805.32,35415.96
SAL0002466,P0002,WH006,2026-02-28,1,1611.45,1611.45
SAL0002467,P0109,WH001,2026-04-04,33,6650.85,219478.05
SAL0002468,P0144,WH006,2025-09-28,71,13859.79,984045.09
SAL0002469,P0004,WH003,2026-04-10,74,1797.79,133036.46
SAL0002470,P0057,WH002,2026-02-14,59,1071.29,63206.11
SAL0002471,P0113,WH003,2026-01-02,72,8027.64,577990.08
SAL0002472,P0023,WH002,2026-02-28,32,3399.02,108768.64
SAL0002473,P0124,WH005,2026-05-02,17,3098.15,52668.55
SAL0002474,P0117,WH005,2026-02-21,78,10971.0,855738.0
SAL0002475,P0130,WH006,2026-06-20,17,14491.67,246358.39
SAL0002476,P0087,WH004,2026-01-28,21,12269.88,257667.48
SAL0002477,P0125,WH004,2026-04-10,55,13379.19,735855.45
SAL0002478,P0111,WH006,2026-04-05,6,10269.05,61614.3
SAL0002479,P0007,WH008,2026-05-08,49,542.22,26568.78
SAL0002480,P0044,WH005,2026-04-06,26,11696.79,304116.54
SAL0002481,P0113,WH008,2026-04-29,32,8027.64,256884.48
SAL0002482,P0004,WH006,2026-06-21,72,1797.79,129440.88
SAL0002483,P0118,WH004,2025-09-15,44,9694.84,426572.96
SAL0002484,P0023,WH006,2026-04-18,59,3399.02,200542.18
SAL0002485,P0090,WH005,2026-03-03,29,12387.89,359248.81
SAL0002486,P0092,WH003,2026-07-23,17,11125.06,189126.02
SAL0002487,P0051,WH001,2026-06-06,18,7869.03,141642.54
SAL0002488,P0115,WH005,2026-05-30,40,7832.13,313285.2
SAL0002489,P0081,WH006,2025-11-07,63,2089.55,131641.65
SAL0002490,P0103,WH005,2026-02-06,75,12534.03,940052.25
SAL0002491,P0080,WH005,2026-08-15,45,12953.94,582927.3
SAL0002492,P0103,WH004,2026-01-21,76,12534.03,952586.28
SAL0002493,P0009,WH006,2025-09-15,79,13538.59,1069548.61
SAL0002494,P0033,WH004,2026-08-04,3,14261.13,42783.39
SAL0002495,P0035,WH006,2025-08-12,3,12109.87,36329.61
SAL0002496,P0050,WH004,2026-03-03,38,4526.14,171993.32
SAL0002497,P0024,WH004,2026-02-19,73,10854.56,792382.88
SAL0002498,P0147,WH003,2025-10-05,40,826.55,33062.0
SAL0002499,P0039,WH005,2025-08-06,68,10521.02,715429.36
SAL0002500,P0025,WH008,2026-03-18,54,7089.85,382851.9
SAL0002501,P0032,WH003,2025-09-05,20,4077.66,81553.2
SAL0002502,P0139,WH008,2026-04-07,15,16335.66,245034.9
SAL0002503,P0108,WH004,2025-10-27,5,9691.84,48459.2
SAL0002504,P0033,WH003,2026-08-02,39,14261.13,556184.07
SAL0002505,P0147,WH007,2026-06-07,40,826.55,33062.0
SAL0002506,P0107,WH007,2025-11-10,7,6158.26,43107.82
SAL0002507,P0111,WH005,2025-10-02,72,10269.05,739371.6
SAL0002508,P0121,WH005,2026-01-17,33,5450.85,179878.05
SAL0002509,P0016,WH004,2026-03-05,37,3864.55,142988.35
SAL0002510,P0011,WH005,2025-12-08,32,12266.95,392542.4
SAL0002511,P0098,WH003,2025-11-22,43,8703.81,374263.83
SAL0002512,P0116,WH002,2026-01-02,63,9441.89,594839.07
SAL0002513,P0025,WH005,2026-03-20,36,7089.85,255234.6
SAL0002514,P0093,WH003,2026-01-03,49,14803.06,725349.94
SAL0002515,P0111,WH007,2025-12-30,25,10269.05,256726.25
SAL0002516,P0096,WH007,2026-03-02,66,13787.01,909942.66
SAL0002517,P0012,WH003,2026-02-07,9,14129.48,127165.32
SAL0002518,P0021,WH008,2026-05-07,18,7447.62,134057.16
SAL0002519,P0127,WH007,2026-01-04,22,600.7,13215.4
SAL0002520,P0029,WH003,2026-04-02,15,5999.79,89996.85
SAL0002521,P0121,WH008,2025-11-12,7,5450.85,38155.95
SAL0002522,P0124,WH005,2026-03-08,13,3098.15,40275.95
SAL0002523,P0033,WH002,2025-09-04,36,14261.13,513400.68
SAL0002524,P0136,WH004,2026-05-26,16,9626.15,154018.4
SAL0002525,P0077,WH004,2025-12-22,41,12721.04,521562.64
SAL0002526,P0041,WH005,2026-01-30,21,9233.93,193912.53
SAL0002527,P0074,WH005,2025-08-01,28,10068.76,281925.28
SAL0002528,P0063,WH007,2026-01-02,74,9321.2,689768.8
SAL0002529,P0014,WH001,2025-12-10,17,9958.36,169292.12
SAL0002530,P0075,WH006,2025-11-04,65,11640.25,756616.25
SAL0002531,P0067,WH008,2026-05-13,13,486.56,6325.28
SAL0002532,P0093,WH002,2025-08-02,36,14803.06,532910.16
SAL0002533,P0053,WH003,2026-07-12,58,4950.69,287140.02
SAL0002534,P0094,WH006,2025-10-24,20,4499.9,89998.0
SAL0002535,P0113,WH003,2026-04-20,52,8027.64,417437.28
SAL0002536,P0135,WH006,2026-04-28,6,13819.48,82916.88
SAL0002537,P0011,WH004,2025-09-01,23,12266.95,282139.85
SAL0002538,P0025,WH006,2026-04-20,42,7089.85,297773.7
SAL0002539,P0083,WH005,2025-12-03,24,2819.78,67674.72
SAL0002540,P0093,WH002,2026-07-19,5,14803.06,74015.3
SAL0002541,P0139,WH004,2026-03-11,32,16335.66,522741.12
SAL0002542,P0055,WH007,2026-02-18,46,14208.97,653612.62
SAL0002543,P0019,WH006,2025-11-21,17,11648.11,198017.87
SAL0002544,P0092,WH002,2026-08-07,75,11125.06,834379.5
SAL0002545,P0090,WH005,2025-11-06,27,12387.89,334473.03
SAL0002546,P0011,WH007,2025-10-21,68,12266.95,834152.6
SAL0002547,P0142,WH003,2025-09-14,23,10972.07,252357.61
SAL0002548,P0060,WH007,2025-10-24,34,5035.5,171207.0
SAL0002549,P0041,WH008,2025-09-12,21,9233.93,193912.53
SAL0002550,P0130,WH008,2025-12-27,22,14491.67,318816.74
SAL0002551,P0107,WH001,2025-11-09,65,6158.26,400286.9
SAL0002552,P0060,WH002,2025-10-29,32,5035.5,161136.0
SAL0002553,P0148,WH008,2026-04-06,62,3215.0,199330.0
SAL0002554,P0022,WH003,2025-12-28,28,12421.92,347813.76
SAL0002555,P0128,WH002,2025-08-13,7,14193.47,99354.29
SAL0002556,P0126,WH002,2026-08-08,54,16061.16,867302.64
SAL0002557,P0103,WH002,2025-09-25,70,12534.03,877382.1
SAL0002558,P0132,WH005,2026-03-26,14,17778.84,248903.76
SAL0002559,P0110,WH008,2025-11-07,55,8117.34,446453.7
SAL0002560,P0058,WH004,2026-02-09,58,5550.94,321954.52
SAL0002561,P0065,WH002,2026-04-08,44,8713.96,383414.24
SAL0002562,P0058,WH005,2026-01-05,46,5550.94,255343.24
SAL0002563,P0076,WH001,2026-05-09,14,9723.65,136131.1
SAL0002564,P0019,WH008,2025-08-22,44,11648.11,512516.84
SAL0002565,P0128,WH004,2025-11-02,41,14193.47,581932.27
SAL0002566,P0104,WH005,2026-06-18,73,13530.23,987706.79
SAL0002567,P0107,WH007,2026-07-20,2,6158.26,12316.52
SAL0002568,P0118,WH001,2026-04-29,5,9694.84,48474.2
SAL0002569,P0079,WH007,2025-09-12,12,8567.49,102809.88
SAL0002570,P0084,WH004,2026-04-20,78,383.71,29929.38
SAL0002571,P0118,WH005,2026-07-12,77,9694.84,746502.68
SAL0002572,P0149,WH001,2025-11-14,47,2329.78,109499.66
SAL0002573,P0010,WH005,2025-09-29,79,12927.18,1021247.22
SAL0002574,P0030,WH001,2026-06-28,35,11747.59,411165.65
SAL0002575,P0024,WH002,2026-03-16,19,10854.56,206236.64
SAL0002576,P0055,WH002,2025-11-19,79,14208.97,1122508.63
SAL0002577,P0104,WH008,2025-12-05,63,13530.23,852404.49
SAL0002578,P0127,WH004,2026-05-27,8,600.7,4805.6
SAL0002579,P0125,WH001,2026-07-25,23,13379.19,307721.37
SAL0002580,P0093,WH002,2026-02-19,13,14803.06,192439.78
SAL0002581,P0008,WH004,2026-02-01,23,13511.51,310764.73
SAL0002582,P0138,WH003,2025-11-30,31,14687.9,455324.9
SAL0002583,P0075,WH002,2026-02-21,30,11640.25,349207.5
SAL0002584,P0040,WH002,2026-05-14,42,3922.35,164738.7
SAL0002585,P0140,WH006,2025-08-22,2,9565.42,19130.84
SAL0002586,P0085,WH005,2025-09-19,11,1427.09,15697.99
SAL0002587,P0016,WH003,2025-11-19,25,3864.55,96613.75
SAL0002588,P0078,WH001,2026-06-02,29,9150.16,265354.64
SAL0002589,P0048,WH004,2025-08-18,22,5653.52,124377.44
SAL0002590,P0091,WH003,2026-08-10,19,10637.54,202113.26
SAL0002591,P0129,WH001,2026-05-12,73,5306.75,387392.75
SAL0002592,P0022,WH002,2026-06-30,41,12421.92,509298.72
SAL0002593,P0143,WH007,2025-10-01,38,13992.71,531722.98
SAL0002594,P0014,WH006,2026-06-26,29,9958.36,288792.44
SAL0002595,P0073,WH008,2026-04-19,74,1439.34,106511.16
SAL0002596,P0019,WH007,2026-07-28,22,11648.11,256258.42
SAL0002597,P0040,WH008,2026-06-02,8,3922.35,31378.8
SAL0002598,P0098,WH004,2025-09-18,47,8703.81,409079.07
SAL0002599,P0004,WH004,2025-11-05,6,1797.79,10786.74
SAL0002600,P0033,WH003,2026-03-25,7,14261.13,99827.91
SAL0002601,P0043,WH008,2026-01-22,36,15848.89,570560.04
SAL0002602,P0027,WH005,2025-08-26,8,9782.53,78260.24
SAL0002603,P0081,WH001,2026-04-02,77,2089.55,160895.35
SAL0002604,P0113,WH008,2026-07-15,46,8027.64,369271.44
SAL0002605,P0117,WH006,2026-05-20,64,10971.0,702144.0
SAL0002606,P0124,WH008,2025-12-25,31,3098.15,96042.65
SAL0002607,P0095,WH008,2026-05-07,23,16693.57,383952.11
SAL0002608,P0063,WH006,2026-07-31,61,9321.2,568593.2
SAL0002609,P0134,WH007,2025-10-14,50,4427.4,221370.0
SAL0002610,P0124,WH003,2025-11-17,46,3098.15,142514.9
SAL0002611,P0116,WH008,2026-01-04,43,9441.89,406001.27
SAL0002612,P0095,WH005,2025-12-09,10,16693.57,166935.7
SAL0002613,P0067,WH005,2026-06-24,20,486.56,9731.2
SAL0002614,P0097,WH005,2025-12-26,16,1350.79,21612.64
SAL0002615,P0116,WH004,2026-02-11,78,9441.89,736467.42
SAL0002616,P0013,WH001,2026-01-30,3,5230.23,15690.69
SAL0002617,P0149,WH001,2026-01-02,30,2329.78,69893.4
SAL0002618,P0064,WH007,2026-04-30,18,6359.37,114468.66
SAL0002619,P0085,WH008,2025-10-06,59,1427.09,84198.31
SAL0002620,P0056,WH003,2026-03-26,70,189.21,13244.7
SAL0002621,P0141,WH002,2026-05-29,35,3336.79,116787.65
SAL0002622,P0132,WH003,2025-12-21,19,17778.84,337797.96
SAL0002623,P0112,WH008,2025-09-30,26,7497.58,194937.08
SAL0002624,P0033,WH001,2025-10-08,35,14261.13,499139.55
SAL0002625,P0053,WH008,2025-12-27,76,4950.69,376252.44
SAL0002626,P0101,WH007,2026-03-09,72,7703.08,554621.76
SAL0002627,P0089,WH004,2026-05-04,57,7891.09,449792.13
SAL0002628,P0029,WH008,2026-08-03,49,5999.79,293989.71
SAL0002629,P0051,WH003,2025-11-17,10,7869.03,78690.3
SAL0002630,P0050,WH007,2026-01-13,29,4526.14,131258.06
SAL0002631,P0111,WH002,2026-05-10,71,10269.05,729102.55
SAL0002632,P0036,WH006,2026-02-07,68,11599.04,788734.72
SAL0002633,P0109,WH003,2026-03-31,78,6650.85,518766.3
SAL0002634,P0060,WH008,2026-02-13,24,5035.5,120852.0
SAL0002635,P0146,WH007,2025-09-26,43,12971.8,557787.4
SAL0002636,P0020,WH005,2026-04-24,39,13830.77,539400.03
SAL0002637,P0133,WH002,2025-10-10,25,10911.61,272790.25
SAL0002638,P0146,WH005,2025-10-21,68,12971.8,882082.4
SAL0002639,P0124,WH004,2025-11-18,34,3098.15,105337.1
SAL0002640,P0001,WH001,2026-06-25,53,11805.32,625681.96
SAL0002641,P0019,WH003,2025-08-06,55,11648.11,640646.05
SAL0002642,P0087,WH007,2026-05-07,53,12269.88,650303.64
SAL0002643,P0029,WH003,2025-11-08,18,5999.79,107996.22
SAL0002644,P0059,WH005,2026-06-27,7,11103.0,77721.0
SAL0002645,P0063,WH005,2025-09-04,63,9321.2,587235.6
SAL0002646,P0098,WH001,2026-04-06,75,8703.81,652785.75
SAL0002647,P0048,WH007,2026-02-19,42,5653.52,237447.84
SAL0002648,P0062,WH003,2026-03-16,11,4668.52,51353.72
SAL0002649,P0018,WH007,2025-09-22,9,1249.34,11244.06
SAL0002650,P0027,WH001,2026-02-28,35,9782.53,342388.55
SAL0002651,P0006,WH005,2026-07-03,65,5888.41,382746.65
SAL0002652,P0006,WH008,2026-04-05,5,5888.41,29442.05
SAL0002653,P0031,WH006,2026-02-19,26,3886.37,101045.62
SAL0002654,P0105,WH007,2026-06-14,51,1294.66,66027.66
SAL0002655,P0094,WH005,2025-12-18,38,4499.9,170996.2
SAL0002656,P0056,WH002,2025-11-13,3,189.21,567.63
SAL0002657,P0018,WH005,2025-11-17,59,1249.34,73711.06
SAL0002658,P0087,WH005,2026-04-21,13,12269.88,159508.44
SAL0002659,P0023,WH007,2026-07-13,35,3399.02,118965.7
SAL0002660,P0025,WH006,2026-03-27,3,7089.85,21269.55
SAL0002661,P0007,WH001,2025-10-02,53,542.22,28737.66
SAL0002662,P0148,WH002,2026-03-06,55,3215.0,176825.0
SAL0002663,P0133,WH002,2025-08-30,45,10911.61,491022.45
SAL0002664,P0018,WH003,2026-06-21,66,1249.34,82456.44
SAL0002665,P0106,WH006,2025-11-14,67,12961.82,868441.94
SAL0002666,P0033,WH008,2026-02-22,44,14261.13,627489.72
SAL0002667,P0079,WH004,2026-01-19,73,8567.49,625426.77
SAL0002668,P0035,WH003,2026-03-10,68,12109.87,823471.16
SAL0002669,P0110,WH003,2025-10-15,62,8117.34,503275.08
SAL0002670,P0065,WH008,2025-11-12,25,8713.96,217849.0
SAL0002671,P0063,WH003,2025-10-02,52,9321.2,484702.4
SAL0002672,P0072,WH002,2025-11-17,50,2337.16,116858.0
SAL0002673,P0041,WH001,2025-09-16,1,9233.93,9233.93
SAL0002674,P0128,WH007,2026-08-07,39,14193.47,553545.33
SAL0002675,P0108,WH008,2026-03-01,52,9691.84,503975.68
SAL0002676,P0104,WH005,2026-02-02,76,13530.23,1028297.48
SAL0002677,P0038,WH002,2025-12-06,40,3005.11,120204.4
SAL0002678,P0035,WH005,2025-09-23,60,12109.87,726592.2
SAL0002679,P0136,WH008,2026-01-10,73,9626.15,702708.95
SAL0002680,P0102,WH005,2025-10-26,69,11449.48,790014.12
SAL0002681,P0068,WH004,2026-04-19,20,7651.09,153021.8
SAL0002682,P0037,WH007,2026-02-06,2,1839.84,3679.68
SAL0002683,P0085,WH003,2026-08-17,9,1427.09,12843.81
SAL0002684,P0141,WH004,2025-08-31,39,3336.79,130134.81
SAL0002685,P0029,WH003,2026-03-24,30,5999.79,179993.7
SAL0002686,P0041,WH002,2026-07-23,54,9233.93,498632.22
SAL0002687,P0056,WH005,2026-01-19,58,189.21,10974.18
SAL0002688,P0016,WH004,2025-11-30,44,3864.55,170040.2
SAL0002689,P0140,WH008,2026-05-02,43,9565.42,411313.06
SAL0002690,P0066,WH008,2025-08-30,10,4517.29,45172.9
SAL0002691,P0147,WH006,2026-06-21,48,826.55,39674.4
SAL0002692,P0144,WH002,2025-11-02,17,13859.79,235616.43
SAL0002693,P0141,WH002,2026-01-27,5,3336.79,16683.95
SAL0002694,P0069,WH008,2026-08-01,70,4228.28,295979.6
SAL0002695,P0023,WH006,2025-09-26,74,3399.02,251527.48
SAL0002696,P0053,WH003,2026-02-03,64,4950.69,316844.16
SAL0002697,P0120,WH005,2026-04-11,66,4392.45,289901.7
SAL0002698,P0145,WH003,2026-07-10,71,10988.78,780203.38
SAL0002699,P0128,WH003,2026-05-17,4,14193.47,56773.88
SAL0002700,P0049,WH002,2026-02-04,28,8075.59,226116.52
SAL0002701,P0013,WH008,2025-09-18,38,5230.23,198748.74
SAL0002702,P0108,WH003,2026-07-24,66,9691.84,639661.44
SAL0002703,P0150,WH001,2025-12-03,67,11200.18,750412.06
SAL0002704,P0085,WH006,2026-05-04,60,1427.09,85625.4
SAL0002705,P0045,WH007,2026-03-21,47,7353.86,345631.42
SAL0002706,P0082,WH006,2026-08-07,25,11631.72,290793.0
SAL0002707,P0068,WH005,2026-01-05,66,7651.09,504971.94
SAL0002708,P0097,WH006,2025-11-21,79,1350.79,106712.41
SAL0002709,P0148,WH008,2026-08-11,67,3215.0,215405.0
SAL0002710,P0077,WH003,2025-11-23,69,12721.04,877751.76
SAL0002711,P0035,WH003,2025-09-25,40,12109.87,484394.8
SAL0002712,P0136,WH004,2026-04-26,50,9626.15,481307.5
SAL0002713,P0052,WH005,2026-01-21,40,1381.73,55269.2
SAL0002714,P0040,WH005,2026-08-11,37,3922.35,145126.95
SAL0002715,P0121,WH006,2026-05-06,69,5450.85,376108.65
SAL0002716,P0113,WH003,2026-01-18,17,8027.64,136469.88
SAL0002717,P0111,WH001,2026-03-05,62,10269.05,636681.1
SAL0002718,P0036,WH008,2025-09-03,41,11599.04,475560.64
SAL0002719,P0134,WH008,2026-01-25,76,4427.4,336482.4
SAL0002720,P0070,WH004,2026-07-28,42,13711.66,575889.72
SAL0002721,P0073,WH001,2026-05-18,31,1439.34,44619.54
SAL0002722,P0016,WH008,2026-05-03,33,3864.55,127530.15
SAL0002723,P0038,WH003,2025-09-04,43,3005.11,129219.73
SAL0002724,P0018,WH005,2025-09-27,67,1249.34,83705.78
SAL0002725,P0012,WH005,2025-11-22,38,14129.48,536920.24
SAL0002726,P0054,WH007,2025-08-13,41,11936.62,489401.42
SAL0002727,P0001,WH008,2026-07-12,63,11805.32,743735.16
SAL0002728,P0143,WH001,2026-05-01,40,13992.71,559708.4
SAL0002729,P0111,WH007,2026-08-13,30,10269.05,308071.5
SAL0002730,P0021,WH007,2026-01-16,47,7447.62,350038.14
SAL0002731,P0129,WH002,2025-09-10,22,5306.75,116748.5
SAL0002732,P0093,WH008,2025-11-10,55,14803.06,814168.3
SAL0002733,P0140,WH008,2026-08-17,43,9565.42,411313.06
SAL0002734,P0124,WH003,2026-05-18,61,3098.15,188987.15
SAL0002735,P0039,WH005,2026-02-28,74,10521.02,778555.48
SAL0002736,P0060,WH006,2025-11-21,32,5035.5,161136.0
SAL0002737,P0097,WH002,2026-03-11,4,1350.79,5403.16
SAL0002738,P0104,WH005,2026-02-23,45,13530.23,608860.35
SAL0002739,P0139,WH006,2026-01-02,72,16335.66,1176167.52
SAL0002740,P0110,WH005,2025-10-21,20,8117.34,162346.8
SAL0002741,P0029,WH002,2026-07-23,71,5999.79,425985.09
SAL0002742,P0089,WH001,2026-01-21,65,7891.09,512920.85
SAL0002743,P0119,WH003,2026-08-02,60,15091.44,905486.4
SAL0002744,P0141,WH007,2026-05-24,26,3336.79,86756.54
SAL0002745,P0051,WH002,2026-01-25,73,7869.03,574439.19
SAL0002746,P0108,WH002,2026-07-13,23,9691.84,222912.32
SAL0002747,P0147,WH007,2026-06-19,40,826.55,33062.0
SAL0002748,P0058,WH008,2025-10-19,2,5550.94,11101.88
SAL0002749,P0036,WH005,2026-07-19,26,11599.04,301575.04
SAL0002750,P0028,WH008,2025-11-19,78,5125.77,399810.06
SAL0002751,P0131,WH006,2026-02-06,62,332.15,20593.3
SAL0002752,P0101,WH007,2026-05-25,44,7703.08,338935.52
SAL0002753,P0107,WH002,2026-02-02,31,6158.26,190906.06
SAL0002754,P0089,WH008,2026-06-14,26,7891.09,205168.34
SAL0002755,P0035,WH003,2026-01-27,5,12109.87,60549.35
SAL0002756,P0093,WH007,2025-09-06,70,14803.06,1036214.2
SAL0002757,P0105,WH007,2026-02-14,35,1294.66,45313.1
SAL0002758,P0076,WH001,2026-02-17,16,9723.65,155578.4
SAL0002759,P0084,WH006,2025-12-28,31,383.71,11895.01
SAL0002760,P0076,WH008,2026-04-06,14,9723.65,136131.1
SAL0002761,P0050,WH001,2025-09-20,25,4526.14,113153.5
SAL0002762,P0100,WH008,2026-05-20,79,937.89,74093.31
SAL0002763,P0072,WH001,2026-03-08,75,2337.16,175287.0
SAL0002764,P0115,WH003,2026-05-01,71,7832.13,556081.23
SAL0002765,P0077,WH005,2026-03-26,18,12721.04,228978.72
SAL0002766,P0121,WH006,2026-01-24,50,5450.85,272542.5
SAL0002767,P0054,WH006,2025-09-26,20,11936.62,238732.4
SAL0002768,P0071,WH008,2025-09-04,56,10220.28,572335.68
SAL0002769,P0085,WH007,2026-06-03,2,1427.09,2854.18
SAL0002770,P0102,WH003,2025-11-16,26,11449.48,297686.48
SAL0002771,P0107,WH008,2026-08-10,23,6158.26,141639.98
SAL0002772,P0028,WH006,2025-11-07,32,5125.77,164024.64
SAL0002773,P0108,WH002,2026-04-08,13,9691.84,125993.92
SAL0002774,P0021,WH004,2025-11-08,13,7447.62,96819.06
SAL0002775,P0027,WH007,2025-09-02,17,9782.53,166303.01
SAL0002776,P0077,WH004,2025-11-14,58,12721.04,737820.32
SAL0002777,P0050,WH004,2026-02-27,27,4526.14,122205.78
SAL0002778,P0057,WH001,2026-05-23,17,1071.29,18211.93
SAL0002779,P0119,WH008,2026-07-06,38,15091.44,573474.72
SAL0002780,P0064,WH006,2026-02-18,14,6359.37,89031.18
SAL0002781,P0048,WH008,2025-09-26,14,5653.52,79149.28
SAL0002782,P0150,WH007,2025-10-09,12,11200.18,134402.16
SAL0002783,P0004,WH003,2026-02-19,69,1797.79,124047.51
SAL0002784,P0131,WH006,2026-04-01,68,332.15,22586.2
SAL0002785,P0061,WH003,2026-05-18,55,685.7,37713.5
SAL0002786,P0096,WH008,2026-02-08,63,13787.01,868581.63
SAL0002787,P0004,WH006,2026-06-01,29,1797.79,52135.91
SAL0002788,P0065,WH007,2026-07-04,45,8713.96,392128.2
SAL0002789,P0140,WH008,2025-11-11,4,9565.42,38261.68
SAL0002790,P0141,WH007,2025-09-04,16,3336.79,53388.64
SAL0002791,P0124,WH001,2025-09-26,66,3098.15,204477.9
SAL0002792,P0093,WH007,2026-01-19,23,14803.06,340470.38
SAL0002793,P0031,WH002,2026-01-18,68,3886.37,264273.16
SAL0002794,P0071,WH004,2026-07-05,20,10220.28,204405.6
SAL0002795,P0141,WH004,2026-01-19,17,3336.79,56725.43
SAL0002796,P0002,WH006,2026-02-20,52,1611.45,83795.4
SAL0002797,P0050,WH001,2025-12-22,6,4526.14,27156.84
SAL0002798,P0135,WH004,2025-10-28,39,13819.48,538959.72
SAL0002799,P0146,WH006,2026-05-09,34,12971.8,441041.2
SAL0002800,P0008,WH007,2025-12-08,54,13511.51,729621.54
SAL0002801,P0055,WH005,2026-08-12,65,14208.97,923583.05
SAL0002802,P0043,WH006,2025-11-13,29,15848.89,459617.81
SAL0002803,P0030,WH003,2026-01-20,41,11747.59,481651.19
SAL0002804,P0059,WH004,2025-10-01,63,11103.0,699489.0
SAL0002805,P0009,WH004,2026-03-28,32,13538.59,433234.88
SAL0002806,P0068,WH005,2026-07-23,66,7651.09,504971.94
SAL0002807,P0081,WH007,2026-08-06,45,2089.55,94029.75
SAL0002808,P0139,WH002,2026-07-30,17,16335.66,277706.22
SAL0002809,P0123,WH008,2026-05-31,43,5568.28,239436.04
SAL0002810,P0130,WH006,2025-10-31,66,14491.67,956450.22
SAL0002811,P0023,WH002,2025-11-05,68,3399.02,231133.36
SAL0002812,P0022,WH006,2025-11-01,34,12421.92,422345.28
SAL0002813,P0140,WH005,2025-11-20,1,9565.42,9565.42
SAL0002814,P0009,WH002,2025-12-10,23,13538.59,311387.57
SAL0002815,P0090,WH001,2026-01-04,6,12387.89,74327.34
SAL0002816,P0033,WH005,2025-12-01,16,14261.13,228178.08
SAL0002817,P0089,WH007,2026-02-04,2,7891.09,15782.18
SAL0002818,P0095,WH008,2025-10-20,76,16693.57,1268711.32
SAL0002819,P0069,WH006,2026-06-10,27,4228.28,114163.56
SAL0002820,P0038,WH003,2026-05-13,19,3005.11,57097.09
SAL0002821,P0139,WH007,2025-08-29,28,16335.66,457398.48
SAL0002822,P0064,WH007,2025-08-20,35,6359.37,222577.95
SAL0002823,P0072,WH003,2026-05-13,68,2337.16,158926.88
SAL0002824,P0020,WH003,2025-08-20,49,13830.77,677707.73
SAL0002825,P0034,WH006,2026-02-26,7,12148.61,85040.27
SAL0002826,P0111,WH007,2025-12-21,37,10269.05,379954.85
SAL0002827,P0042,WH004,2025-12-19,25,10059.55,251488.75
SAL0002828,P0136,WH005,2026-01-24,41,9626.15,394672.15
SAL0002829,P0066,WH005,2026-01-16,62,4517.29,280071.98
SAL0002830,P0021,WH008,2026-01-23,41,7447.62,305352.42
SAL0002831,P0079,WH002,2026-03-23,14,8567.49,119944.86
SAL0002832,P0070,WH005,2025-12-06,54,13711.66,740429.64
SAL0002833,P0005,WH008,2026-06-13,2,8142.68,16285.36
SAL0002834,P0067,WH008,2025-10-07,79,486.56,38438.24
SAL0002835,P0016,WH007,2026-02-19,48,3864.55,185498.4
SAL0002836,P0099,WH005,2025-11-18,51,12570.46,641093.46
SAL0002837,P0073,WH007,2026-04-20,55,1439.34,79163.7
SAL0002838,P0035,WH002,2026-05-04,12,12109.87,145318.44
SAL0002839,P0083,WH005,2026-06-06,69,2819.78,194564.82
SAL0002840,P0110,WH005,2025-12-11,1,8117.34,8117.34
SAL0002841,P0039,WH008,2026-05-19,59,10521.02,620740.18
SAL0002842,P0010,WH001,2025-09-04,73,12927.18,943684.14
SAL0002843,P0148,WH006,2025-12-31,34,3215.0,109310.0
SAL0002844,P0001,WH002,2026-04-08,46,11805.32,543044.72
SAL0002845,P0006,WH001,2026-03-05,59,5888.41,347416.19
SAL0002846,P0066,WH004,2025-12-26,66,4517.29,298141.14
SAL0002847,P0038,WH002,2025-11-05,19,3005.11,57097.09
SAL0002848,P0067,WH007,2026-04-30,28,486.56,13623.68
SAL0002849,P0100,WH006,2025-12-05,40,937.89,37515.6
SAL0002850,P0077,WH005,2026-03-04,57,12721.04,725099.28
SAL0002851,P0035,WH007,2026-06-19,51,12109.87,617603.37
SAL0002852,P0045,WH005,2026-07-10,22,7353.86,161784.92
SAL0002853,P0150,WH001,2025-09-15,68,11200.18,761612.24
SAL0002854,P0068,WH001,2026-08-16,8,7651.09,61208.72
SAL0002855,P0017,WH004,2025-12-01,60,12869.16,772149.6
SAL0002856,P0005,WH004,2026-05-07,65,8142.68,529274.2
SAL0002857,P0057,WH006,2026-01-17,36,1071.29,38566.44
SAL0002858,P0095,WH005,2026-07-03,71,16693.57,1185243.47
SAL0002859,P0030,WH007,2026-05-23,29,11747.59,340680.11
SAL0002860,P0007,WH003,2026-01-30,65,542.22,35244.3
SAL0002861,P0124,WH007,2026-07-11,56,3098.15,173496.4
SAL0002862,P0091,WH008,2026-03-10,4,10637.54,42550.16
SAL0002863,P0147,WH004,2026-04-10,72,826.55,59511.6
SAL0002864,P0150,WH005,2025-09-10,50,11200.18,560009.0
SAL0002865,P0052,WH007,2026-01-12,39,1381.73,53887.47
SAL0002866,P0006,WH007,2026-07-11,35,5888.41,206094.35
SAL0002867,P0109,WH004,2026-03-20,25,6650.85,166271.25
SAL0002868,P0095,WH008,2025-12-02,78,16693.57,1302098.46
SAL0002869,P0066,WH007,2026-03-31,44,4517.29,198760.76
SAL0002870,P0010,WH007,2026-07-12,47,12927.18,607577.46
SAL0002871,P0026,WH002,2026-06-01,40,3320.79,132831.6
SAL0002872,P0133,WH008,2026-05-17,31,10911.61,338259.91
SAL0002873,P0068,WH001,2025-09-22,69,7651.09,527925.21
SAL0002874,P0098,WH005,2026-08-03,74,8703.81,644081.94
SAL0002875,P0071,WH007,2025-10-25,43,10220.28,439472.04
SAL0002876,P0050,WH004,2026-03-05,55,4526.14,248937.7
SAL0002877,P0017,WH001,2026-05-06,16,12869.16,205906.56
SAL0002878,P0011,WH008,2025-09-26,68,12266.95,834152.6
SAL0002879,P0053,WH007,2025-08-02,69,4950.69,341597.61
SAL0002880,P0050,WH007,2025-12-05,42,4526.14,190097.88
SAL0002881,P0136,WH003,2025-11-02,41,9626.15,394672.15
SAL0002882,P0124,WH004,2026-02-20,50,3098.15,154907.5
SAL0002883,P0062,WH005,2026-05-21,6,4668.52,28011.12
SAL0002884,P0076,WH002,2026-04-10,75,9723.65,729273.75
SAL0002885,P0123,WH001,2026-04-03,53,5568.28,295118.84
SAL0002886,P0090,WH008,2026-03-03,17,12387.89,210594.13
SAL0002887,P0029,WH001,2025-11-23,57,5999.79,341988.03
SAL0002888,P0102,WH002,2026-07-25,67,11449.48,767115.16
SAL0002889,P0101,WH005,2026-04-24,16,7703.08,123249.28
SAL0002890,P0110,WH006,2026-01-10,52,8117.34,422101.68
SAL0002891,P0109,WH008,2025-12-09,34,6650.85,226128.9
SAL0002892,P0029,WH003,2025-09-02,20,5999.79,119995.8
SAL0002893,P0059,WH006,2026-02-18,56,11103.0,621768.0
SAL0002894,P0143,WH008,2026-04-20,51,13992.71,713628.21
SAL0002895,P0070,WH007,2025-12-15,53,13711.66,726717.98
SAL0002896,P0096,WH002,2025-08-10,49,13787.01,675563.49
SAL0002897,P0044,WH003,2026-08-12,4,11696.79,46787.16
SAL0002898,P0084,WH005,2026-02-14,18,383.71,6906.78
SAL0002899,P0121,WH004,2025-12-16,36,5450.85,196230.6
SAL0002900,P0057,WH004,2025-12-23,35,1071.29,37495.15
SAL0002901,P0117,WH008,2025-08-27,30,10971.0,329130.0
SAL0002902,P0064,WH008,2026-07-28,63,6359.37,400640.31
SAL0002903,P0099,WH006,2025-11-11,21,12570.46,263979.66
SAL0002904,P0038,WH005,2026-02-12,52,3005.11,156265.72
SAL0002905,P0145,WH003,2025-12-05,69,10988.78,758225.82
SAL0002906,P0027,WH008,2025-11-29,41,9782.53,401083.73
SAL0002907,P0017,WH008,2026-03-06,54,12869.16,694934.64
SAL0002908,P0063,WH006,2026-04-07,30,9321.2,279636.0
SAL0002909,P0011,WH002,2025-11-01,56,12266.95,686949.2
SAL0002910,P0064,WH006,2026-04-11,79,6359.37,502390.23
SAL0002911,P0039,WH005,2026-01-12,41,10521.02,431361.82
SAL0002912,P0130,WH007,2026-04-30,14,14491.67,202883.38
SAL0002913,P0115,WH005,2025-11-18,21,7832.13,164474.73
SAL0002914,P0045,WH004,2026-06-09,25,7353.86,183846.5
SAL0002915,P0088,WH002,2025-11-04,50,673.42,33671.0
SAL0002916,P0080,WH004,2026-03-03,53,12953.94,686558.82
SAL0002917,P0009,WH003,2026-08-11,48,13538.59,649852.32
SAL0002918,P0105,WH003,2025-09-21,70,1294.66,90626.2
SAL0002919,P0125,WH001,2026-02-25,48,13379.19,642201.12
SAL0002920,P0078,WH005,2025-10-27,4,9150.16,36600.64
SAL0002921,P0045,WH002,2026-04-07,24,7353.86,176492.64
SAL0002922,P0108,WH002,2025-08-27,31,9691.84,300447.04
SAL0002923,P0150,WH004,2026-01-30,75,11200.18,840013.5
SAL0002924,P0099,WH006,2025-08-10,29,12570.46,364543.34
SAL0002925,P0027,WH006,2026-04-06,5,9782.53,48912.65
SAL0002926,P0040,WH004,2026-08-10,67,3922.35,262797.45
SAL0002927,P0026,WH007,2025-10-19,75,3320.79,249059.25
SAL0002928,P0083,WH006,2025-11-19,53,2819.78,149448.34
SAL0002929,P0026,WH002,2025-09-08,64,3320.79,212530.56
SAL0002930,P0070,WH008,2025-10-29,35,13711.66,479908.1
SAL0002931,P0067,WH008,2025-12-15,12,486.56,5838.72
SAL0002932,P0006,WH008,2026-03-01,47,5888.41,276755.27
SAL0002933,P0028,WH004,2026-03-25,55,5125.77,281917.35
SAL0002934,P0013,WH008,2026-03-21,69,5230.23,360885.87
SAL0002935,P0063,WH006,2026-01-19,38,9321.2,354205.6
SAL0002936,P0013,WH001,2026-08-06,29,5230.23,151676.67
SAL0002937,P0129,WH005,2026-08-12,12,5306.75,63681.0
SAL0002938,P0040,WH001,2026-03-04,19,3922.35,74524.65
SAL0002939,P0031,WH006,2025-11-19,9,3886.37,34977.33
SAL0002940,P0017,WH003,2025-08-24,29,12869.16,373205.64
SAL0002941,P0137,WH002,2026-08-12,3,410.1,1230.3
SAL0002942,P0109,WH001,2026-05-30,30,6650.85,199525.5
SAL0002943,P0064,WH001,2025-08-16,58,6359.37,368843.46
SAL0002944,P0057,WH004,2026-04-05,53,1071.29,56778.37
SAL0002945,P0141,WH004,2026-03-30,4,3336.79,13347.16
SAL0002946,P0142,WH004,2026-05-06,57,10972.07,625407.99
SAL0002947,P0025,WH006,2026-04-07,54,7089.85,382851.9
SAL0002948,P0122,WH007,2025-09-05,28,17772.54,497631.12
SAL0002949,P0078,WH007,2026-06-20,16,9150.16,146402.56
SAL0002950,P0057,WH008,2026-02-26,13,1071.29,13926.77
SAL0002951,P0071,WH003,2026-04-03,72,10220.28,735860.16
SAL0002952,P0088,WH001,2025-12-24,56,673.42,37711.52
SAL0002953,P0113,WH005,2026-04-29,53,8027.64,425464.92
SAL0002954,P0100,WH008,2026-05-24,48,937.89,45018.72
SAL0002955,P0047,WH008,2026-04-21,25,12742.54,318563.5
SAL0002956,P0116,WH004,2025-12-30,66,9441.89,623164.74
SAL0002957,P0131,WH003,2026-01-07,30,332.15,9964.5
SAL0002958,P0090,WH006,2025-11-15,3,12387.89,37163.67
SAL0002959,P0111,WH008,2026-02-27,23,10269.05,236188.15
SAL0002960,P0090,WH003,2025-08-22,29,12387.89,359248.81
SAL0002961,P0129,WH004,2025-10-30,41,5306.75,217576.75
SAL0002962,P0139,WH002,2025-11-17,11,16335.66,179692.26
SAL0002963,P0135,WH008,2026-08-09,21,13819.48,290209.08
SAL0002964,P0012,WH001,2026-03-08,24,14129.48,339107.52
SAL0002965,P0106,WH004,2026-06-20,65,12961.82,842518.3
SAL0002966,P0122,WH005,2025-10-30,1,17772.54,17772.54
SAL0002967,P0053,WH001,2025-08-08,54,4950.69,267337.26
SAL0002968,P0100,WH003,2026-04-12,72,937.89,67528.08
SAL0002969,P0037,WH007,2026-01-29,34,1839.84,62554.56
SAL0002970,P0119,WH005,2026-05-14,68,15091.44,1026217.92
SAL0002971,P0059,WH001,2025-10-23,29,11103.0,321987.0
SAL0002972,P0054,WH008,2025-08-12,3,11936.62,35809.86
SAL0002973,P0146,WH008,2026-04-29,11,12971.8,142689.8
SAL0002974,P0001,WH005,2025-09-09,8,11805.32,94442.56
SAL0002975,P0149,WH003,2026-08-03,62,2329.78,144446.36
SAL0002976,P0028,WH008,2025-11-12,33,5125.77,169150.41
SAL0002977,P0112,WH008,2026-07-15,8,7497.58,59980.64
SAL0002978,P0016,WH004,2026-01-24,25,3864.55,96613.75
SAL0002979,P0028,WH007,2025-08-13,26,5125.77,133270.02
SAL0002980,P0150,WH005,2026-05-09,26,11200.18,291204.68
SAL0002981,P0112,WH004,2026-04-19,17,7497.58,127458.86
SAL0002982,P0129,WH007,2025-08-24,29,5306.75,153895.75
SAL0002983,P0116,WH003,2026-03-15,43,9441.89,406001.27
SAL0002984,P0098,WH007,2026-08-08,73,8703.81,635378.13
SAL0002985,P0070,WH003,2026-01-28,78,13711.66,1069509.48
SAL0002986,P0092,WH008,2026-02-03,5,11125.06,55625.3
SAL0002987,P0003,WH005,2026-06-03,50,10805.71,540285.5
SAL0002988,P0081,WH005,2026-01-17,56,2089.55,117014.8
SAL0002989,P0044,WH003,2025-10-10,63,11696.79,736897.77
SAL0002990,P0024,WH005,2026-02-06,57,10854.56,618709.92
SAL0002991,P0148,WH008,2025-12-30,45,3215.0,144675.0
SAL0002992,P0099,WH005,2026-07-26,37,12570.46,465107.02
SAL0002993,P0141,WH005,2025-08-11,72,3336.79,240248.88
SAL0002994,P0112,WH006,2025-10-29,79,7497.58,592308.82
SAL0002995,P0148,WH005,2026-04-27,36,3215.0,115740.0
SAL0002996,P0123,WH001,2026-05-05,33,5568.28,183753.24
SAL0002997,P0112,WH003,2026-03-23,6,7497.58,44985.48
SAL0002998,P0130,WH003,2025-08-18,76,14491.67,1101366.92
SAL0002999,P0068,WH002,2026-08-15,71,7651.09,543227.39
SAL0003000,P0091,WH004,2026-02-28,45,10637.54,478689.3
SAL0003001,P0060,WH002,2026-06-11,7,5035.5,35248.5
SAL0003002,P0132,WH005,2025-11-16,65,17778.84,1155624.6
SAL0003003,P0124,WH005,2025-11-20,24,3098.15,74355.6
SAL0003004,P0096,WH008,2026-01-20,45,13787.01,620415.45
SAL0003005,P0145,WH008,2026-03-15,61,10988.78,670315.58
SAL0003006,P0129,WH007,2025-09-02,19,5306.75,100828.25
SAL0003007,P0033,WH001,2026-03-29,32,14261.13,456356.16
SAL0003008,P0030,WH001,2026-05-29,30,11747.59,352427.7
SAL0003009,P0005,WH001,2026-02-28,65,8142.68,529274.2
SAL0003010,P0118,WH001,2025-08-08,32,9694.84,310234.88
SAL0003011,P0140,WH001,2025-10-06,57,9565.42,545228.94
SAL0003012,P0038,WH001,2026-07-20,20,3005.11,60102.2
SAL0003013,P0017,WH001,2026-08-08,30,12869.16,386074.8
SAL0003014,P0109,WH001,2025-08-21,59,6650.85,392400.15
SAL0003015,P0040,WH007,2025-10-30,62,3922.35,243185.7
SAL0003016,P0140,WH006,2025-08-11,67,9565.42,640883.14
SAL0003017,P0111,WH001,2026-06-26,31,10269.05,318340.55
SAL0003018,P0128,WH003,2026-05-19,66,14193.47,936769.02
SAL0003019,P0095,WH001,2025-09-29,54,16693.57,901452.78
SAL0003020,P0147,WH004,2025-10-07,10,826.55,8265.5
SAL0003021,P0029,WH001,2026-04-19,38,5999.79,227992.02
SAL0003022,P0145,WH006,2026-03-08,31,10988.78,340652.18
SAL0003023,P0073,WH007,2026-08-13,29,1439.34,41740.86
SAL0003024,P0021,WH008,2026-02-19,25,7447.62,186190.5
SAL0003025,P0060,WH008,2025-12-15,32,5035.5,161136.0
SAL0003026,P0098,WH005,2025-09-06,17,8703.81,147964.77
SAL0003027,P0075,WH006,2026-06-25,45,11640.25,523811.25
SAL0003028,P0119,WH006,2025-10-07,49,15091.44,739480.56
SAL0003029,P0148,WH005,2025-08-04,18,3215.0,57870.0
SAL0003030,P0113,WH001,2026-06-25,75,8027.64,602073.0
SAL0003031,P0114,WH007,2025-08-04,52,17232.19,896073.88
SAL0003032,P0103,WH007,2025-10-26,20,12534.03,250680.6
SAL0003033,P0080,WH001,2026-06-06,62,12953.94,803144.28
SAL0003034,P0063,WH005,2026-08-15,13,9321.2,121175.6
SAL0003035,P0057,WH004,2025-08-04,43,1071.29,46065.47
SAL0003036,P0029,WH002,2025-08-14,21,5999.79,125995.59
SAL0003037,P0129,WH003,2025-08-16,6,5306.75,31840.5
SAL0003038,P0124,WH005,2026-07-23,71,3098.15,219968.65
SAL0003039,P0059,WH001,2025-09-10,53,11103.0,588459.0
SAL0003040,P0086,WH003,2026-03-11,52,6177.93,321252.36
SAL0003041,P0071,WH008,2026-06-08,69,10220.28,705199.32
SAL0003042,P0089,WH008,2025-09-25,9,7891.09,71019.81
SAL0003043,P0098,WH001,2026-05-18,74,8703.81,644081.94
SAL0003044,P0044,WH002,2025-10-05,46,11696.79,538052.34
SAL0003045,P0116,WH002,2025-10-23,75,9441.89,708141.75
SAL0003046,P0075,WH005,2025-09-28,71,11640.25,826457.75
SAL0003047,P0143,WH003,2025-08-08,30,13992.71,419781.3
SAL0003048,P0023,WH006,2026-07-26,43,3399.02,146157.86
SAL0003049,P0045,WH007,2026-03-10,59,7353.86,433877.74
SAL0003050,P0092,WH007,2025-12-26,38,11125.06,422752.28
SAL0003051,P0013,WH003,2025-09-06,34,5230.23,177827.82
SAL0003052,P0034,WH008,2025-10-02,46,12148.61,558836.06
SAL0003053,P0070,WH006,2026-04-17,32,13711.66,438773.12
SAL0003054,P0108,WH008,2026-01-04,16,9691.84,155069.44
SAL0003055,P0133,WH002,2026-08-11,39,10911.61,425552.79
SAL0003056,P0126,WH001,2025-09-25,1,16061.16,16061.16
SAL0003057,P0021,WH007,2025-09-10,57,7447.62,424514.34
SAL0003058,P0131,WH006,2026-06-13,20,332.15,6643.0
SAL0003059,P0023,WH006,2025-10-18,42,3399.02,142758.84
SAL0003060,P0019,WH005,2026-01-23,72,11648.11,838663.92
SAL0003061,P0050,WH004,2025-08-15,34,4526.14,153888.76
SAL0003062,P0020,WH002,2025-08-24,50,13830.77,691538.5
SAL0003063,P0116,WH006,2026-06-07,11,9441.89,103860.79
SAL0003064,P0092,WH008,2025-09-14,43,11125.06,478377.58
SAL0003065,P0093,WH008,2026-02-17,10,14803.06,148030.6
SAL0003066,P0083,WH002,2026-08-07,8,2819.78,22558.24
SAL0003067,P0053,WH008,2026-04-25,72,4950.69,356449.68
SAL0003068,P0123,WH005,2026-08-17,19,5568.28,105797.32
SAL0003069,P0085,WH001,2026-03-21,65,1427.09,92760.85
SAL0003070,P0082,WH003,2025-08-29,55,11631.72,639744.6
SAL0003071,P0009,WH002,2025-11-02,52,13538.59,704006.68
SAL0003072,P0004,WH005,2025-12-19,3,1797.79,5393.37
SAL0003073,P0025,WH005,2025-12-11,53,7089.85,375762.05
SAL0003074,P0034,WH005,2025-12-30,44,12148.61,534538.84
SAL0003075,P0073,WH007,2026-05-12,48,1439.34,69088.32
SAL0003076,P0137,WH008,2026-03-17,54,410.1,22145.4
SAL0003077,P0082,WH007,2026-04-23,16,11631.72,186107.52
SAL0003078,P0141,WH007,2025-09-01,30,3336.79,100103.7
SAL0003079,P0137,WH003,2025-10-26,28,410.1,11482.8
SAL0003080,P0004,WH007,2026-06-22,16,1797.79,28764.64
SAL0003081,P0007,WH002,2026-05-27,51,542.22,27653.22
SAL0003082,P0015,WH006,2026-04-24,33,4962.3,163755.9
SAL0003083,P0038,WH005,2026-04-30,25,3005.11,75127.75
SAL0003084,P0091,WH003,2025-09-08,18,10637.54,191475.72
SAL0003085,P0052,WH007,2026-03-07,26,1381.73,35924.98
SAL0003086,P0081,WH001,2026-02-08,6,2089.55,12537.3
SAL0003087,P0100,WH004,2026-06-05,38,937.89,35639.82
SAL0003088,P0007,WH002,2026-06-07,44,542.22,23857.68
SAL0003089,P0107,WH003,2025-09-25,67,6158.26,412603.42
SAL0003090,P0045,WH004,2025-10-24,43,7353.86,316215.98
SAL0003091,P0059,WH004,2025-09-22,6,11103.0,66618.0
SAL0003092,P0122,WH007,2026-02-23,78,17772.54,1386258.12
SAL0003093,P0021,WH003,2025-12-17,64,7447.62,476647.68
SAL0003094,P0003,WH008,2025-12-17,13,10805.71,140474.23
SAL0003095,P0142,WH006,2025-12-30,65,10972.07,713184.55
SAL0003096,P0002,WH006,2026-05-19,38,1611.45,61235.1
SAL0003097,P0029,WH003,2025-08-09,64,5999.79,383986.56
SAL0003098,P0146,WH003,2026-07-21,14,12971.8,181605.2
SAL0003099,P0037,WH005,2026-02-28,17,1839.84,31277.28
SAL0003100,P0045,WH001,2026-04-22,77,7353.86,566247.22
SAL0003101,P0120,WH006,2026-02-13,13,4392.45,57101.85
SAL0003102,P0046,WH005,2026-05-10,73,4393.97,320759.81
SAL0003103,P0140,WH008,2026-04-23,6,9565.42,57392.52
SAL0003104,P0053,WH004,2025-11-11,6,4950.69,29704.14
SAL0003105,P0045,WH004,2026-06-07,37,7353.86,272092.82
SAL0003106,P0032,WH004,2026-05-31,57,4077.66,232426.62
SAL0003107,P0018,WH003,2026-05-10,53,1249.34,66215.02
SAL0003108,P0013,WH008,2025-08-25,46,5230.23,240590.58
SAL0003109,P0132,WH002,2025-11-29,78,17778.84,1386749.52
SAL0003110,P0023,WH005,2026-01-22,4,3399.02,13596.08
SAL0003111,P0062,WH002,2026-04-16,34,4668.52,158729.68
SAL0003112,P0054,WH007,2026-01-23,66,11936.62,787816.92
SAL0003113,P0069,WH001,2026-03-11,63,4228.28,266381.64
SAL0003114,P0014,WH001,2026-02-03,61,9958.36,607459.96
SAL0003115,P0098,WH005,2026-04-26,42,8703.81,365560.02
SAL0003116,P0028,WH004,2026-02-23,78,5125.77,399810.06
SAL0003117,P0095,WH007,2025-08-06,64,16693.57,1068388.48
SAL0003118,P0071,WH006,2026-03-12,17,10220.28,173744.76
SAL0003119,P0067,WH008,2025-08-20,61,486.56,29680.16
SAL0003120,P0100,WH001,2026-03-20,30,937.89,28136.7
SAL0003121,P0061,WH002,2026-06-24,43,685.7,29485.1
SAL0003122,P0103,WH002,2025-11-08,7,12534.03,87738.21
SAL0003123,P0137,WH006,2026-05-10,73,410.1,29937.3
SAL0003124,P0119,WH003,2026-04-24,46,15091.44,694206.24
SAL0003125,P0017,WH004,2026-01-09,23,12869.16,295990.68
SAL0003126,P0049,WH003,2025-11-29,36,8075.59,290721.24
SAL0003127,P0078,WH005,2026-04-29,14,9150.16,128102.24
SAL0003128,P0046,WH001,2026-02-15,20,4393.97,87879.4
SAL0003129,P0093,WH006,2026-06-25,56,14803.06,828971.36
SAL0003130,P0121,WH006,2026-08-15,32,5450.85,174427.2
SAL0003131,P0013,WH006,2026-03-05,25,5230.23,130755.75
SAL0003132,P0045,WH003,2026-03-15,49,7353.86,360339.14
SAL0003133,P0017,WH008,2026-05-05,57,12869.16,733542.12
SAL0003134,P0047,WH003,2026-02-28,27,12742.54,344048.58
SAL0003135,P0062,WH005,2026-04-19,27,4668.52,126050.04
SAL0003136,P0043,WH002,2026-02-02,46,15848.89,729048.94
SAL0003137,P0068,WH002,2025-10-07,45,7651.09,344299.05
SAL0003138,P0124,WH007,2025-10-25,26,3098.15,80551.9
SAL0003139,P0109,WH005,2026-08-13,14,6650.85,93111.9
SAL0003140,P0028,WH008,2026-03-29,48,5125.77,246036.96
SAL0003141,P0094,WH006,2026-05-10,15,4499.9,67498.5
SAL0003142,P0118,WH002,2025-11-02,51,9694.84,494436.84
SAL0003143,P0091,WH005,2026-06-27,54,10637.54,574427.16
SAL0003144,P0084,WH002,2026-02-20,11,383.71,4220.81
SAL0003145,P0033,WH008,2025-10-22,75,14261.13,1069584.75
SAL0003146,P0025,WH007,2026-01-04,28,7089.85,198515.8
SAL0003147,P0019,WH005,2026-07-19,55,11648.11,640646.05
SAL0003148,P0106,WH002,2026-07-04,69,12961.82,894365.58
SAL0003149,P0033,WH006,2026-02-24,72,14261.13,1026801.36
SAL0003150,P0067,WH008,2026-03-10,26,486.56,12650.56
SAL0003151,P0142,WH003,2026-02-13,70,10972.07,768044.9
SAL0003152,P0042,WH008,2026-08-03,32,10059.55,321905.6
SAL0003153,P0095,WH003,2026-05-27,48,16693.57,801291.36
SAL0003154,P0047,WH008,2026-05-14,12,12742.54,152910.48
SAL0003155,P0035,WH007,2026-01-07,70,12109.87,847690.9
SAL0003156,P0117,WH006,2026-04-23,77,10971.0,844767.0
SAL0003157,P0076,WH002,2026-06-13,61,9723.65,593142.65
SAL0003158,P0142,WH006,2026-07-19,34,10972.07,373050.38
SAL0003159,P0146,WH005,2025-09-14,45,12971.8,583731.0
SAL0003160,P0128,WH003,2025-10-20,60,14193.47,851608.2
SAL0003161,P0055,WH001,2025-09-06,65,14208.97,923583.05
SAL0003162,P0098,WH007,2025-12-24,71,8703.81,617970.51
SAL0003163,P0108,WH002,2026-07-14,13,9691.84,125993.92
SAL0003164,P0049,WH001,2026-03-03,78,8075.59,629896.02
SAL0003165,P0113,WH001,2025-09-23,48,8027.64,385326.72
SAL0003166,P0134,WH008,2026-03-03,49,4427.4,216942.6
SAL0003167,P0070,WH007,2026-02-10,58,13711.66,795276.28
SAL0003168,P0086,WH004,2025-08-03,73,6177.93,450988.89
SAL0003169,P0136,WH001,2025-12-07,70,9626.15,673830.5
SAL0003170,P0143,WH001,2026-04-26,61,13992.71,853555.31
SAL0003171,P0039,WH006,2025-10-04,26,10521.02,273546.52
SAL0003172,P0131,WH004,2025-08-09,39,332.15,12953.85
SAL0003173,P0010,WH004,2026-07-09,58,12927.18,749776.44
SAL0003174,P0003,WH004,2026-04-10,27,10805.71,291754.17
SAL0003175,P0046,WH007,2025-08-22,40,4393.97,175758.8
SAL0003176,P0150,WH005,2025-09-15,31,11200.18,347205.58
SAL0003177,P0067,WH004,2026-07-14,3,486.56,1459.68
SAL0003178,P0097,WH006,2025-09-08,15,1350.79,20261.85
SAL0003179,P0019,WH005,2025-08-03,54,11648.11,628997.94
SAL0003180,P0062,WH002,2026-01-15,70,4668.52,326796.4
SAL0003181,P0098,WH005,2025-08-24,11,8703.81,95741.91
SAL0003182,P0057,WH002,2025-09-03,30,1071.29,32138.7
SAL0003183,P0095,WH004,2025-12-12,35,16693.57,584274.95
SAL0003184,P0107,WH004,2025-11-27,43,6158.26,264805.18
SAL0003185,P0088,WH002,2025-08-10,61,673.42,41078.62
SAL0003186,P0141,WH003,2026-05-11,40,3336.79,133471.6
SAL0003187,P0144,WH006,2026-01-17,42,13859.79,582111.18
SAL0003188,P0144,WH005,2026-04-01,42,13859.79,582111.18
SAL0003189,P0115,WH006,2026-07-25,3,7832.13,23496.39
SAL0003190,P0119,WH006,2025-11-26,78,15091.44,1177132.32
SAL0003191,P0052,WH001,2026-01-31,21,1381.73,29016.33
SAL0003192,P0041,WH004,2026-01-28,73,9233.93,674076.89
SAL0003193,P0048,WH005,2026-05-15,77,5653.52,435321.04
SAL0003194,P0091,WH006,2026-06-18,53,10637.54,563789.62
SAL0003195,P0039,WH005,2025-09-10,44,10521.02,462924.88
SAL0003196,P0013,WH006,2025-08-06,46,5230.23,240590.58
SAL0003197,P0132,WH004,2026-07-19,37,17778.84,657817.08
SAL0003198,P0096,WH006,2025-08-12,38,13787.01,523906.38
SAL0003199,P0109,WH002,2025-11-24,38,6650.85,252732.3
SAL0003200,P0104,WH004,2025-12-07,11,13530.23,148832.53
SAL0003201,P0098,WH005,2026-05-26,45,8703.81,391671.45
SAL0003202,P0043,WH007,2026-01-25,64,15848.89,1014328.96
SAL0003203,P0088,WH003,2026-06-18,44,673.42,29630.48
SAL0003204,P0093,WH006,2026-02-11,62,14803.06,917789.72
SAL0003205,P0126,WH002,2026-04-04,61,16061.16,979730.76
SAL0003206,P0109,WH004,2025-08-01,12,6650.85,79810.2
SAL0003207,P0047,WH001,2025-09-11,9,12742.54,114682.86
SAL0003208,P0092,WH007,2026-04-19,67,11125.06,745379.02
SAL0003209,P0041,WH007,2026-04-06,74,9233.93,683310.82
SAL0003210,P0003,WH004,2026-02-04,2,10805.71,21611.42
SAL0003211,P0121,WH008,2026-07-19,8,5450.85,43606.8
SAL0003212,P0077,WH007,2026-02-27,43,12721.04,547004.72
SAL0003213,P0095,WH005,2026-04-16,18,16693.57,300484.26
SAL0003214,P0013,WH005,2026-07-14,52,5230.23,271971.96
SAL0003215,P0105,WH001,2026-06-24,39,1294.66,50491.74
SAL0003216,P0018,WH002,2026-07-17,31,1249.34,38729.54
SAL0003217,P0037,WH005,2026-04-18,14,1839.84,25757.76
SAL0003218,P0055,WH002,2026-01-13,64,14208.97,909374.08
SAL0003219,P0052,WH002,2025-12-04,44,1381.73,60796.12
SAL0003220,P0036,WH004,2026-01-19,60,11599.04,695942.4
SAL0003221,P0114,WH002,2026-07-29,2,17232.19,34464.38
SAL0003222,P0052,WH006,2026-06-10,32,1381.73,44215.36
SAL0003223,P0019,WH008,2026-05-02,36,11648.11,419331.96
SAL0003224,P0140,WH005,2025-12-19,55,9565.42,526098.1
SAL0003225,P0092,WH005,2025-09-23,63,11125.06,700878.78
SAL0003226,P0139,WH003,2025-09-15,69,16335.66,1127160.54
SAL0003227,P0048,WH007,2026-07-27,40,5653.52,226140.8
SAL0003228,P0101,WH002,2025-12-06,24,7703.08,184873.92
SAL0003229,P0099,WH003,2025-09-07,58,12570.46,729086.68
SAL0003230,P0144,WH004,2026-02-04,28,13859.79,388074.12
SAL0003231,P0047,WH003,2025-11-13,62,12742.54,790037.48
SAL0003232,P0067,WH007,2026-06-23,25,486.56,12164.0
SAL0003233,P0031,WH002,2026-04-01,7,3886.37,27204.59
SAL0003234,P0076,WH008,2025-09-11,38,9723.65,369498.7
SAL0003235,P0008,WH007,2026-04-21,71,13511.51,959317.21
SAL0003236,P0044,WH005,2026-05-14,45,11696.79,526355.55
SAL0003237,P0035,WH008,2026-02-22,32,12109.87,387515.84
SAL0003238,P0014,WH004,2026-06-22,32,9958.36,318667.52
SAL0003239,P0110,WH002,2025-08-19,1,8117.34,8117.34
SAL0003240,P0004,WH008,2026-08-11,74,1797.79,133036.46
SAL0003241,P0145,WH008,2026-03-21,45,10988.78,494495.1
SAL0003242,P0112,WH008,2026-02-15,64,7497.58,479845.12
SAL0003243,P0069,WH008,2026-05-07,68,4228.28,287523.04
SAL0003244,P0049,WH008,2026-07-25,7,8075.59,56529.13
SAL0003245,P0055,WH008,2026-02-02,38,14208.97,539940.86
SAL0003246,P0081,WH004,2026-06-07,70,2089.55,146268.5
SAL0003247,P0140,WH001,2026-06-04,53,9565.42,506967.26
SAL0003248,P0139,WH008,2026-02-03,75,16335.66,1225174.5
SAL0003249,P0115,WH002,2026-05-25,73,7832.13,571745.49
SAL0003250,P0075,WH001,2025-09-22,30,11640.25,349207.5
SAL0003251,P0098,WH008,2025-11-04,22,8703.81,191483.82
SAL0003252,P0127,WH003,2026-02-25,58,600.7,34840.6
SAL0003253,P0111,WH002,2025-11-24,73,10269.05,749640.65
SAL0003254,P0101,WH001,2025-12-10,55,7703.08,423669.4
SAL0003255,P0114,WH006,2025-08-13,46,17232.19,792680.74
SAL0003256,P0029,WH005,2026-01-28,26,5999.79,155994.54
SAL0003257,P0062,WH003,2026-06-05,64,4668.52,298785.28
SAL0003258,P0053,WH002,2026-02-22,9,4950.69,44556.21
SAL0003259,P0117,WH002,2026-02-16,15,10971.0,164565.0
SAL0003260,P0091,WH005,2026-06-04,19,10637.54,202113.26
SAL0003261,P0106,WH005,2026-03-10,16,12961.82,207389.12
SAL0003262,P0086,WH007,2025-11-09,25,6177.93,154448.25
SAL0003263,P0128,WH008,2025-11-26,51,14193.47,723866.97
SAL0003264,P0100,WH001,2026-02-16,77,937.89,72217.53
SAL0003265,P0094,WH001,2026-03-07,46,4499.9,206995.4
SAL0003266,P0076,WH001,2025-12-06,7,9723.65,68065.55
SAL0003267,P0003,WH007,2026-03-11,34,10805.71,367394.14
SAL0003268,P0081,WH008,2026-06-04,58,2089.55,121193.9
SAL0003269,P0105,WH004,2026-07-24,78,1294.66,100983.48
SAL0003270,P0032,WH003,2025-08-19,23,4077.66,93786.18
SAL0003271,P0008,WH008,2026-04-05,23,13511.51,310764.73
SAL0003272,P0087,WH002,2025-11-14,17,12269.88,208587.96
SAL0003273,P0030,WH003,2025-11-22,13,11747.59,152718.67
SAL0003274,P0143,WH005,2025-09-17,27,13992.71,377803.17
SAL0003275,P0074,WH008,2025-09-03,66,10068.76,664538.16
SAL0003276,P0123,WH006,2025-10-25,30,5568.28,167048.4
SAL0003277,P0121,WH003,2025-10-22,4,5450.85,21803.4
SAL0003278,P0038,WH003,2026-02-11,67,3005.11,201342.37
SAL0003279,P0143,WH001,2025-09-04,14,13992.71,195897.94
SAL0003280,P0115,WH005,2026-04-23,11,7832.13,86153.43
SAL0003281,P0109,WH003,2025-10-28,40,6650.85,266034.0
SAL0003282,P0078,WH002,2025-08-20,3,9150.16,27450.48
SAL0003283,P0036,WH001,2025-10-29,1,11599.04,11599.04
SAL0003284,P0090,WH007,2025-12-06,9,12387.89,111491.01
SAL0003285,P0040,WH003,2026-02-20,73,3922.35,286331.55
SAL0003286,P0074,WH005,2026-05-31,76,10068.76,765225.76
SAL0003287,P0046,WH008,2026-07-01,1,4393.97,4393.97
SAL0003288,P0107,WH006,2026-03-09,16,6158.26,98532.16
SAL0003289,P0146,WH008,2026-07-22,72,12971.8,933969.6
SAL0003290,P0100,WH008,2026-03-17,46,937.89,43142.94
SAL0003291,P0061,WH002,2025-10-18,10,685.7,6857.0
SAL0003292,P0003,WH006,2025-09-08,33,10805.71,356588.43
SAL0003293,P0082,WH005,2026-06-08,41,11631.72,476900.52
SAL0003294,P0007,WH005,2025-10-24,51,542.22,27653.22
SAL0003295,P0031,WH005,2025-11-06,22,3886.37,85500.14
SAL0003296,P0065,WH006,2025-08-16,16,8713.96,139423.36
SAL0003297,P0095,WH004,2026-01-25,75,16693.57,1252017.75
SAL0003298,P0064,WH002,2026-04-16,62,6359.37,394280.94
SAL0003299,P0077,WH005,2025-10-15,53,12721.04,674215.12
SAL0003300,P0003,WH004,2026-05-15,75,10805.71,810428.25
SAL0003301,P0093,WH001,2026-05-07,14,14803.06,207242.84
SAL0003302,P0035,WH004,2025-11-23,59,12109.87,714482.33
SAL0003303,P0015,WH001,2026-08-10,26,4962.3,129019.8
SAL0003304,P0021,WH006,2026-07-28,44,7447.62,327695.28
SAL0003305,P0062,WH007,2026-01-30,20,4668.52,93370.4
SAL0003306,P0083,WH007,2025-11-18,5,2819.78,14098.9
SAL0003307,P0004,WH004,2025-09-12,65,1797.79,116856.35
SAL0003308,P0141,WH006,2025-10-31,11,3336.79,36704.69
SAL0003309,P0067,WH005,2026-02-07,47,486.56,22868.32
SAL0003310,P0094,WH004,2026-01-04,10,4499.9,44999.0
SAL0003311,P0058,WH004,2025-09-28,61,5550.94,338607.34
SAL0003312,P0130,WH005,2026-03-13,45,14491.67,652125.15
SAL0003313,P0025,WH001,2026-01-08,47,7089.85,333222.95
SAL0003314,P0011,WH005,2026-01-22,34,12266.95,417076.3
SAL0003315,P0001,WH002,2026-01-21,13,11805.32,153469.16
SAL0003316,P0048,WH007,2026-04-26,23,5653.52,130030.96
SAL0003317,P0113,WH008,2026-01-15,36,8027.64,288995.04
SAL0003318,P0138,WH008,2026-01-23,63,14687.9,925337.7
SAL0003319,P0081,WH007,2026-01-22,76,2089.55,158805.8
SAL0003320,P0030,WH004,2026-02-19,47,11747.59,552136.73
SAL0003321,P0114,WH002,2026-01-18,66,17232.19,1137324.54
SAL0003322,P0019,WH005,2025-12-04,14,11648.11,163073.54
SAL0003323,P0110,WH007,2026-07-06,53,8117.34,430219.02
SAL0003324,P0034,WH006,2025-11-16,66,12148.61,801808.26
SAL0003325,P0032,WH005,2026-03-19,49,4077.66,199805.34
SAL0003326,P0076,WH003,2025-12-19,16,9723.65,155578.4
SAL0003327,P0126,WH002,2025-11-04,68,16061.16,1092158.88
SAL0003328,P0134,WH007,2025-09-18,43,4427.4,190378.2
SAL0003329,P0141,WH003,2025-12-14,77,3336.79,256932.83
SAL0003330,P0086,WH002,2026-03-12,65,6177.93,401565.45
SAL0003331,P0075,WH008,2026-02-20,9,11640.25,104762.25
SAL0003332,P0135,WH006,2026-01-08,21,13819.48,290209.08
SAL0003333,P0045,WH003,2026-02-02,43,7353.86,316215.98
SAL0003334,P0065,WH003,2026-02-08,66,8713.96,575121.36
SAL0003335,P0094,WH002,2025-10-28,4,4499.9,17999.6
SAL0003336,P0019,WH005,2025-11-04,7,11648.11,81536.77
SAL0003337,P0119,WH001,2025-11-02,58,15091.44,875303.52
SAL0003338,P0047,WH005,2025-08-10,4,12742.54,50970.16
SAL0003339,P0046,WH001,2025-12-22,20,4393.97,87879.4
SAL0003340,P0029,WH002,2026-03-21,35,5999.79,209992.65
SAL0003341,P0100,WH004,2025-10-26,59,937.89,55335.51
SAL0003342,P0065,WH005,2025-09-27,45,8713.96,392128.2
SAL0003343,P0128,WH003,2025-08-04,14,14193.47,198708.58
SAL0003344,P0051,WH005,2026-01-03,22,7869.03,173118.66
SAL0003345,P0022,WH008,2026-06-22,48,12421.92,596252.16
SAL0003346,P0110,WH002,2026-06-10,30,8117.34,243520.2
SAL0003347,P0071,WH008,2025-11-18,29,10220.28,296388.12
SAL0003348,P0033,WH004,2026-01-25,36,14261.13,513400.68
SAL0003349,P0127,WH004,2026-07-06,42,600.7,25229.4
SAL0003350,P0109,WH005,2026-05-30,29,6650.85,192874.65
SAL0003351,P0100,WH005,2026-07-17,7,937.89,6565.23
SAL0003352,P0044,WH008,2026-08-16,32,11696.79,374297.28
SAL0003353,P0007,WH006,2025-11-03,13,542.22,7048.86
SAL0003354,P0128,WH005,2026-08-12,13,14193.47,184515.11
SAL0003355,P0091,WH002,2026-03-14,54,10637.54,574427.16
SAL0003356,P0130,WH001,2025-08-08,14,14491.67,202883.38
SAL0003357,P0017,WH006,2025-12-31,6,12869.16,77214.96
SAL0003358,P0065,WH001,2025-08-24,16,8713.96,139423.36
SAL0003359,P0110,WH008,2026-03-28,41,8117.34,332810.94
SAL0003360,P0030,WH003,2025-09-17,52,11747.59,610874.68
SAL0003361,P0092,WH007,2026-06-24,16,11125.06,178000.96
SAL0003362,P0075,WH002,2026-01-19,5,11640.25,58201.25
SAL0003363,P0105,WH006,2026-04-28,24,1294.66,31071.84
SAL0003364,P0031,WH008,2026-03-21,43,3886.37,167113.91
SAL0003365,P0097,WH004,2025-09-07,65,1350.79,87801.35
SAL0003366,P0051,WH006,2026-06-07,10,7869.03,78690.3
SAL0003367,P0058,WH003,2026-08-02,59,5550.94,327505.46
SAL0003368,P0034,WH004,2026-07-18,35,12148.61,425201.35
SAL0003369,P0021,WH006,2026-03-19,31,7447.62,230876.22
SAL0003370,P0037,WH008,2025-08-23,79,1839.84,145347.36
SAL0003371,P0064,WH004,2025-09-22,11,6359.37,69953.07
SAL0003372,P0147,WH005,2026-04-12,9,826.55,7438.95
SAL0003373,P0124,WH004,2026-06-18,66,3098.15,204477.9
SAL0003374,P0101,WH006,2026-04-04,44,7703.08,338935.52
SAL0003375,P0119,WH004,2025-12-07,16,15091.44,241463.04
SAL0003376,P0085,WH002,2026-03-18,48,1427.09,68500.32
SAL0003377,P0078,WH005,2026-02-02,53,9150.16,484958.48
SAL0003378,P0104,WH005,2026-02-28,65,13530.23,879464.95
SAL0003379,P0072,WH003,2025-10-31,48,2337.16,112183.68
SAL0003380,P0103,WH005,2026-06-27,70,12534.03,877382.1
SAL0003381,P0077,WH001,2026-01-24,46,12721.04,585167.84
SAL0003382,P0110,WH002,2025-08-01,75,8117.34,608800.5
SAL0003383,P0019,WH003,2026-02-23,33,11648.11,384387.63
SAL0003384,P0130,WH001,2026-01-19,52,14491.67,753566.84
SAL0003385,P0134,WH004,2025-10-31,55,4427.4,243507.0
SAL0003386,P0133,WH007,2026-06-27,51,10911.61,556492.11
SAL0003387,P0062,WH001,2026-07-25,40,4668.52,186740.8
SAL0003388,P0103,WH003,2026-01-22,25,12534.03,313350.75
SAL0003389,P0100,WH005,2025-08-24,63,937.89,59087.07
SAL0003390,P0052,WH002,2025-10-10,22,1381.73,30398.06
SAL0003391,P0049,WH007,2026-03-06,38,8075.59,306872.42
SAL0003392,P0100,WH003,2025-09-06,9,937.89,8441.01
SAL0003393,P0126,WH001,2025-12-30,37,16061.16,594262.92
SAL0003394,P0118,WH007,2026-01-10,5,9694.84,48474.2
SAL0003395,P0054,WH001,2025-11-28,22,11936.62,262605.64
SAL0003396,P0119,WH008,2025-09-28,12,15091.44,181097.28
SAL0003397,P0133,WH003,2026-03-29,60,10911.61,654696.6
SAL0003398,P0137,WH007,2025-10-16,44,410.1,18044.4
SAL0003399,P0098,WH006,2026-06-10,22,8703.81,191483.82
SAL0003400,P0036,WH006,2026-07-14,6,11599.04,69594.24
SAL0003401,P0148,WH003,2025-12-10,27,3215.0,86805.0
SAL0003402,P0081,WH006,2025-12-23,55,2089.55,114925.25
SAL0003403,P0085,WH003,2026-07-04,15,1427.09,21406.35
SAL0003404,P0083,WH005,2025-12-07,64,2819.78,180465.92
SAL0003405,P0063,WH007,2026-05-20,17,9321.2,158460.4
SAL0003406,P0067,WH003,2026-06-12,3,486.56,1459.68
SAL0003407,P0003,WH004,2025-09-26,10,10805.71,108057.1
SAL0003408,P0042,WH002,2025-11-27,63,10059.55,633751.65
SAL0003409,P0024,WH002,2026-03-11,63,10854.56,683837.28
SAL0003410,P0044,WH004,2025-08-22,62,11696.79,725200.98
SAL0003411,P0129,WH001,2025-10-01,9,5306.75,47760.75
SAL0003412,P0115,WH001,2025-08-30,24,7832.13,187971.12
SAL0003413,P0036,WH001,2025-10-25,32,11599.04,371169.28
SAL0003414,P0038,WH008,2026-02-09,3,3005.11,9015.33
SAL0003415,P0082,WH007,2026-07-13,33,11631.72,383846.76
SAL0003416,P0029,WH001,2026-05-31,43,5999.79,257990.97
SAL0003417,P0041,WH005,2025-10-07,12,9233.93,110807.16
SAL0003418,P0088,WH004,2026-04-07,32,673.42,21549.44
SAL0003419,P0048,WH002,2026-05-25,20,5653.52,113070.4
SAL0003420,P0114,WH004,2025-10-15,67,17232.19,1154556.73
SAL0003421,P0022,WH002,2025-10-21,68,12421.92,844690.56
SAL0003422,P0099,WH001,2026-03-02,17,12570.46,213697.82
SAL0003423,P0017,WH005,2026-07-17,19,12869.16,244514.04
SAL0003424,P0086,WH003,2026-05-27,4,6177.93,24711.72
SAL0003425,P0133,WH003,2026-04-12,17,10911.61,185497.37
SAL0003426,P0061,WH006,2025-11-18,64,685.7,43884.8
SAL0003427,P0089,WH001,2026-04-18,22,7891.09,173603.98
SAL0003428,P0134,WH001,2025-08-21,66,4427.4,292208.4
SAL0003429,P0081,WH004,2026-05-03,42,2089.55,87761.1
SAL0003430,P0095,WH005,2026-02-11,76,16693.57,1268711.32
SAL0003431,P0145,WH005,2025-10-05,45,10988.78,494495.1
SAL0003432,P0059,WH008,2025-12-07,11,11103.0,122133.0
SAL0003433,P0054,WH004,2026-03-04,53,11936.62,632640.86
SAL0003434,P0126,WH005,2026-06-24,60,16061.16,963669.6
SAL0003435,P0048,WH007,2026-06-12,29,5653.52,163952.08
SAL0003436,P0068,WH007,2026-03-13,20,7651.09,153021.8
SAL0003437,P0107,WH005,2025-10-03,5,6158.26,30791.3
SAL0003438,P0078,WH007,2026-04-24,25,9150.16,228754.0
SAL0003439,P0077,WH008,2025-10-28,34,12721.04,432515.36
SAL0003440,P0027,WH003,2025-08-27,12,9782.53,117390.36
SAL0003441,P0088,WH005,2026-04-23,28,673.42,18855.76
SAL0003442,P0072,WH007,2025-12-05,6,2337.16,14022.96
SAL0003443,P0047,WH001,2026-02-19,19,12742.54,242108.26
SAL0003444,P0103,WH003,2025-08-26,12,12534.03,150408.36
SAL0003445,P0021,WH001,2025-12-22,25,7447.62,186190.5
SAL0003446,P0115,WH001,2025-10-15,13,7832.13,101817.69
SAL0003447,P0057,WH007,2026-03-29,76,1071.29,81418.04
SAL0003448,P0105,WH007,2025-11-06,3,1294.66,3883.98
SAL0003449,P0095,WH004,2025-12-28,24,16693.57,400645.68
SAL0003450,P0110,WH006,2025-12-25,8,8117.34,64938.72
SAL0003451,P0027,WH005,2026-05-03,45,9782.53,440213.85
SAL0003452,P0128,WH005,2025-10-24,72,14193.47,1021929.84
SAL0003453,P0076,WH005,2025-12-22,1,9723.65,9723.65
SAL0003454,P0035,WH005,2026-04-01,3,12109.87,36329.61
SAL0003455,P0098,WH007,2026-06-20,65,8703.81,565747.65
SAL0003456,P0144,WH003,2026-04-30,15,13859.79,207896.85
SAL0003457,P0036,WH002,2026-01-13,50,11599.04,579952.0
SAL0003458,P0066,WH001,2025-12-26,20,4517.29,90345.8
SAL0003459,P0056,WH006,2026-02-28,3,189.21,567.63
SAL0003460,P0145,WH008,2026-04-19,61,10988.78,670315.58
SAL0003461,P0148,WH006,2025-12-04,15,3215.0,48225.0
SAL0003462,P0094,WH002,2026-03-09,59,4499.9,265494.1
SAL0003463,P0106,WH008,2026-02-21,54,12961.82,699938.28
SAL0003464,P0084,WH008,2026-05-31,60,383.71,23022.6
SAL0003465,P0136,WH002,2026-03-17,37,9626.15,356167.55
SAL0003466,P0146,WH008,2025-11-10,21,12971.8,272407.8
SAL0003467,P0018,WH002,2026-03-07,23,1249.34,28734.82
SAL0003468,P0146,WH007,2026-02-12,18,12971.8,233492.4
SAL0003469,P0125,WH003,2026-07-29,17,13379.19,227446.23
SAL0003470,P0002,WH002,2026-02-14,31,1611.45,49954.95
SAL0003471,P0076,WH008,2026-04-20,64,9723.65,622313.6
SAL0003472,P0138,WH008,2026-07-05,48,14687.9,705019.2
SAL0003473,P0142,WH003,2026-07-29,26,10972.07,285273.82
SAL0003474,P0026,WH007,2026-05-30,22,3320.79,73057.38
SAL0003475,P0047,WH004,2026-03-24,45,12742.54,573414.3
SAL0003476,P0030,WH008,2026-01-16,36,11747.59,422913.24
SAL0003477,P0056,WH008,2026-06-02,64,189.21,12109.44
SAL0003478,P0119,WH004,2026-05-01,35,15091.44,528200.4
SAL0003479,P0132,WH006,2025-11-07,75,17778.84,1333413.0
SAL0003480,P0139,WH004,2026-03-28,27,16335.66,441062.82
SAL0003481,P0130,WH003,2025-09-01,68,14491.67,985433.56
SAL0003482,P0140,WH003,2026-02-24,17,9565.42,162612.14
SAL0003483,P0021,WH001,2025-08-18,70,7447.62,521333.4
SAL0003484,P0068,WH008,2026-04-12,11,7651.09,84161.99
SAL0003485,P0126,WH002,2026-01-08,5,16061.16,80305.8
SAL0003486,P0043,WH005,2026-06-11,58,15848.89,919235.62
SAL0003487,P0100,WH005,2026-04-20,57,937.89,53459.73
SAL0003488,P0123,WH002,2025-08-04,74,5568.28,412052.72
SAL0003489,P0093,WH005,2026-03-12,74,14803.06,1095426.44
SAL0003490,P0140,WH005,2025-08-01,74,9565.42,707841.08
SAL0003491,P0129,WH007,2026-03-01,14,5306.75,74294.5
SAL0003492,P0116,WH005,2025-12-25,72,9441.89,679816.08
SAL0003493,P0115,WH006,2026-01-07,1,7832.13,7832.13
SAL0003494,P0142,WH008,2026-05-27,16,10972.07,175553.12
SAL0003495,P0119,WH008,2025-12-05,26,15091.44,392377.44
SAL0003496,P0093,WH008,2025-12-28,49,14803.06,725349.94
SAL0003497,P0142,WH003,2026-08-12,42,10972.07,460826.94
SAL0003498,P0009,WH003,2026-06-30,70,13538.59,947701.3
SAL0003499,P0073,WH003,2025-11-30,66,1439.34,94996.44
SAL0003500,P0026,WH002,2026-04-20,53,3320.79,176001.87
SAL0003501,P0106,WH004,2026-05-18,9,12961.82,116656.38
SAL0003502,P0145,WH006,2025-09-24,69,10988.78,758225.82
SAL0003503,P0068,WH006,2025-11-03,40,7651.09,306043.6
SAL0003504,P0110,WH005,2025-11-04,56,8117.34,454571.04
SAL0003505,P0131,WH008,2025-10-21,5,332.15,1660.75
SAL0003506,P0025,WH001,2025-08-02,56,7089.85,397031.6
SAL0003507,P0021,WH003,2026-06-27,72,7447.62,536228.64
SAL0003508,P0140,WH007,2025-10-16,5,9565.42,47827.1
SAL0003509,P0054,WH006,2026-03-12,69,11936.62,823626.78
SAL0003510,P0001,WH006,2025-09-21,52,11805.32,613876.64
SAL0003511,P0128,WH001,2026-02-20,73,14193.47,1036123.31
SAL0003512,P0001,WH005,2026-05-07,33,11805.32,389575.56
SAL0003513,P0135,WH006,2026-01-16,22,13819.48,304028.56
SAL0003514,P0010,WH008,2026-01-18,15,12927.18,193907.7
SAL0003515,P0143,WH006,2026-05-29,65,13992.71,909526.15
SAL0003516,P0040,WH004,2026-06-01,71,3922.35,278486.85
SAL0003517,P0139,WH001,2025-08-18,23,16335.66,375720.18
SAL0003518,P0045,WH007,2025-09-17,6,7353.86,44123.16
SAL0003519,P0087,WH007,2025-08-28,58,12269.88,711653.04
SAL0003520,P0141,WH005,2026-02-21,26,3336.79,86756.54
SAL0003521,P0027,WH005,2026-06-07,12,9782.53,117390.36
SAL0003522,P0050,WH003,2025-10-18,77,4526.14,348512.78
SAL0003523,P0061,WH004,2026-06-29,77,685.7,52798.9
SAL0003524,P0013,WH005,2026-02-08,2,5230.23,10460.46
SAL0003525,P0140,WH008,2025-09-05,32,9565.42,306093.44
SAL0003526,P0085,WH004,2026-06-05,50,1427.09,71354.5
SAL0003527,P0084,WH003,2025-10-11,61,383.71,23406.31
SAL0003528,P0020,WH008,2026-06-15,11,13830.77,152138.47
SAL0003529,P0031,WH007,2026-07-27,68,3886.37,264273.16
SAL0003530,P0008,WH001,2025-09-30,34,13511.51,459391.34
SAL0003531,P0024,WH006,2026-07-02,8,10854.56,86836.48
SAL0003532,P0033,WH006,2026-07-05,8,14261.13,114089.04
SAL0003533,P0042,WH002,2025-09-22,15,10059.55,150893.25
SAL0003534,P0143,WH002,2026-05-31,5,13992.71,69963.55
SAL0003535,P0139,WH002,2026-01-14,19,16335.66,310377.54
SAL0003536,P0094,WH006,2025-08-21,74,4499.9,332992.6
SAL0003537,P0037,WH004,2026-04-07,9,1839.84,16558.56
SAL0003538,P0147,WH008,2026-07-07,57,826.55,47113.35
SAL0003539,P0034,WH002,2026-04-23,54,12148.61,656024.94
SAL0003540,P0053,WH001,2025-10-01,29,4950.69,143570.01
SAL0003541,P0140,WH005,2025-11-03,19,9565.42,181742.98
SAL0003542,P0096,WH008,2025-08-08,77,13787.01,1061599.77
SAL0003543,P0105,WH004,2026-03-31,46,1294.66,59554.36
SAL0003544,P0048,WH006,2026-07-02,62,5653.52,350518.24
SAL0003545,P0040,WH001,2026-02-14,60,3922.35,235341.0
SAL0003546,P0088,WH007,2025-10-29,5,673.42,3367.1
SAL0003547,P0043,WH006,2025-09-26,33,15848.89,523013.37
SAL0003548,P0017,WH004,2026-06-18,55,12869.16,707803.8
SAL0003549,P0102,WH004,2026-06-05,19,11449.48,217540.12
SAL0003550,P0111,WH004,2026-05-09,17,10269.05,174573.85
SAL0003551,P0070,WH003,2025-09-07,42,13711.66,575889.72
SAL0003552,P0060,WH005,2026-01-17,22,5035.5,110781.0
SAL0003553,P0077,WH008,2026-03-17,39,12721.04,496120.56
SAL0003554,P0035,WH002,2025-12-12,27,12109.87,326966.49
SAL0003555,P0016,WH003,2025-08-23,76,3864.55,293705.8
SAL0003556,P0146,WH005,2026-08-11,46,12971.8,596702.8
SAL0003557,P0038,WH006,2025-11-26,28,3005.11,84143.08
SAL0003558,P0032,WH002,2026-07-19,52,4077.66,212038.32
SAL0003559,P0007,WH007,2026-03-23,65,542.22,35244.3
SAL0003560,P0046,WH003,2025-10-25,39,4393.97,171364.83
SAL0003561,P0018,WH003,2025-08-07,18,1249.34,22488.12
SAL0003562,P0071,WH008,2026-02-03,22,10220.28,224846.16
SAL0003563,P0040,WH001,2025-09-26,68,3922.35,266719.8
SAL0003564,P0088,WH008,2025-10-12,11,673.42,7407.62
SAL0003565,P0078,WH007,2025-08-12,64,9150.16,585610.24
SAL0003566,P0005,WH007,2026-03-06,71,8142.68,578130.28
SAL0003567,P0086,WH003,2026-06-29,57,6177.93,352142.01
SAL0003568,P0022,WH004,2026-05-24,35,12421.92,434767.2
SAL0003569,P0074,WH006,2026-03-19,37,10068.76,372544.12
SAL0003570,P0090,WH007,2025-08-10,50,12387.89,619394.5
SAL0003571,P0079,WH008,2026-03-06,30,8567.49,257024.7
SAL0003572,P0119,WH003,2025-10-03,17,15091.44,256554.48
SAL0003573,P0129,WH004,2026-01-24,33,5306.75,175122.75
SAL0003574,P0078,WH005,2025-09-04,16,9150.16,146402.56
SAL0003575,P0036,WH005,2026-03-07,15,11599.04,173985.6
SAL0003576,P0095,WH008,2025-10-09,13,16693.57,217016.41
SAL0003577,P0028,WH007,2026-01-03,3,5125.77,15377.31
SAL0003578,P0098,WH004,2025-08-29,24,8703.81,208891.44
SAL0003579,P0035,WH001,2025-12-27,23,12109.87,278527.01
SAL0003580,P0062,WH008,2025-11-08,59,4668.52,275442.68
SAL0003581,P0087,WH001,2026-06-10,55,12269.88,674843.4
SAL0003582,P0108,WH005,2026-03-10,65,9691.84,629969.6
SAL0003583,P0125,WH006,2026-06-27,32,13379.19,428134.08
SAL0003584,P0079,WH003,2026-06-27,60,8567.49,514049.4
SAL0003585,P0125,WH008,2025-10-01,30,13379.19,401375.7
SAL0003586,P0061,WH007,2026-07-24,66,685.7,45256.2
SAL0003587,P0026,WH007,2025-11-12,18,3320.79,59774.22
SAL0003588,P0057,WH005,2025-09-06,59,1071.29,63206.11
SAL0003589,P0132,WH005,2026-02-22,53,17778.84,942278.52
SAL0003590,P0042,WH008,2026-04-30,64,10059.55,643811.2
SAL0003591,P0022,WH008,2025-08-23,30,12421.92,372657.6
SAL0003592,P0139,WH004,2025-10-14,18,16335.66,294041.88
SAL0003593,P0090,WH001,2025-12-12,5,12387.89,61939.45
SAL0003594,P0058,WH006,2026-05-14,69,5550.94,383014.86
SAL0003595,P0007,WH004,2026-02-09,8,542.22,4337.76
SAL0003596,P0136,WH005,2026-02-19,9,9626.15,86635.35
SAL0003597,P0051,WH002,2026-04-08,32,7869.03,251808.96
SAL0003598,P0090,WH003,2026-01-09,14,12387.89,173430.46
SAL0003599,P0108,WH005,2026-08-08,13,9691.84,125993.92
SAL0003600,P0009,WH008,2026-03-29,18,13538.59,243694.62
SAL0003601,P0038,WH004,2026-02-18,68,3005.11,204347.48
SAL0003602,P0111,WH002,2025-08-19,22,10269.05,225919.1
SAL0003603,P0013,WH002,2026-07-12,20,5230.23,104604.6
SAL0003604,P0007,WH005,2025-08-18,15,542.22,8133.3
SAL0003605,P0139,WH006,2026-04-15,7,16335.66,114349.62
SAL0003606,P0067,WH001,2026-04-15,77,486.56,37465.12
SAL0003607,P0041,WH002,2026-07-10,30,9233.93,277017.9
SAL0003608,P0016,WH007,2026-07-03,5,3864.55,19322.75
SAL0003609,P0044,WH008,2025-08-07,1,11696.79,11696.79
SAL0003610,P0050,WH008,2025-08-15,60,4526.14,271568.4
SAL0003611,P0134,WH003,2025-08-29,31,4427.4,137249.4
SAL0003612,P0018,WH008,2026-08-12,20,1249.34,24986.8
SAL0003613,P0147,WH004,2025-08-05,64,826.55,52899.2
SAL0003614,P0051,WH004,2026-03-05,64,7869.03,503617.92
SAL0003615,P0003,WH004,2026-06-01,29,10805.71,313365.59
SAL0003616,P0089,WH007,2026-03-03,10,7891.09,78910.9
SAL0003617,P0054,WH005,2026-05-06,29,11936.62,346161.98
SAL0003618,P0049,WH004,2025-12-17,31,8075.59,250343.29
SAL0003619,P0028,WH007,2025-10-11,75,5125.77,384432.75
SAL0003620,P0038,WH004,2026-03-30,30,3005.11,90153.3
SAL0003621,P0028,WH003,2026-01-11,25,5125.77,128144.25
SAL0003622,P0032,WH007,2025-08-31,58,4077.66,236504.28
SAL0003623,P0041,WH001,2025-10-10,57,9233.93,526334.01
SAL0003624,P0036,WH006,2025-08-19,63,11599.04,730739.52
SAL0003625,P0103,WH005,2025-08-15,37,12534.03,463759.11
SAL0003626,P0036,WH005,2025-09-15,58,11599.04,672744.32
SAL0003627,P0107,WH004,2026-08-07,28,6158.26,172431.28
SAL0003628,P0126,WH003,2025-12-25,27,16061.16,433651.32
SAL0003629,P0087,WH002,2025-09-03,70,12269.88,858891.6
SAL0003630,P0066,WH007,2025-09-26,37,4517.29,167139.73
SAL0003631,P0138,WH004,2025-08-25,6,14687.9,88127.4
SAL0003632,P0070,WH007,2026-05-26,77,13711.66,1055797.82
SAL0003633,P0079,WH004,2026-05-16,62,8567.49,531184.38
SAL0003634,P0093,WH005,2026-01-30,33,14803.06,488500.98
SAL0003635,P0092,WH005,2026-01-12,78,11125.06,867754.68
SAL0003636,P0022,WH004,2026-01-11,40,12421.92,496876.8
SAL0003637,P0020,WH005,2026-05-13,41,13830.77,567061.57
SAL0003638,P0033,WH003,2026-08-11,42,14261.13,598967.46
SAL0003639,P0143,WH002,2026-03-21,9,13992.71,125934.39
SAL0003640,P0135,WH002,2026-01-31,18,13819.48,248750.64
SAL0003641,P0090,WH007,2026-08-04,15,12387.89,185818.35
SAL0003642,P0050,WH002,2025-08-25,4,4526.14,18104.56
SAL0003643,P0010,WH007,2026-07-12,34,12927.18,439524.12
SAL0003644,P0079,WH004,2025-11-07,62,8567.49,531184.38
SAL0003645,P0037,WH006,2025-11-22,38,1839.84,69913.92
SAL0003646,P0059,WH004,2026-05-15,71,11103.0,788313.0
SAL0003647,P0088,WH004,2025-09-02,23,673.42,15488.66
SAL0003648,P0104,WH003,2026-07-19,20,13530.23,270604.6
SAL0003649,P0063,WH002,2026-06-05,56,9321.2,521987.2
SAL0003650,P0021,WH005,2025-08-05,53,7447.62,394723.86
SAL0003651,P0104,WH005,2025-09-04,2,13530.23,27060.46
SAL0003652,P0079,WH001,2026-05-11,21,8567.49,179917.29
SAL0003653,P0037,WH001,2025-08-24,76,1839.84,139827.84
SAL0003654,P0045,WH007,2026-05-05,42,7353.86,308862.12
SAL0003655,P0142,WH008,2026-01-24,57,10972.07,625407.99
SAL0003656,P0043,WH006,2026-02-03,49,15848.89,776595.61
SAL0003657,P0116,WH007,2025-09-22,10,9441.89,94418.9
SAL0003658,P0085,WH005,2026-02-05,72,1427.09,102750.48
SAL0003659,P0084,WH002,2025-09-20,61,383.71,23406.31
SAL0003660,P0003,WH007,2025-09-23,21,10805.71,226919.91
SAL0003661,P0104,WH004,2026-06-10,60,13530.23,811813.8
SAL0003662,P0087,WH005,2026-08-10,13,12269.88,159508.44
SAL0003663,P0111,WH006,2026-03-24,48,10269.05,492914.4
SAL0003664,P0087,WH006,2025-11-25,40,12269.88,490795.2
SAL0003665,P0091,WH005,2026-01-30,63,10637.54,670165.02
SAL0003666,P0035,WH008,2025-12-05,76,12109.87,920350.12
SAL0003667,P0096,WH001,2026-06-28,9,13787.01,124083.09
SAL0003668,P0086,WH008,2025-11-06,57,6177.93,352142.01
SAL0003669,P0136,WH002,2026-04-29,51,9626.15,490933.65
SAL0003670,P0116,WH005,2026-02-01,40,9441.89,377675.6
SAL0003671,P0146,WH004,2026-07-19,76,12971.8,985856.8
SAL0003672,P0092,WH004,2026-01-20,73,11125.06,812129.38
SAL0003673,P0140,WH003,2026-04-24,64,9565.42,612186.88
SAL0003674,P0002,WH004,2026-02-07,70,1611.45,112801.5
SAL0003675,P0124,WH005,2025-11-07,64,3098.15,198281.6
SAL0003676,P0004,WH005,2026-07-07,25,1797.79,44944.75
SAL0003677,P0109,WH004,2025-09-07,28,6650.85,186223.8
SAL0003678,P0111,WH001,2025-12-31,10,10269.05,102690.5
SAL0003679,P0034,WH002,2026-03-17,28,12148.61,340161.08
SAL0003680,P0087,WH006,2026-03-24,36,12269.88,441715.68
SAL0003681,P0013,WH005,2026-07-04,11,5230.23,57532.53
SAL0003682,P0007,WH004,2025-09-20,21,542.22,11386.62
SAL0003683,P0032,WH006,2026-03-06,26,4077.66,106019.16
SAL0003684,P0023,WH004,2026-07-09,18,3399.02,61182.36
SAL0003685,P0047,WH005,2025-11-20,68,12742.54,866492.72
SAL0003686,P0029,WH003,2026-01-22,41,5999.79,245991.39
SAL0003687,P0023,WH002,2025-12-06,15,3399.02,50985.3
SAL0003688,P0038,WH005,2026-06-19,23,3005.11,69117.53
SAL0003689,P0127,WH006,2026-04-03,41,600.7,24628.7
SAL0003690,P0044,WH004,2025-08-23,6,11696.79,70180.74
SAL0003691,P0005,WH003,2025-12-28,71,8142.68,578130.28
SAL0003692,P0040,WH007,2026-05-09,60,3922.35,235341.0
SAL0003693,P0139,WH005,2026-04-03,79,16335.66,1290517.14
SAL0003694,P0078,WH002,2025-08-20,52,9150.16,475808.32
SAL0003695,P0106,WH003,2025-10-25,9,12961.82,116656.38
SAL0003696,P0130,WH006,2025-09-23,30,14491.67,434750.1
SAL0003697,P0049,WH008,2026-01-18,44,8075.59,355325.96
SAL0003698,P0123,WH004,2026-03-12,62,5568.28,345233.36
SAL0003699,P0035,WH001,2026-03-09,43,12109.87,520724.41
SAL0003700,P0106,WH007,2025-11-11,28,12961.82,362930.96
SAL0003701,P0072,WH007,2026-04-16,8,2337.16,18697.28
SAL0003702,P0109,WH002,2026-02-22,51,6650.85,339193.35
SAL0003703,P0125,WH008,2026-01-15,30,13379.19,401375.7
SAL0003704,P0071,WH003,2026-01-07,11,10220.28,112423.08
SAL0003705,P0039,WH005,2026-02-11,20,10521.02,210420.4
SAL0003706,P0091,WH005,2026-01-15,31,10637.54,329763.74
SAL0003707,P0037,WH003,2026-04-26,34,1839.84,62554.56
SAL0003708,P0081,WH005,2026-05-17,12,2089.55,25074.6
SAL0003709,P0132,WH007,2026-03-10,48,17778.84,853384.32
SAL0003710,P0023,WH007,2026-07-14,28,3399.02,95172.56
SAL0003711,P0142,WH007,2025-12-05,67,10972.07,735128.69
SAL0003712,P0005,WH003,2025-09-22,63,8142.68,512988.84
SAL0003713,P0110,WH002,2026-04-15,48,8117.34,389632.32
SAL0003714,P0018,WH007,2025-09-07,42,1249.34,52472.28
SAL0003715,P0027,WH005,2026-03-07,52,9782.53,508691.56
SAL0003716,P0024,WH008,2026-03-22,5,10854.56,54272.8
SAL0003717,P0029,WH002,2026-08-10,77,5999.79,461983.83
SAL0003718,P0139,WH008,2025-08-25,12,16335.66,196027.92
SAL0003719,P0146,WH004,2026-04-03,59,12971.8,765336.2
SAL0003720,P0123,WH004,2025-11-15,65,5568.28,361938.2
SAL0003721,P0128,WH004,2026-05-22,52,14193.47,738060.44
SAL0003722,P0112,WH004,2026-02-01,43,7497.58,322395.94
SAL0003723,P0117,WH005,2026-03-07,63,10971.0,691173.0
SAL0003724,P0132,WH003,2025-08-14,50,17778.84,888942.0
SAL0003725,P0033,WH005,2026-03-14,39,14261.13,556184.07
SAL0003726,P0042,WH006,2026-07-07,42,10059.55,422501.1
SAL0003727,P0125,WH005,2025-09-27,17,13379.19,227446.23
SAL0003728,P0004,WH002,2025-09-07,43,1797.79,77304.97
SAL0003729,P0020,WH003,2025-09-22,49,13830.77,677707.73
SAL0003730,P0068,WH008,2025-09-11,5,7651.09,38255.45
SAL0003731,P0058,WH007,2025-09-22,1,5550.94,5550.94
SAL0003732,P0080,WH001,2026-02-08,67,12953.94,867913.98
SAL0003733,P0134,WH001,2026-03-13,24,4427.4,106257.6
SAL0003734,P0095,WH007,2025-08-16,29,16693.57,484113.53
SAL0003735,P0004,WH003,2026-07-29,15,1797.79,26966.85
SAL0003736,P0044,WH001,2025-09-16,4,11696.79,46787.16
SAL0003737,P0125,WH003,2026-08-09,44,13379.19,588684.36
SAL0003738,P0042,WH002,2025-08-23,65,10059.55,653870.75
SAL0003739,P0029,WH002,2026-07-13,79,5999.79,473983.41
SAL0003740,P0147,WH005,2026-03-12,31,826.55,25623.05
SAL0003741,P0044,WH001,2026-02-12,20,11696.79,233935.8
SAL0003742,P0055,WH007,2025-09-24,10,14208.97,142089.7
SAL0003743,P0080,WH003,2026-06-09,11,12953.94,142493.34
SAL0003744,P0133,WH008,2026-06-27,28,10911.61,305525.08
SAL0003745,P0113,WH002,2025-09-28,38,8027.64,305050.32
SAL0003746,P0021,WH005,2025-12-13,24,7447.62,178742.88
SAL0003747,P0078,WH001,2025-09-06,39,9150.16,356856.24
SAL0003748,P0150,WH001,2026-04-02,51,11200.18,571209.18
SAL0003749,P0030,WH001,2025-12-21,76,11747.59,892816.84
SAL0003750,P0023,WH008,2026-07-27,50,3399.02,169951.0
SAL0003751,P0005,WH002,2026-02-17,7,8142.68,56998.76
SAL0003752,P0063,WH008,2025-09-01,68,9321.2,633841.6
SAL0003753,P0059,WH002,2026-07-25,53,11103.0,588459.0
SAL0003754,P0082,WH001,2025-09-07,37,11631.72,430373.64
SAL0003755,P0052,WH002,2025-08-30,54,1381.73,74613.42
SAL0003756,P0065,WH001,2026-03-19,55,8713.96,479267.8
SAL0003757,P0039,WH004,2026-06-24,75,10521.02,789076.5
SAL0003758,P0003,WH002,2026-03-05,31,10805.71,334977.01
SAL0003759,P0071,WH003,2026-03-17,65,10220.28,664318.2
SAL0003760,P0015,WH002,2025-11-04,59,4962.3,292775.7
SAL0003761,P0072,WH001,2026-06-09,47,2337.16,109846.52
SAL0003762,P0070,WH003,2025-11-27,49,13711.66,671871.34
SAL0003763,P0004,WH005,2026-05-18,18,1797.79,32360.22
SAL0003764,P0094,WH003,2026-07-20,3,4499.9,13499.7
SAL0003765,P0145,WH003,2026-03-17,18,10988.78,197798.04
SAL0003766,P0034,WH002,2026-05-15,58,12148.61,704619.38
SAL0003767,P0124,WH006,2025-10-05,71,3098.15,219968.65
SAL0003768,P0134,WH003,2026-05-08,25,4427.4,110685.0
SAL0003769,P0036,WH003,2025-08-20,18,11599.04,208782.72
SAL0003770,P0099,WH007,2025-12-31,52,12570.46,653663.92
SAL0003771,P0080,WH001,2025-11-16,43,12953.94,557019.42
SAL0003772,P0066,WH002,2026-07-04,67,4517.29,302658.43
SAL0003773,P0136,WH001,2026-05-03,7,9626.15,67383.05
SAL0003774,P0143,WH002,2025-09-13,74,13992.71,1035460.54
SAL0003775,P0091,WH008,2026-06-13,44,10637.54,468051.76
SAL0003776,P0080,WH005,2026-07-19,44,12953.94,569973.36
SAL0003777,P0059,WH006,2026-02-02,51,11103.0,566253.0
SAL0003778,P0010,WH003,2026-06-25,79,12927.18,1021247.22
SAL0003779,P0007,WH007,2026-04-09,21,542.22,11386.62
SAL0003780,P0112,WH002,2025-08-10,37,7497.58,277410.46
SAL0003781,P0076,WH003,2026-07-23,28,9723.65,272262.2
SAL0003782,P0012,WH003,2025-12-21,32,14129.48,452143.36
SAL0003783,P0079,WH004,2026-02-10,57,8567.49,488346.93
SAL0003784,P0046,WH008,2026-02-19,41,4393.97,180152.77
SAL0003785,P0032,WH008,2025-09-26,54,4077.66,220193.64
SAL0003786,P0115,WH001,2025-08-15,27,7832.13,211467.51
SAL0003787,P0114,WH008,2025-11-20,74,17232.19,1275182.06
SAL0003788,P0126,WH008,2025-10-18,40,16061.16,642446.4
SAL0003789,P0090,WH008,2026-08-01,41,12387.89,507903.49
SAL0003790,P0061,WH006,2026-03-24,70,685.7,47999.0
SAL0003791,P0061,WH007,2026-06-05,24,685.7,16456.8
SAL0003792,P0102,WH002,2025-08-04,18,11449.48,206090.64
SAL0003793,P0114,WH008,2026-04-20,74,17232.19,1275182.06
SAL0003794,P0092,WH005,2025-08-23,56,11125.06,623003.36
SAL0003795,P0129,WH006,2025-12-07,15,5306.75,79601.25
SAL0003796,P0107,WH004,2026-05-09,72,6158.26,443394.72
SAL0003797,P0049,WH001,2025-11-20,35,8075.59,282645.65
SAL0003798,P0025,WH005,2025-10-22,27,7089.85,191425.95
SAL0003799,P0016,WH005,2026-05-20,3,3864.55,11593.65
SAL0003800,P0141,WH003,2025-10-18,21,3336.79,70072.59
SAL0003801,P0108,WH001,2026-06-13,39,9691.84,377981.76
SAL0003802,P0044,WH004,2025-12-07,32,11696.79,374297.28
SAL0003803,P0083,WH002,2026-02-05,50,2819.78,140989.0
SAL0003804,P0047,WH002,2026-07-22,9,12742.54,114682.86
SAL0003805,P0124,WH004,2025-12-22,50,3098.15,154907.5
SAL0003806,P0080,WH003,2025-08-18,1,12953.94,12953.94
SAL0003807,P0076,WH003,2025-09-03,4,9723.65,38894.6
SAL0003808,P0020,WH005,2025-09-10,4,13830.77,55323.08
SAL0003809,P0146,WH008,2025-10-18,34,12971.8,441041.2
SAL0003810,P0012,WH001,2025-11-10,27,14129.48,381495.96
SAL0003811,P0112,WH005,2026-08-07,15,7497.58,112463.7
SAL0003812,P0060,WH008,2025-08-22,32,5035.5,161136.0
SAL0003813,P0075,WH007,2025-12-01,41,11640.25,477250.25
SAL0003814,P0110,WH007,2026-05-10,71,8117.34,576331.14
SAL0003815,P0034,WH002,2025-11-19,61,12148.61,741065.21
SAL0003816,P0141,WH004,2025-11-28,63,3336.79,210217.77
SAL0003817,P0140,WH001,2025-12-16,61,9565.42,583490.62
SAL0003818,P0036,WH004,2026-05-11,14,11599.04,162386.56
SAL0003819,P0028,WH001,2026-05-06,23,5125.77,117892.71
SAL0003820,P0039,WH006,2025-11-17,65,10521.02,683866.3
SAL0003821,P0077,WH002,2026-03-11,32,12721.04,407073.28
SAL0003822,P0104,WH002,2026-07-15,41,13530.23,554739.43
SAL0003823,P0091,WH006,2026-07-23,26,10637.54,276576.04
SAL0003824,P0115,WH001,2025-08-31,48,7832.13,375942.24
SAL0003825,P0002,WH003,2025-11-02,73,1611.45,117635.85
SAL0003826,P0117,WH001,2025-08-20,16,10971.0,175536.0
SAL0003827,P0082,WH002,2026-03-17,31,11631.72,360583.32
SAL0003828,P0090,WH007,2026-01-14,66,12387.89,817600.74
SAL0003829,P0042,WH004,2026-01-24,32,10059.55,321905.6
SAL0003830,P0031,WH005,2026-08-02,10,3886.37,38863.7
SAL0003831,P0061,WH004,2026-05-28,25,685.7,17142.5
SAL0003832,P0102,WH002,2025-11-12,45,11449.48,515226.6
SAL0003833,P0056,WH004,2025-12-14,24,189.21,4541.04
SAL0003834,P0083,WH003,2026-05-02,3,2819.78,8459.34
SAL0003835,P0128,WH003,2025-12-09,62,14193.47,879995.14
SAL0003836,P0014,WH007,2026-01-24,79,9958.36,786710.44
SAL0003837,P0014,WH001,2026-01-03,67,9958.36,667210.12
SAL0003838,P0050,WH008,2025-09-11,55,4526.14,248937.7
SAL0003839,P0101,WH004,2026-02-17,10,7703.08,77030.8
SAL0003840,P0068,WH004,2026-03-24,55,7651.09,420809.95
SAL0003841,P0071,WH002,2026-03-06,22,10220.28,224846.16
SAL0003842,P0011,WH001,2025-09-13,14,12266.95,171737.3
SAL0003843,P0014,WH001,2026-03-08,73,9958.36,726960.28
SAL0003844,P0106,WH004,2026-03-13,8,12961.82,103694.56
SAL0003845,P0104,WH005,2025-11-07,15,13530.23,202953.45
SAL0003846,P0131,WH004,2026-08-09,15,332.15,4982.25
SAL0003847,P0128,WH004,2026-05-03,52,14193.47,738060.44
SAL0003848,P0008,WH004,2025-08-18,70,13511.51,945805.7
SAL0003849,P0137,WH003,2026-02-08,54,410.1,22145.4
SAL0003850,P0019,WH006,2026-04-02,76,11648.11,885256.36
SAL0003851,P0140,WH001,2026-02-15,42,9565.42,401747.64
SAL0003852,P0112,WH006,2026-07-22,19,7497.58,142454.02
SAL0003853,P0058,WH003,2025-10-10,40,5550.94,222037.6
SAL0003854,P0025,WH005,2026-02-27,69,7089.85,489199.65
SAL0003855,P0045,WH008,2025-10-11,27,7353.86,198554.22
SAL0003856,P0102,WH002,2026-03-20,74,11449.48,847261.52
SAL0003857,P0048,WH007,2026-05-28,43,5653.52,243101.36
SAL0003858,P0050,WH005,2026-06-07,52,4526.14,235359.28
SAL0003859,P0081,WH001,2026-07-06,46,2089.55,96119.3
SAL0003860,P0044,WH002,2026-08-16,14,11696.79,163755.06
SAL0003861,P0059,WH006,2025-08-13,64,11103.0,710592.0
SAL0003862,P0103,WH005,2025-12-21,61,12534.03,764575.83
SAL0003863,P0078,WH001,2026-05-20,58,9150.16,530709.28
SAL0003864,P0018,WH007,2025-10-31,49,1249.34,61217.66
SAL0003865,P0116,WH008,2026-04-21,79,9441.89,745909.31
SAL0003866,P0106,WH008,2025-08-01,29,12961.82,375892.78
SAL0003867,P0143,WH007,2026-01-26,26,13992.71,363810.46
SAL0003868,P0011,WH005,2026-07-31,27,12266.95,331207.65
SAL0003869,P0143,WH002,2025-09-01,67,13992.71,937511.57
SAL0003870,P0062,WH002,2026-04-21,67,4668.52,312790.84
SAL0003871,P0048,WH005,2025-12-14,35,5653.52,197873.2
SAL0003872,P0094,WH003,2025-11-14,60,4499.9,269994.0
SAL0003873,P0143,WH005,2025-11-16,61,13992.71,853555.31
SAL0003874,P0087,WH006,2025-12-20,70,12269.88,858891.6
SAL0003875,P0050,WH005,2026-04-11,78,4526.14,353038.92
SAL0003876,P0060,WH005,2026-03-13,3,5035.5,15106.5
SAL0003877,P0059,WH003,2025-08-11,33,11103.0,366399.0
SAL0003878,P0015,WH004,2026-07-01,42,4962.3,208416.6
SAL0003879,P0029,WH002,2026-07-04,13,5999.79,77997.27
SAL0003880,P0040,WH006,2026-05-01,29,3922.35,113748.15
SAL0003881,P0031,WH001,2025-09-16,9,3886.37,34977.33
SAL0003882,P0073,WH002,2026-04-20,32,1439.34,46058.88
SAL0003883,P0011,WH002,2026-03-09,22,12266.95,269872.9
SAL0003884,P0081,WH004,2026-03-24,58,2089.55,121193.9
SAL0003885,P0062,WH002,2026-02-09,57,4668.52,266105.64
SAL0003886,P0136,WH002,2026-02-24,10,9626.15,96261.5
SAL0003887,P0051,WH003,2026-01-28,25,7869.03,196725.75
SAL0003888,P0057,WH003,2025-12-19,62,1071.29,66419.98
SAL0003889,P0132,WH003,2025-12-06,63,17778.84,1120066.92
SAL0003890,P0147,WH003,2026-07-31,76,826.55,62817.8
SAL0003891,P0024,WH003,2025-11-12,3,10854.56,32563.68
SAL0003892,P0041,WH008,2025-11-08,47,9233.93,433994.71
SAL0003893,P0049,WH006,2025-10-11,55,8075.59,444157.45
SAL0003894,P0036,WH001,2026-05-20,26,11599.04,301575.04
SAL0003895,P0010,WH004,2026-03-14,13,12927.18,168053.34
SAL0003896,P0078,WH005,2026-02-24,7,9150.16,64051.12
SAL0003897,P0135,WH007,2025-11-09,34,13819.48,469862.32
SAL0003898,P0140,WH006,2026-05-12,22,9565.42,210439.24
SAL0003899,P0086,WH003,2025-12-10,23,6177.93,142092.39
SAL0003900,P0060,WH004,2025-12-31,48,5035.5,241704.0
SAL0003901,P0096,WH005,2026-05-23,14,13787.01,193018.14
SAL0003902,P0008,WH002,2025-10-10,52,13511.51,702598.52
SAL0003903,P0135,WH008,2026-08-04,39,13819.48,538959.72
SAL0003904,P0107,WH008,2025-12-27,41,6158.26,252488.66
SAL0003905,P0058,WH006,2026-07-16,36,5550.94,199833.84
SAL0003906,P0081,WH002,2026-07-19,6,2089.55,12537.3
SAL0003907,P0086,WH004,2026-07-15,23,6177.93,142092.39
SAL0003908,P0034,WH001,2025-08-22,10,12148.61,121486.1
SAL0003909,P0084,WH001,2025-09-11,60,383.71,23022.6
SAL0003910,P0117,WH008,2026-04-11,30,10971.0,329130.0
SAL0003911,P0022,WH004,2026-06-14,70,12421.92,869534.4
SAL0003912,P0149,WH007,2026-03-23,5,2329.78,11648.9
SAL0003913,P0015,WH007,2025-11-12,79,4962.3,392021.7
SAL0003914,P0133,WH001,2026-06-12,57,10911.61,621961.77
SAL0003915,P0102,WH007,2026-01-09,43,11449.48,492327.64
SAL0003916,P0145,WH001,2026-01-10,52,10988.78,571416.56
SAL0003917,P0147,WH002,2025-12-05,77,826.55,63644.35
SAL0003918,P0005,WH007,2026-04-20,6,8142.68,48856.08
SAL0003919,P0023,WH001,2025-12-14,2,3399.02,6798.04
SAL0003920,P0083,WH001,2026-03-31,17,2819.78,47936.26
SAL0003921,P0014,WH004,2026-07-29,12,9958.36,119500.32
SAL0003922,P0010,WH001,2025-09-11,44,12927.18,568795.92
SAL0003923,P0031,WH007,2026-08-01,54,3886.37,209863.98
SAL0003924,P0141,WH008,2026-08-17,78,3336.79,260269.62
SAL0003925,P0127,WH008,2026-08-01,7,600.7,4204.9
SAL0003926,P0150,WH007,2026-01-23,32,11200.18,358405.76
SAL0003927,P0037,WH006,2026-05-21,29,1839.84,53355.36
SAL0003928,P0138,WH003,2026-08-01,46,14687.9,675643.4
SAL0003929,P0031,WH003,2025-09-02,73,3886.37,283705.01
SAL0003930,P0099,WH004,2026-02-16,78,12570.46,980495.88
SAL0003931,P0035,WH003,2025-09-02,53,12109.87,641823.11
SAL0003932,P0111,WH002,2025-08-06,25,10269.05,256726.25
SAL0003933,P0068,WH006,2026-06-18,53,7651.09,405507.77
SAL0003934,P0117,WH006,2026-04-17,29,10971.0,318159.0
SAL0003935,P0126,WH004,2026-05-10,6,16061.16,96366.96
SAL0003936,P0006,WH007,2026-04-07,76,5888.41,447519.16
SAL0003937,P0119,WH001,2026-04-19,38,15091.44,573474.72
SAL0003938,P0030,WH003,2026-02-13,3,11747.59,35242.77
SAL0003939,P0069,WH002,2026-02-23,35,4228.28,147989.8
SAL0003940,P0108,WH007,2026-02-11,55,9691.84,533051.2
SAL0003941,P0035,WH004,2025-09-18,47,12109.87,569163.89
SAL0003942,P0103,WH007,2025-09-24,33,12534.03,413622.99
SAL0003943,P0044,WH004,2026-02-18,3,11696.79,35090.37
SAL0003944,P0143,WH001,2025-09-09,69,13992.71,965496.99
SAL0003945,P0029,WH005,2026-05-09,59,5999.79,353987.61
SAL0003946,P0006,WH008,2026-06-03,78,5888.41,459295.98
SAL0003947,P0027,WH003,2026-01-21,18,9782.53,176085.54
SAL0003948,P0028,WH002,2026-07-23,77,5125.77,394684.29
SAL0003949,P0133,WH004,2025-12-14,66,10911.61,720166.26
SAL0003950,P0056,WH007,2025-09-27,25,189.21,4730.25
SAL0003951,P0112,WH003,2026-02-17,20,7497.58,149951.6
SAL0003952,P0054,WH007,2026-06-05,71,11936.62,847500.02
SAL0003953,P0080,WH002,2025-08-12,75,12953.94,971545.5
SAL0003954,P0105,WH006,2025-08-04,69,1294.66,89331.54
SAL0003955,P0018,WH006,2026-05-05,29,1249.34,36230.86
SAL0003956,P0043,WH008,2025-09-15,18,15848.89,285280.02
SAL0003957,P0089,WH008,2026-04-25,72,7891.09,568158.48
SAL0003958,P0074,WH002,2026-08-02,27,10068.76,271856.52
SAL0003959,P0010,WH008,2026-01-17,42,12927.18,542941.56
SAL0003960,P0134,WH006,2025-12-01,66,4427.4,292208.4
SAL0003961,P0089,WH004,2025-10-19,26,7891.09,205168.34
SAL0003962,P0132,WH003,2026-08-06,23,17778.84,408913.32
SAL0003963,P0034,WH002,2026-03-31,5,12148.61,60743.05
SAL0003964,P0083,WH004,2026-05-27,11,2819.78,31017.58
SAL0003965,P0132,WH003,2026-05-21,19,17778.84,337797.96
SAL0003966,P0098,WH003,2026-02-25,12,8703.81,104445.72
SAL0003967,P0031,WH004,2026-01-15,2,3886.37,7772.74
SAL0003968,P0080,WH003,2026-06-22,43,12953.94,557019.42
SAL0003969,P0060,WH005,2026-05-25,22,5035.5,110781.0
SAL0003970,P0002,WH002,2025-09-28,26,1611.45,41897.7
SAL0003971,P0036,WH002,2025-09-23,33,11599.04,382768.32
SAL0003972,P0125,WH003,2026-04-08,24,13379.19,321100.56
SAL0003973,P0103,WH004,2025-11-01,69,12534.03,864848.07
SAL0003974,P0116,WH001,2026-02-03,21,9441.89,198279.69
SAL0003975,P0101,WH008,2026-02-10,46,7703.08,354341.68
SAL0003976,P0046,WH006,2026-07-29,18,4393.97,79091.46
SAL0003977,P0080,WH003,2026-07-03,5,12953.94,64769.7
SAL0003978,P0107,WH001,2025-12-06,8,6158.26,49266.08
SAL0003979,P0044,WH003,2025-10-20,57,11696.79,666717.03
SAL0003980,P0147,WH001,2026-06-27,5,826.55,4132.75
SAL0003981,P0049,WH003,2025-09-21,13,8075.59,104982.67
SAL0003982,P0088,WH004,2025-09-20,66,673.42,44445.72
SAL0003983,P0058,WH006,2026-04-14,37,5550.94,205384.78
SAL0003984,P0091,WH007,2025-08-19,29,10637.54,308488.66
SAL0003985,P0135,WH007,2025-10-18,69,13819.48,953544.12
SAL0003986,P0094,WH001,2026-07-10,32,4499.9,143996.8
SAL0003987,P0078,WH008,2025-11-19,48,9150.16,439207.68
SAL0003988,P0122,WH008,2026-06-09,2,17772.54,35545.08
SAL0003989,P0143,WH005,2026-08-02,69,13992.71,965496.99
SAL0003990,P0076,WH004,2026-03-29,51,9723.65,495906.15
SAL0003991,P0053,WH006,2025-10-06,35,4950.69,173274.15
SAL0003992,P0023,WH003,2026-05-21,15,3399.02,50985.3
SAL0003993,P0077,WH001,2026-07-09,72,12721.04,915914.88
SAL0003994,P0073,WH008,2026-06-22,65,1439.34,93557.1
SAL0003995,P0088,WH006,2025-09-12,38,673.42,25589.96
SAL0003996,P0103,WH002,2026-08-08,17,12534.03,213078.51
SAL0003997,P0094,WH008,2026-04-29,45,4499.9,202495.5
SAL0003998,P0060,WH004,2026-01-24,1,5035.5,5035.5
SAL0003999,P0010,WH001,2025-09-25,3,12927.18,38781.54
SAL0004000,P0102,WH004,2026-01-01,70,11449.48,801463.6
SAL0004001,P0058,WH001,2025-10-15,52,5550.94,288648.88
SAL0004002,P0143,WH007,2026-05-31,53,13992.71,741613.63
SAL0004003,P0009,WH002,2026-01-25,3,13538.59,40615.77
SAL0004004,P0013,WH005,2025-11-23,47,5230.23,245820.81
SAL0004005,P0137,WH002,2025-11-17,75,410.1,30757.5
SAL0004006,P0131,WH003,2025-10-07,6,332.15,1992.9
SAL0004007,P0073,WH004,2025-12-16,46,1439.34,66209.64
SAL0004008,P0116,WH005,2026-04-29,61,9441.89,575955.29
SAL0004009,P0125,WH004,2025-11-02,43,13379.19,575305.17
SAL0004010,P0111,WH006,2026-05-29,56,10269.05,575066.8
SAL0004011,P0071,WH001,2026-01-11,70,10220.28,715419.6
SAL0004012,P0089,WH003,2026-06-02,20,7891.09,157821.8
SAL0004013,P0020,WH003,2025-09-07,47,13830.77,650046.19
SAL0004014,P0081,WH004,2026-05-05,54,2089.55,112835.7
SAL0004015,P0090,WH007,2026-06-19,41,12387.89,507903.49
SAL0004016,P0019,WH003,2025-08-11,75,11648.11,873608.25
SAL0004017,P0112,WH008,2025-09-20,66,7497.58,494840.28
SAL0004018,P0131,WH004,2026-04-24,31,332.15,10296.65
SAL0004019,P0107,WH001,2025-10-06,64,6158.26,394128.64
SAL0004020,P0121,WH001,2026-04-22,58,5450.85,316149.3
SAL0004021,P0092,WH004,2025-10-26,55,11125.06,611878.3
SAL0004022,P0147,WH002,2025-12-02,46,826.55,38021.3
SAL0004023,P0080,WH002,2025-09-14,24,12953.94,310894.56
SAL0004024,P0031,WH001,2026-03-21,77,3886.37,299250.49
SAL0004025,P0053,WH005,2026-08-06,37,4950.69,183175.53
SAL0004026,P0113,WH008,2025-11-29,41,8027.64,329133.24
SAL0004027,P0034,WH002,2026-04-03,25,12148.61,303715.25
SAL0004028,P0031,WH004,2025-11-09,29,3886.37,112704.73
SAL0004029,P0139,WH001,2025-08-19,31,16335.66,506405.46
SAL0004030,P0006,WH003,2026-06-02,2,5888.41,11776.82
SAL0004031,P0027,WH003,2026-02-23,12,9782.53,117390.36
SAL0004032,P0007,WH007,2026-02-26,5,542.22,2711.1
SAL0004033,P0049,WH008,2026-08-13,61,8075.59,492610.99
SAL0004034,P0096,WH002,2025-08-28,56,13787.01,772072.56
SAL0004035,P0060,WH005,2025-08-25,78,5035.5,392769.0
SAL0004036,P0033,WH006,2026-06-15,71,14261.13,1012540.23
SAL0004037,P0047,WH002,2025-10-20,37,12742.54,471473.98
SAL0004038,P0119,WH005,2025-12-10,36,15091.44,543291.84
SAL0004039,P0027,WH002,2026-08-05,74,9782.53,723907.22
SAL0004040,P0022,WH003,2025-11-15,29,12421.92,360235.68
SAL0004041,P0047,WH005,2025-08-11,38,12742.54,484216.52
SAL0004042,P0093,WH003,2026-05-22,41,14803.06,606925.46
SAL0004043,P0002,WH008,2026-06-08,33,1611.45,53177.85
SAL0004044,P0143,WH007,2026-01-18,13,13992.71,181905.23
SAL0004045,P0047,WH004,2026-04-14,6,12742.54,76455.24
SAL0004046,P0027,WH004,2025-08-25,66,9782.53,645646.98
SAL0004047,P0027,WH001,2025-11-04,8,9782.53,78260.24
SAL0004048,P0141,WH003,2026-03-19,64,3336.79,213554.56
SAL0004049,P0145,WH003,2026-04-09,9,10988.78,98899.02
SAL0004050,P0075,WH007,2026-01-08,23,11640.25,267725.75
SAL0004051,P0010,WH001,2026-05-31,71,12927.18,917829.78
SAL0004052,P0121,WH008,2026-08-09,21,5450.85,114467.85
SAL0004053,P0033,WH004,2026-03-28,1,14261.13,14261.13
SAL0004054,P0126,WH004,2025-12-10,46,16061.16,738813.36
SAL0004055,P0008,WH005,2025-10-18,62,13511.51,837713.62
SAL0004056,P0135,WH005,2026-03-01,2,13819.48,27638.96
SAL0004057,P0071,WH006,2026-03-19,75,10220.28,766521.0
SAL0004058,P0135,WH007,2026-05-14,44,13819.48,608057.12
SAL0004059,P0041,WH004,2025-12-29,5,9233.93,46169.65
SAL0004060,P0118,WH006,2026-01-09,39,9694.84,378098.76
SAL0004061,P0055,WH002,2026-02-27,66,14208.97,937792.02
SAL0004062,P0007,WH003,2026-06-21,45,542.22,24399.9
SAL0004063,P0084,WH005,2025-12-16,75,383.71,28778.25
SAL0004064,P0146,WH002,2025-09-23,13,12971.8,168633.4
SAL0004065,P0078,WH005,2026-04-13,32,9150.16,292805.12
SAL0004066,P0053,WH001,2026-03-29,43,4950.69,212879.67
SAL0004067,P0014,WH003,2026-02-18,8,9958.36,79666.88
SAL0004068,P0149,WH006,2026-08-12,74,2329.78,172403.72
SAL0004069,P0113,WH008,2026-03-03,59,8027.64,473630.76
SAL0004070,P0057,WH006,2025-12-15,11,1071.29,11784.19
SAL0004071,P0091,WH008,2025-10-05,28,10637.54,297851.12
SAL0004072,P0046,WH008,2026-02-12,39,4393.97,171364.83
SAL0004073,P0091,WH005,2025-12-26,26,10637.54,276576.04
SAL0004074,P0133,WH004,2026-05-21,72,10911.61,785635.92
SAL0004075,P0102,WH007,2025-10-31,26,11449.48,297686.48
SAL0004076,P0106,WH006,2025-09-18,32,12961.82,414778.24
SAL0004077,P0128,WH001,2025-11-06,46,14193.47,652899.62
SAL0004078,P0032,WH001,2025-12-17,28,4077.66,114174.48
SAL0004079,P0006,WH004,2025-11-27,7,5888.41,41218.87
SAL0004080,P0074,WH001,2025-08-07,35,10068.76,352406.6
SAL0004081,P0135,WH007,2025-08-20,66,13819.48,912085.68
SAL0004082,P0029,WH003,2025-09-03,22,5999.79,131995.38
SAL0004083,P0034,WH005,2026-07-26,22,12148.61,267269.42
SAL0004084,P0007,WH001,2026-05-13,3,542.22,1626.66
SAL0004085,P0081,WH003,2026-04-12,46,2089.55,96119.3
SAL0004086,P0077,WH004,2026-06-02,50,12721.04,636052.0
SAL0004087,P0058,WH005,2026-05-03,8,5550.94,44407.52
SAL0004088,P0085,WH004,2026-06-07,4,1427.09,5708.36
SAL0004089,P0073,WH005,2025-08-18,15,1439.34,21590.1
SAL0004090,P0045,WH007,2026-05-03,44,7353.86,323569.84
SAL0004091,P0047,WH001,2025-11-10,39,12742.54,496959.06
SAL0004092,P0077,WH001,2026-07-25,76,12721.04,966799.04
SAL0004093,P0073,WH005,2025-11-05,29,1439.34,41740.86
SAL0004094,P0116,WH003,2026-08-08,73,9441.89,689257.97
SAL0004095,P0030,WH003,2026-04-25,62,11747.59,728350.58
SAL0004096,P0071,WH003,2026-01-14,34,10220.28,347489.52
SAL0004097,P0145,WH002,2026-05-27,26,10988.78,285708.28
SAL0004098,P0103,WH006,2026-02-12,18,12534.03,225612.54
SAL0004099,P0133,WH006,2025-12-10,63,10911.61,687431.43
SAL0004100,P0104,WH006,2025-11-17,52,13530.23,703571.96
SAL0004101,P0122,WH003,2025-09-02,54,17772.54,959717.16
SAL0004102,P0129,WH001,2026-07-17,42,5306.75,222883.5
SAL0004103,P0031,WH007,2026-03-07,54,3886.37,209863.98
SAL0004104,P0109,WH002,2025-08-09,52,6650.85,345844.2
SAL0004105,P0072,WH008,2026-05-09,13,2337.16,30383.08
SAL0004106,P0127,WH008,2026-06-05,32,600.7,19222.4
SAL0004107,P0085,WH003,2026-08-07,66,1427.09,94187.94
SAL0004108,P0015,WH001,2026-03-30,58,4962.3,287813.4
SAL0004109,P0056,WH002,2025-09-14,39,189.21,7379.19
SAL0004110,P0027,WH001,2026-06-06,27,9782.53,264128.31
SAL0004111,P0002,WH005,2026-04-30,78,1611.45,125693.1
SAL0004112,P0074,WH001,2026-05-13,54,10068.76,543713.04
SAL0004113,P0064,WH002,2026-04-29,79,6359.37,502390.23
SAL0004114,P0005,WH003,2025-11-21,72,8142.68,586272.96
SAL0004115,P0091,WH006,2025-11-12,73,10637.54,776540.42
SAL0004116,P0068,WH002,2026-06-13,43,7651.09,328996.87
SAL0004117,P0141,WH003,2026-03-06,52,3336.79,173513.08
SAL0004118,P0081,WH003,2026-05-09,14,2089.55,29253.7
SAL0004119,P0085,WH007,2026-03-02,8,1427.09,11416.72
SAL0004120,P0023,WH004,2026-06-17,35,3399.02,118965.7
SAL0004121,P0097,WH008,2026-07-26,18,1350.79,24314.22
SAL0004122,P0124,WH007,2026-06-04,55,3098.15,170398.25
SAL0004123,P0037,WH005,2026-04-19,78,1839.84,143507.52
SAL0004124,P0030,WH004,2026-07-30,52,11747.59,610874.68
SAL0004125,P0117,WH006,2026-06-03,72,10971.0,789912.0
SAL0004126,P0009,WH002,2026-02-27,49,13538.59,663390.91
SAL0004127,P0132,WH004,2025-08-15,8,17778.84,142230.72
SAL0004128,P0066,WH006,2026-06-30,37,4517.29,167139.73
SAL0004129,P0120,WH003,2026-08-03,66,4392.45,289901.7
SAL0004130,P0124,WH002,2026-02-02,77,3098.15,238557.55
SAL0004131,P0044,WH004,2026-06-13,78,11696.79,912349.62
SAL0004132,P0109,WH001,2025-09-02,41,6650.85,272684.85
SAL0004133,P0037,WH006,2025-09-02,73,1839.84,134308.32
SAL0004134,P0067,WH006,2026-05-29,27,486.56,13137.12
SAL0004135,P0060,WH005,2026-07-15,20,5035.5,100710.0
SAL0004136,P0036,WH008,2025-10-16,38,11599.04,440763.52
SAL0004137,P0049,WH001,2025-12-11,12,8075.59,96907.08
SAL0004138,P0107,WH002,2026-01-04,42,6158.26,258646.92
SAL0004139,P0008,WH004,2026-06-29,50,13511.51,675575.5
SAL0004140,P0041,WH003,2026-04-24,31,9233.93,286251.83
SAL0004141,P0101,WH004,2026-04-29,77,7703.08,593137.16
SAL0004142,P0113,WH008,2026-03-18,65,8027.64,521796.6
SAL0004143,P0109,WH007,2026-05-20,53,6650.85,352495.05
SAL0004144,P0086,WH008,2025-08-13,40,6177.93,247117.2
SAL0004145,P0078,WH002,2026-07-26,73,9150.16,667961.68
SAL0004146,P0055,WH002,2026-06-08,39,14208.97,554149.83
SAL0004147,P0110,WH002,2026-06-29,10,8117.34,81173.4
SAL0004148,P0146,WH002,2026-08-06,29,12971.8,376182.2
SAL0004149,P0065,WH007,2026-04-23,40,8713.96,348558.4
SAL0004150,P0064,WH006,2026-05-28,30,6359.37,190781.1
SAL0004151,P0140,WH004,2025-10-03,2,9565.42,19130.84
SAL0004152,P0118,WH001,2025-12-22,28,9694.84,271455.52
SAL0004153,P0042,WH003,2026-06-26,47,10059.55,472798.85
SAL0004154,P0117,WH003,2025-12-31,32,10971.0,351072.0
SAL0004155,P0050,WH005,2026-05-15,78,4526.14,353038.92
SAL0004156,P0048,WH006,2025-12-16,32,5653.52,180912.64
SAL0004157,P0073,WH002,2025-09-12,27,1439.34,38862.18
SAL0004158,P0136,WH008,2026-03-23,54,9626.15,519812.1
SAL0004159,P0135,WH002,2025-08-16,56,13819.48,773890.88
SAL0004160,P0106,WH002,2025-12-30,31,12961.82,401816.42
SAL0004161,P0008,WH008,2026-02-17,24,13511.51,324276.24
SAL0004162,P0110,WH006,2025-09-28,35,8117.34,284106.9
SAL0004163,P0031,WH001,2025-10-24,30,3886.37,116591.1
SAL0004164,P0012,WH002,2025-10-27,55,14129.48,777121.4
SAL0004165,P0127,WH005,2026-01-19,64,600.7,38444.8
SAL0004166,P0057,WH005,2026-02-03,33,1071.29,35352.57
SAL0004167,P0140,WH001,2025-09-24,46,9565.42,440009.32
SAL0004168,P0027,WH006,2026-05-05,33,9782.53,322823.49
SAL0004169,P0046,WH002,2026-02-28,68,4393.97,298789.96
SAL0004170,P0135,WH007,2026-03-24,64,13819.48,884446.72
SAL0004171,P0061,WH004,2025-10-03,30,685.7,20571.0
SAL0004172,P0058,WH004,2025-10-17,79,5550.94,438524.26
SAL0004173,P0013,WH003,2026-01-11,29,5230.23,151676.67
SAL0004174,P0100,WH001,2025-10-15,62,937.89,58149.18
SAL0004175,P0049,WH004,2025-12-02,30,8075.59,242267.7
SAL0004176,P0035,WH003,2025-08-20,12,12109.87,145318.44
SAL0004177,P0094,WH005,2025-10-01,67,4499.9,301493.3
SAL0004178,P0095,WH003,2025-11-17,15,16693.57,250403.55
SAL0004179,P0145,WH002,2026-04-18,10,10988.78,109887.8
SAL0004180,P0072,WH002,2026-08-14,61,2337.16,142566.76
SAL0004181,P0123,WH005,2026-05-07,23,5568.28,128070.44
SAL0004182,P0010,WH001,2026-02-03,11,12927.18,142198.98
SAL0004183,P0004,WH006,2026-07-03,16,1797.79,28764.64
SAL0004184,P0125,WH008,2025-12-17,49,13379.19,655580.31
SAL0004185,P0029,WH008,2025-08-08,14,5999.79,83997.06
SAL0004186,P0046,WH002,2026-07-05,6,4393.97,26363.82
SAL0004187,P0077,WH008,2025-08-27,42,12721.04,534283.68
SAL0004188,P0059,WH002,2026-01-15,17,11103.0,188751.0
SAL0004189,P0066,WH003,2025-09-22,42,4517.29,189726.18
SAL0004190,P0107,WH003,2025-11-24,10,6158.26,61582.6
SAL0004191,P0086,WH003,2025-12-06,46,6177.93,284184.78
SAL0004192,P0133,WH004,2026-02-25,49,10911.61,534668.89
SAL0004193,P0009,WH007,2026-06-06,9,13538.59,121847.31
SAL0004194,P0020,WH005,2025-11-01,79,13830.77,1092630.83
SAL0004195,P0149,WH001,2025-11-29,39,2329.78,90861.42
SAL0004196,P0127,WH003,2026-01-14,2,600.7,1201.4
SAL0004197,P0017,WH001,2025-09-17,68,12869.16,875102.88
SAL0004198,P0012,WH007,2025-08-08,52,14129.48,734732.96
SAL0004199,P0082,WH003,2026-03-13,11,11631.72,127948.92
SAL0004200,P0067,WH002,2026-05-26,37,486.56,18002.72
SAL0004201,P0133,WH007,2026-04-30,72,10911.61,785635.92
SAL0004202,P0053,WH001,2026-03-19,22,4950.69,108915.18
SAL0004203,P0147,WH004,2026-04-12,52,826.55,42980.6
SAL0004204,P0145,WH003,2025-12-23,5,10988.78,54943.9
SAL0004205,P0054,WH006,2025-09-04,2,11936.62,23873.24
SAL0004206,P0068,WH005,2026-01-11,5,7651.09,38255.45
SAL0004207,P0035,WH002,2025-12-26,32,12109.87,387515.84
SAL0004208,P0088,WH007,2025-10-06,19,673.42,12794.98
SAL0004209,P0141,WH007,2026-05-03,4,3336.79,13347.16
SAL0004210,P0015,WH003,2025-11-28,46,4962.3,228265.8
SAL0004211,P0015,WH007,2026-01-03,26,4962.3,129019.8
SAL0004212,P0031,WH001,2026-05-12,50,3886.37,194318.5
SAL0004213,P0107,WH008,2025-09-12,26,6158.26,160114.76
SAL0004214,P0010,WH003,2026-01-27,71,12927.18,917829.78
SAL0004215,P0057,WH002,2025-10-18,32,1071.29,34281.28
SAL0004216,P0007,WH005,2025-12-08,44,542.22,23857.68
SAL0004217,P0133,WH005,2026-08-15,26,10911.61,283701.86
SAL0004218,P0125,WH005,2025-11-25,61,13379.19,816130.59
SAL0004219,P0119,WH006,2026-02-01,51,15091.44,769663.44
SAL0004220,P0080,WH008,2025-10-13,59,12953.94,764282.46
SAL0004221,P0124,WH002,2025-09-15,38,3098.15,117729.7
SAL0004222,P0057,WH006,2025-12-25,26,1071.29,27853.54
SAL0004223,P0072,WH006,2026-02-03,45,2337.16,105172.2
SAL0004224,P0028,WH007,2026-02-10,31,5125.77,158898.87
SAL0004225,P0036,WH003,2026-02-09,70,11599.04,811932.8
SAL0004226,P0056,WH002,2025-12-03,45,189.21,8514.45
SAL0004227,P0116,WH002,2026-02-15,31,9441.89,292698.59
SAL0004228,P0059,WH007,2026-08-09,61,11103.0,677283.0
SAL0004229,P0123,WH003,2026-02-21,48,5568.28,267277.44
SAL0004230,P0066,WH004,2026-05-17,45,4517.29,203278.05
SAL0004231,P0009,WH006,2025-11-05,60,13538.59,812315.4
SAL0004232,P0134,WH005,2025-10-28,61,4427.4,270071.4
SAL0004233,P0119,WH008,2025-12-28,52,15091.44,784754.88
SAL0004234,P0122,WH001,2026-04-03,52,17772.54,924172.08
SAL0004235,P0065,WH008,2025-09-25,76,8713.96,662260.96
SAL0004236,P0131,WH006,2025-08-18,62,332.15,20593.3
SAL0004237,P0127,WH001,2025-10-12,26,600.7,15618.2
SAL0004238,P0087,WH003,2025-09-15,67,12269.88,822081.96
SAL0004239,P0033,WH008,2025-09-17,79,14261.13,1126629.27
SAL0004240,P0137,WH001,2026-01-10,49,410.1,20094.9
SAL0004241,P0053,WH004,2025-10-24,44,4950.69,217830.36
SAL0004242,P0092,WH002,2026-03-08,36,11125.06,400502.16
SAL0004243,P0051,WH005,2026-03-23,53,7869.03,417058.59
SAL0004244,P0071,WH001,2026-06-18,44,10220.28,449692.32
SAL0004245,P0144,WH001,2025-09-21,22,13859.79,304915.38
SAL0004246,P0040,WH008,2026-01-28,2,3922.35,7844.7
SAL0004247,P0039,WH003,2025-12-15,7,10521.02,73647.14
SAL0004248,P0121,WH003,2025-09-10,16,5450.85,87213.6
SAL0004249,P0085,WH007,2025-08-29,44,1427.09,62791.96
SAL0004250,P0137,WH002,2026-04-11,65,410.1,26656.5
SAL0004251,P0037,WH005,2025-08-19,73,1839.84,134308.32
SAL0004252,P0087,WH007,2026-01-08,71,12269.88,871161.48
SAL0004253,P0129,WH007,2026-03-03,69,5306.75,366165.75
SAL0004254,P0063,WH001,2025-12-26,61,9321.2,568593.2
SAL0004255,P0043,WH002,2026-03-30,30,15848.89,475466.7
SAL0004256,P0100,WH008,2025-12-08,42,937.89,39391.38
SAL0004257,P0105,WH008,2025-11-26,74,1294.66,95804.84
SAL0004258,P0008,WH008,2026-07-02,25,13511.51,337787.75
SAL0004259,P0049,WH005,2025-12-20,71,8075.59,573366.89
SAL0004260,P0096,WH002,2026-01-14,57,13787.01,785859.57
SAL0004261,P0123,WH001,2026-07-29,32,5568.28,178184.96
SAL0004262,P0047,WH008,2026-08-14,50,12742.54,637127.0
SAL0004263,P0025,WH003,2026-04-19,75,7089.85,531738.75
SAL0004264,P0131,WH003,2025-09-02,10,332.15,3321.5
SAL0004265,P0114,WH003,2025-10-23,22,17232.19,379108.18
SAL0004266,P0099,WH004,2025-10-03,41,12570.46,515388.86
SAL0004267,P0096,WH002,2026-05-11,47,13787.01,647989.47
SAL0004268,P0034,WH008,2025-09-24,14,12148.61,170080.54
SAL0004269,P0109,WH001,2025-08-22,3,6650.85,19952.55
SAL0004270,P0092,WH002,2025-10-13,78,11125.06,867754.68
SAL0004271,P0008,WH003,2026-08-07,53,13511.51,716110.03
SAL0004272,P0063,WH006,2025-09-30,16,9321.2,149139.2
SAL0004273,P0082,WH006,2026-01-15,61,11631.72,709534.92
SAL0004274,P0025,WH008,2026-05-04,28,7089.85,198515.8
SAL0004275,P0129,WH002,2026-05-03,35,5306.75,185736.25
SAL0004276,P0008,WH008,2026-02-17,2,13511.51,27023.02
SAL0004277,P0124,WH005,2026-01-30,61,3098.15,188987.15
SAL0004278,P0149,WH006,2026-02-17,56,2329.78,130467.68
SAL0004279,P0098,WH006,2026-06-15,55,8703.81,478709.55
SAL0004280,P0101,WH002,2026-02-24,18,7703.08,138655.44
SAL0004281,P0111,WH007,2026-01-25,71,10269.05,729102.55
SAL0004282,P0003,WH004,2026-02-19,49,10805.71,529479.79
SAL0004283,P0135,WH004,2026-07-03,42,13819.48,580418.16
SAL0004284,P0100,WH003,2026-02-16,7,937.89,6565.23
SAL0004285,P0011,WH008,2026-06-03,4,12266.95,49067.8
SAL0004286,P0059,WH001,2026-07-16,43,11103.0,477429.0
SAL0004287,P0140,WH007,2026-08-11,59,9565.42,564359.78
SAL0004288,P0079,WH008,2025-11-05,49,8567.49,419807.01
SAL0004289,P0038,WH005,2026-01-26,60,3005.11,180306.6
SAL0004290,P0122,WH008,2026-01-09,6,17772.54,106635.24
SAL0004291,P0065,WH007,2026-07-30,20,8713.96,174279.2
SAL0004292,P0146,WH008,2026-01-15,31,12971.8,402125.8
SAL0004293,P0046,WH001,2026-04-27,22,4393.97,96667.34
SAL0004294,P0125,WH001,2026-05-24,32,13379.19,428134.08
SAL0004295,P0056,WH005,2026-03-13,47,189.21,8892.87
SAL0004296,P0007,WH004,2025-11-24,34,542.22,18435.48
SAL0004297,P0105,WH007,2025-12-28,27,1294.66,34955.82
SAL0004298,P0040,WH008,2026-06-08,44,3922.35,172583.4
SAL0004299,P0097,WH006,2025-08-10,30,1350.79,40523.7
SAL0004300,P0052,WH003,2025-09-21,33,1381.73,45597.09
SAL0004301,P0031,WH002,2026-06-29,27,3886.37,104931.99
SAL0004302,P0007,WH004,2025-08-16,56,542.22,30364.32
SAL0004303,P0144,WH003,2026-01-30,23,13859.79,318775.17
SAL0004304,P0150,WH006,2026-04-06,43,11200.18,481607.74
SAL0004305,P0091,WH004,2026-04-29,54,10637.54,574427.16
SAL0004306,P0017,WH007,2025-10-18,68,12869.16,875102.88
SAL0004307,P0125,WH005,2025-10-11,53,13379.19,709097.07
SAL0004308,P0004,WH001,2025-08-17,40,1797.79,71911.6
SAL0004309,P0122,WH005,2026-05-13,60,17772.54,1066352.4
SAL0004310,P0099,WH006,2025-10-08,9,12570.46,113134.14
SAL0004311,P0143,WH002,2026-07-24,10,13992.71,139927.1
SAL0004312,P0061,WH008,2025-10-27,10,685.7,6857.0
SAL0004313,P0021,WH005,2026-05-12,30,7447.62,223428.6
SAL0004314,P0077,WH006,2026-07-02,10,12721.04,127210.4
SAL0004315,P0047,WH001,2026-03-05,58,12742.54,739067.32
SAL0004316,P0075,WH004,2025-10-04,36,11640.25,419049.0
SAL0004317,P0049,WH003,2025-10-19,44,8075.59,355325.96
SAL0004318,P0027,WH006,2026-08-11,57,9782.53,557604.21
SAL0004319,P0031,WH006,2026-05-06,43,3886.37,167113.91
SAL0004320,P0032,WH007,2026-04-26,23,4077.66,93786.18
SAL0004321,P0018,WH002,2026-04-05,4,1249.34,4997.36
SAL0004322,P0125,WH004,2025-10-10,12,13379.19,160550.28
SAL0004323,P0063,WH006,2026-02-16,49,9321.2,456738.8
SAL0004324,P0128,WH006,2025-08-09,24,14193.47,340643.28
SAL0004325,P0016,WH003,2025-12-15,13,3864.55,50239.15
SAL0004326,P0137,WH008,2026-05-17,68,410.1,27886.8
SAL0004327,P0062,WH001,2025-08-03,72,4668.52,336133.44
SAL0004328,P0039,WH005,2026-05-27,34,10521.02,357714.68
SAL0004329,P0115,WH007,2025-10-03,9,7832.13,70489.17
SAL0004330,P0138,WH004,2026-07-03,10,14687.9,146879.0
SAL0004331,P0140,WH003,2026-01-13,65,9565.42,621752.3
SAL0004332,P0072,WH003,2026-01-29,72,2337.16,168275.52
SAL0004333,P0062,WH005,2026-06-14,74,4668.52,345470.48
SAL0004334,P0131,WH004,2026-08-17,54,332.15,17936.1
SAL0004335,P0083,WH004,2025-10-13,43,2819.78,121250.54
SAL0004336,P0123,WH007,2026-02-25,59,5568.28,328528.52
SAL0004337,P0139,WH001,2025-10-29,59,16335.66,963803.94
SAL0004338,P0136,WH004,2026-07-31,67,9626.15,644952.05
SAL0004339,P0109,WH007,2025-12-17,61,6650.85,405701.85
SAL0004340,P0122,WH006,2025-10-03,38,17772.54,675356.52
SAL0004341,P0119,WH005,2025-10-20,8,15091.44,120731.52
SAL0004342,P0138,WH004,2026-01-03,65,14687.9,954713.5
SAL0004343,P0018,WH008,2026-07-04,5,1249.34,6246.7
SAL0004344,P0076,WH008,2026-08-01,43,9723.65,418116.95
SAL0004345,P0011,WH001,2026-06-26,60,12266.95,736017.0
SAL0004346,P0138,WH003,2026-04-16,26,14687.9,381885.4
SAL0004347,P0131,WH006,2025-08-11,11,332.15,3653.65
SAL0004348,P0062,WH004,2026-01-02,34,4668.52,158729.68
SAL0004349,P0071,WH005,2025-09-01,2,10220.28,20440.56
SAL0004350,P0061,WH004,2026-03-15,21,685.7,14399.7
SAL0004351,P0132,WH007,2025-11-03,26,17778.84,462249.84
SAL0004352,P0061,WH002,2025-11-04,76,685.7,52113.2
SAL0004353,P0136,WH008,2025-08-17,73,9626.15,702708.95
SAL0004354,P0102,WH001,2026-07-20,5,11449.48,57247.4
SAL0004355,P0013,WH003,2025-12-14,9,5230.23,47072.07
SAL0004356,P0012,WH002,2025-10-10,50,14129.48,706474.0
SAL0004357,P0035,WH005,2026-04-29,10,12109.87,121098.7
SAL0004358,P0051,WH004,2026-04-28,58,7869.03,456403.74
SAL0004359,P0043,WH001,2026-07-14,10,15848.89,158488.9
SAL0004360,P0111,WH006,2026-07-09,78,10269.05,800985.9
SAL0004361,P0066,WH007,2025-08-12,36,4517.29,162622.44
SAL0004362,P0015,WH007,2025-10-09,74,4962.3,367210.2
SAL0004363,P0039,WH004,2026-05-14,56,10521.02,589177.12
SAL0004364,P0026,WH008,2026-02-26,62,3320.79,205888.98
SAL0004365,P0112,WH004,2026-02-27,37,7497.58,277410.46
SAL0004366,P0051,WH004,2025-12-02,41,7869.03,322630.23
SAL0004367,P0111,WH006,2025-10-08,48,10269.05,492914.4
SAL0004368,P0132,WH004,2026-02-13,22,17778.84,391134.48
SAL0004369,P0098,WH001,2026-01-22,61,8703.81,530932.41
SAL0004370,P0119,WH006,2026-03-16,75,15091.44,1131858.0
SAL0004371,P0056,WH006,2026-02-15,48,189.21,9082.08
SAL0004372,P0069,WH008,2025-11-06,64,4228.28,270609.92
SAL0004373,P0146,WH002,2025-08-25,37,12971.8,479956.6
SAL0004374,P0004,WH005,2026-08-11,41,1797.79,73709.39
SAL0004375,P0129,WH006,2025-10-29,5,5306.75,26533.75
SAL0004376,P0050,WH002,2025-09-19,77,4526.14,348512.78
SAL0004377,P0084,WH001,2026-06-24,52,383.71,19952.92
SAL0004378,P0070,WH005,2025-09-13,17,13711.66,233098.22
SAL0004379,P0148,WH006,2026-05-03,62,3215.0,199330.0
SAL0004380,P0020,WH003,2026-07-14,52,13830.77,719200.04
SAL0004381,P0027,WH002,2026-08-10,20,9782.53,195650.6
SAL0004382,P0026,WH001,2025-08-08,16,3320.79,53132.64
SAL0004383,P0010,WH001,2026-01-17,7,12927.18,90490.26
SAL0004384,P0082,WH001,2026-02-15,66,11631.72,767693.52
SAL0004385,P0105,WH007,2026-07-05,12,1294.66,15535.92
SAL0004386,P0140,WH005,2026-03-13,43,9565.42,411313.06
SAL0004387,P0088,WH008,2025-10-24,40,673.42,26936.8
SAL0004388,P0024,WH004,2026-03-17,1,10854.56,10854.56
SAL0004389,P0117,WH003,2026-08-10,58,10971.0,636318.0
SAL0004390,P0046,WH005,2025-12-20,3,4393.97,13181.91
SAL0004391,P0136,WH005,2026-05-23,8,9626.15,77009.2
SAL0004392,P0055,WH008,2026-02-28,75,14208.97,1065672.75
SAL0004393,P0078,WH008,2025-09-12,61,9150.16,558159.76
SAL0004394,P0088,WH006,2026-01-08,5,673.42,3367.1
SAL0004395,P0016,WH007,2025-12-28,26,3864.55,100478.3
SAL0004396,P0148,WH002,2026-06-27,73,3215.0,234695.0
SAL0004397,P0038,WH003,2025-10-01,17,3005.11,51086.87
SAL0004398,P0111,WH001,2025-09-24,66,10269.05,677757.3
SAL0004399,P0015,WH005,2026-05-28,51,4962.3,253077.3
SAL0004400,P0078,WH003,2025-08-06,47,9150.16,430057.52
SAL0004401,P0076,WH002,2026-07-26,40,9723.65,388946.0
SAL0004402,P0072,WH004,2025-11-07,27,2337.16,63103.32
SAL0004403,P0019,WH003,2026-02-11,40,11648.11,465924.4
SAL0004404,P0120,WH007,2026-03-27,1,4392.45,4392.45
SAL0004405,P0063,WH007,2026-03-01,46,9321.2,428775.2
SAL0004406,P0105,WH001,2025-10-10,11,1294.66,14241.26
SAL0004407,P0032,WH007,2025-11-20,39,4077.66,159028.74
SAL0004408,P0110,WH005,2025-10-01,18,8117.34,146112.12
SAL0004409,P0007,WH004,2026-07-13,47,542.22,25484.34
SAL0004410,P0139,WH008,2026-03-27,74,16335.66,1208838.84
SAL0004411,P0087,WH002,2026-02-10,21,12269.88,257667.48
SAL0004412,P0031,WH001,2026-02-23,28,3886.37,108818.36
SAL0004413,P0045,WH008,2026-02-28,1,7353.86,7353.86
SAL0004414,P0056,WH004,2026-05-15,14,189.21,2648.94
SAL0004415,P0149,WH006,2026-08-01,20,2329.78,46595.6
SAL0004416,P0031,WH006,2025-10-10,73,3886.37,283705.01
SAL0004417,P0001,WH002,2026-03-13,45,11805.32,531239.4
SAL0004418,P0139,WH001,2026-01-15,61,16335.66,996475.26
SAL0004419,P0093,WH007,2026-01-07,27,14803.06,399682.62
SAL0004420,P0068,WH005,2025-10-04,56,7651.09,428461.04
SAL0004421,P0036,WH002,2025-08-16,52,11599.04,603150.08
SAL0004422,P0079,WH007,2026-06-18,68,8567.49,582589.32
SAL0004423,P0067,WH004,2026-06-02,37,486.56,18002.72
SAL0004424,P0051,WH001,2026-07-21,31,7869.03,243939.93
SAL0004425,P0130,WH006,2026-03-02,49,14491.67,710091.83
SAL0004426,P0006,WH006,2025-10-05,53,5888.41,312085.73
SAL0004427,P0054,WH003,2026-02-07,39,11936.62,465528.18
SAL0004428,P0088,WH001,2026-01-09,10,673.42,6734.2
SAL0004429,P0145,WH004,2026-04-17,9,10988.78,98899.02
SAL0004430,P0005,WH004,2026-04-16,13,8142.68,105854.84
SAL0004431,P0002,WH003,2026-01-18,18,1611.45,29006.1
SAL0004432,P0058,WH007,2025-12-19,12,5550.94,66611.28
SAL0004433,P0012,WH004,2025-08-27,72,14129.48,1017322.56
SAL0004434,P0005,WH007,2026-07-07,5,8142.68,40713.4
SAL0004435,P0106,WH007,2026-05-09,7,12961.82,90732.74
SAL0004436,P0148,WH001,2026-08-17,15,3215.0,48225.0
SAL0004437,P0129,WH007,2025-08-25,67,5306.75,355552.25
SAL0004438,P0056,WH006,2026-04-03,18,189.21,3405.78
SAL0004439,P0070,WH002,2026-04-15,38,13711.66,521043.08
SAL0004440,P0056,WH006,2025-08-01,26,189.21,4919.46
SAL0004441,P0054,WH007,2026-07-09,38,11936.62,453591.56
SAL0004442,P0139,WH008,2025-10-29,59,16335.66,963803.94
SAL0004443,P0003,WH006,2026-06-29,52,10805.71,561896.92
SAL0004444,P0095,WH001,2026-04-30,33,16693.57,550887.81
SAL0004445,P0028,WH007,2026-01-20,21,5125.77,107641.17
SAL0004446,P0111,WH008,2026-05-12,17,10269.05,174573.85
SAL0004447,P0107,WH004,2026-05-12,62,6158.26,381812.12
SAL0004448,P0120,WH003,2026-01-09,59,4392.45,259154.55
SAL0004449,P0133,WH003,2026-05-17,2,10911.61,21823.22
SAL0004450,P0124,WH005,2026-02-18,64,3098.15,198281.6
SAL0004451,P0090,WH003,2026-06-09,25,12387.89,309697.25
SAL0004452,P0016,WH003,2026-06-28,41,3864.55,158446.55
SAL0004453,P0031,WH004,2026-04-02,19,3886.37,73841.03
SAL0004454,P0028,WH002,2026-04-03,38,5125.77,194779.26
SAL0004455,P0135,WH002,2026-01-30,25,13819.48,345487.0
SAL0004456,P0137,WH004,2025-09-20,39,410.1,15993.9
SAL0004457,P0039,WH003,2025-11-27,4,10521.02,42084.08
SAL0004458,P0027,WH001,2025-12-15,3,9782.53,29347.59
SAL0004459,P0076,WH006,2025-12-26,34,9723.65,330604.1
SAL0004460,P0117,WH007,2025-11-03,10,10971.0,109710.0
SAL0004461,P0089,WH006,2025-12-10,27,7891.09,213059.43
SAL0004462,P0107,WH008,2026-02-08,1,6158.26,6158.26
SAL0004463,P0122,WH002,2026-04-27,44,17772.54,781991.76
SAL0004464,P0126,WH008,2025-10-14,52,16061.16,835180.32
SAL0004465,P0098,WH004,2026-08-11,25,8703.81,217595.25
SAL0004466,P0033,WH008,2026-06-29,74,14261.13,1055323.62
SAL0004467,P0091,WH001,2026-02-06,65,10637.54,691440.1
SAL0004468,P0120,WH003,2026-02-24,11,4392.45,48316.95
SAL0004469,P0002,WH004,2025-10-03,68,1611.45,109578.6
SAL0004470,P0142,WH008,2026-02-27,77,10972.07,844849.39
SAL0004471,P0013,WH002,2025-10-04,15,5230.23,78453.45
SAL0004472,P0024,WH007,2026-01-27,57,10854.56,618709.92
SAL0004473,P0069,WH001,2026-04-24,74,4228.28,312892.72
SAL0004474,P0034,WH001,2025-09-27,64,12148.61,777511.04
SAL0004475,P0087,WH002,2026-04-12,11,12269.88,134968.68
SAL0004476,P0019,WH001,2025-12-30,20,11648.11,232962.2
SAL0004477,P0030,WH006,2026-03-06,30,11747.59,352427.7
SAL0004478,P0049,WH007,2026-03-15,10,8075.59,80755.9
SAL0004479,P0144,WH002,2025-08-06,54,13859.79,748428.66
SAL0004480,P0114,WH006,2025-09-17,58,17232.19,999467.02
SAL0004481,P0116,WH004,2026-03-22,79,9441.89,745909.31
SAL0004482,P0139,WH005,2026-08-04,29,16335.66,473734.14
SAL0004483,P0078,WH007,2026-01-27,1,9150.16,9150.16
SAL0004484,P0035,WH003,2026-01-12,58,12109.87,702372.46
SAL0004485,P0071,WH004,2025-08-01,21,10220.28,214625.88
SAL0004486,P0108,WH006,2026-07-19,15,9691.84,145377.6
SAL0004487,P0054,WH003,2026-01-17,67,11936.62,799753.54
SAL0004488,P0023,WH003,2025-09-11,33,3399.02,112167.66
SAL0004489,P0010,WH006,2025-11-11,38,12927.18,491232.84
SAL0004490,P0061,WH006,2026-08-03,19,685.7,13028.3
SAL0004491,P0136,WH007,2025-11-17,4,9626.15,38504.6
SAL0004492,P0048,WH002,2025-11-30,76,5653.52,429667.52
SAL0004493,P0112,WH005,2026-04-13,58,7497.58,434859.64
SAL0004494,P0126,WH007,2026-02-17,70,16061.16,1124281.2
SAL0004495,P0087,WH006,2026-06-17,12,12269.88,147238.56
SAL0004496,P0026,WH003,2026-02-04,79,3320.79,262342.41
SAL0004497,P0052,WH003,2026-01-10,17,1381.73,23489.41
SAL0004498,P0006,WH004,2025-11-08,1,5888.41,5888.41
SAL0004499,P0008,WH005,2025-12-30,14,13511.51,189161.14
SAL0004500,P0017,WH005,2026-06-16,2,12869.16,25738.32
SAL0004501,P0076,WH008,2025-11-08,4,9723.65,38894.6
SAL0004502,P0034,WH008,2026-01-12,66,12148.61,801808.26
SAL0004503,P0147,WH003,2026-04-14,46,826.55,38021.3
SAL0004504,P0070,WH005,2026-05-05,50,13711.66,685583.0
SAL0004505,P0082,WH004,2026-05-28,60,11631.72,697903.2
SAL0004506,P0118,WH002,2025-12-11,52,9694.84,504131.68
SAL0004507,P0038,WH003,2025-12-13,48,3005.11,144245.28
SAL0004508,P0143,WH001,2025-09-02,39,13992.71,545715.69
SAL0004509,P0102,WH003,2026-04-26,70,11449.48,801463.6
SAL0004510,P0040,WH003,2026-06-05,60,3922.35,235341.0
SAL0004511,P0137,WH002,2026-02-04,30,410.1,12303.0
SAL0004512,P0053,WH006,2025-10-25,27,4950.69,133668.63
SAL0004513,P0118,WH008,2026-02-11,74,9694.84,717418.16
SAL0004514,P0066,WH006,2026-06-30,55,4517.29,248450.95
SAL0004515,P0080,WH001,2025-09-01,70,12953.94,906775.8
SAL0004516,P0052,WH008,2026-01-27,26,1381.73,35924.98
SAL0004517,P0129,WH001,2026-07-10,42,5306.75,222883.5
SAL0004518,P0124,WH001,2026-05-02,67,3098.15,207576.05
SAL0004519,P0112,WH008,2026-05-18,67,7497.58,502337.86
SAL0004520,P0001,WH006,2026-06-20,52,11805.32,613876.64
SAL0004521,P0016,WH007,2026-07-01,6,3864.55,23187.3
SAL0004522,P0145,WH002,2026-01-01,10,10988.78,109887.8
SAL0004523,P0112,WH005,2025-10-14,38,7497.58,284908.04
SAL0004524,P0112,WH001,2025-08-17,77,7497.58,577313.66
SAL0004525,P0102,WH008,2025-10-15,12,11449.48,137393.76
SAL0004526,P0082,WH005,2026-04-03,46,11631.72,535059.12
SAL0004527,P0150,WH004,2026-02-16,49,11200.18,548808.82
SAL0004528,P0099,WH008,2025-09-17,72,12570.46,905073.12
SAL0004529,P0040,WH002,2025-09-08,63,3922.35,247108.05
SAL0004530,P0036,WH005,2026-02-17,69,11599.04,800333.76
SAL0004531,P0125,WH006,2026-04-29,43,13379.19,575305.17
SAL0004532,P0004,WH007,2025-11-12,60,1797.79,107867.4
SAL0004533,P0118,WH006,2026-07-18,29,9694.84,281150.36
SAL0004534,P0025,WH001,2026-07-13,78,7089.85,553008.3
SAL0004535,P0095,WH007,2025-10-06,74,16693.57,1235324.18
SAL0004536,P0078,WH001,2026-06-19,11,9150.16,100651.76
SAL0004537,P0012,WH007,2026-06-22,35,14129.48,494531.8
SAL0004538,P0027,WH005,2026-05-24,23,9782.53,224998.19
SAL0004539,P0063,WH006,2025-12-25,72,9321.2,671126.4
SAL0004540,P0055,WH005,2025-12-08,21,14208.97,298388.37
SAL0004541,P0082,WH004,2026-06-11,37,11631.72,430373.64
SAL0004542,P0014,WH008,2025-08-21,28,9958.36,278834.08
SAL0004543,P0056,WH002,2026-04-04,58,189.21,10974.18
SAL0004544,P0147,WH006,2025-08-15,53,826.55,43807.15
SAL0004545,P0086,WH003,2025-09-24,28,6177.93,172982.04
SAL0004546,P0026,WH006,2026-01-15,42,3320.79,139473.18
SAL0004547,P0092,WH004,2026-05-11,73,11125.06,812129.38
SAL0004548,P0036,WH006,2026-02-12,61,11599.04,707541.44
SAL0004549,P0146,WH004,2026-05-15,79,12971.8,1024772.2
SAL0004550,P0078,WH006,2025-10-29,33,9150.16,301955.28
SAL0004551,P0112,WH004,2026-07-10,55,7497.58,412366.9
SAL0004552,P0023,WH007,2026-08-03,37,3399.02,125763.74
SAL0004553,P0119,WH001,2026-08-17,47,15091.44,709297.68
SAL0004554,P0116,WH005,2025-10-14,36,9441.89,339908.04
SAL0004555,P0142,WH008,2026-04-08,28,10972.07,307217.96
SAL0004556,P0022,WH006,2026-04-26,10,12421.92,124219.2
SAL0004557,P0028,WH002,2025-10-05,23,5125.77,117892.71
SAL0004558,P0043,WH001,2025-08-24,5,15848.89,79244.45
SAL0004559,P0076,WH004,2026-06-18,6,9723.65,58341.9
SAL0004560,P0018,WH002,2026-08-08,42,1249.34,52472.28
SAL0004561,P0100,WH001,2026-03-24,47,937.89,44080.83
SAL0004562,P0124,WH008,2025-11-11,28,3098.15,86748.2
SAL0004563,P0109,WH003,2026-07-12,13,6650.85,86461.05
SAL0004564,P0036,WH006,2026-02-03,25,11599.04,289976.0
SAL0004565,P0125,WH006,2026-07-11,7,13379.19,93654.33
SAL0004566,P0007,WH004,2026-04-16,66,542.22,35786.52
SAL0004567,P0023,WH001,2025-10-23,58,3399.02,197143.16
SAL0004568,P0117,WH008,2026-04-12,66,10971.0,724086.0
SAL0004569,P0114,WH001,2026-04-14,36,17232.19,620358.84
SAL0004570,P0096,WH004,2025-09-03,2,13787.01,27574.02
SAL0004571,P0021,WH003,2026-05-31,38,7447.62,283009.56
SAL0004572,P0070,WH006,2025-12-31,74,13711.66,1014662.84
SAL0004573,P0053,WH005,2026-06-01,14,4950.69,69309.66
SAL0004574,P0084,WH003,2026-05-01,27,383.71,10360.17
SAL0004575,P0106,WH004,2026-02-09,15,12961.82,194427.3
SAL0004576,P0041,WH005,2025-08-15,12,9233.93,110807.16
SAL0004577,P0128,WH001,2026-04-16,43,14193.47,610319.21
SAL0004578,P0142,WH007,2025-10-01,57,10972.07,625407.99
SAL0004579,P0088,WH008,2026-02-11,48,673.42,32324.16
SAL0004580,P0103,WH007,2026-03-07,61,12534.03,764575.83
SAL0004581,P0107,WH008,2026-06-27,44,6158.26,270963.44
SAL0004582,P0017,WH003,2026-03-01,52,12869.16,669196.32
SAL0004583,P0025,WH007,2026-02-25,62,7089.85,439570.7
SAL0004584,P0064,WH003,2026-06-24,2,6359.37,12718.74
SAL0004585,P0086,WH007,2025-12-07,71,6177.93,438633.03
SAL0004586,P0119,WH008,2025-11-06,31,15091.44,467834.64
SAL0004587,P0035,WH006,2026-01-13,73,12109.87,884020.51
SAL0004588,P0037,WH007,2026-03-15,72,1839.84,132468.48
SAL0004589,P0055,WH008,2026-05-17,33,14208.97,468896.01
SAL0004590,P0145,WH006,2026-02-27,5,10988.78,54943.9
SAL0004591,P0129,WH005,2025-12-21,78,5306.75,413926.5
SAL0004592,P0053,WH001,2026-07-25,58,4950.69,287140.02
SAL0004593,P0073,WH003,2026-05-31,77,1439.34,110829.18
SAL0004594,P0113,WH005,2026-06-22,11,8027.64,88304.04
SAL0004595,P0013,WH003,2026-02-10,23,5230.23,120295.29
SAL0004596,P0047,WH007,2025-10-09,45,12742.54,573414.3
SAL0004597,P0028,WH006,2026-02-21,27,5125.77,138395.79
SAL0004598,P0053,WH001,2026-07-05,79,4950.69,391104.51
SAL0004599,P0031,WH007,2026-04-23,56,3886.37,217636.72
SAL0004600,P0008,WH001,2026-08-12,59,13511.51,797179.09
SAL0004601,P0072,WH002,2026-04-21,40,2337.16,93486.4
SAL0004602,P0124,WH005,2026-03-29,18,3098.15,55766.7
SAL0004603,P0098,WH006,2025-10-31,51,8703.81,443894.31
SAL0004604,P0087,WH006,2026-04-15,61,12269.88,748462.68
SAL0004605,P0074,WH006,2025-09-25,23,10068.76,231581.48
SAL0004606,P0101,WH007,2026-01-19,36,7703.08,277310.88
SAL0004607,P0025,WH004,2026-05-02,38,7089.85,269414.3
SAL0004608,P0115,WH003,2025-10-14,72,7832.13,563913.36
SAL0004609,P0033,WH001,2025-08-30,56,14261.13,798623.28
SAL0004610,P0135,WH003,2025-09-26,39,13819.48,538959.72
SAL0004611,P0097,WH003,2026-02-15,76,1350.79,102660.04
SAL0004612,P0112,WH004,2026-07-31,69,7497.58,517333.02
SAL0004613,P0096,WH001,2026-05-11,28,13787.01,386036.28
SAL0004614,P0005,WH002,2026-03-08,21,8142.68,170996.28
SAL0004615,P0121,WH006,2026-01-17,62,5450.85,337952.7
SAL0004616,P0110,WH005,2025-10-23,23,8117.34,186698.82
SAL0004617,P0017,WH003,2025-10-06,21,12869.16,270252.36
SAL0004618,P0076,WH004,2026-04-14,75,9723.65,729273.75
SAL0004619,P0052,WH004,2025-11-05,16,1381.73,22107.68
SAL0004620,P0140,WH005,2026-03-02,62,9565.42,593056.04
SAL0004621,P0062,WH005,2025-12-25,65,4668.52,303453.8
SAL0004622,P0021,WH007,2025-09-21,5,7447.62,37238.1
SAL0004623,P0085,WH008,2026-05-24,46,1427.09,65646.14
SAL0004624,P0021,WH001,2026-07-13,64,7447.62,476647.68
SAL0004625,P0143,WH003,2026-01-06,41,13992.71,573701.11
SAL0004626,P0128,WH003,2026-02-08,44,14193.47,624512.68
SAL0004627,P0054,WH005,2026-07-09,15,11936.62,179049.3
SAL0004628,P0026,WH008,2026-01-31,68,3320.79,225813.72
SAL0004629,P0053,WH006,2025-10-15,51,4950.69,252485.19
SAL0004630,P0066,WH007,2025-08-03,54,4517.29,243933.66
SAL0004631,P0007,WH002,2025-12-12,68,542.22,36870.96
SAL0004632,P0032,WH003,2026-05-31,77,4077.66,313979.82
SAL0004633,P0087,WH004,2025-09-02,42,12269.88,515334.96
SAL0004634,P0002,WH006,2026-03-27,46,1611.45,74126.7
SAL0004635,P0075,WH005,2025-12-09,25,11640.25,291006.25
SAL0004636,P0029,WH003,2025-12-07,67,5999.79,401985.93
SAL0004637,P0127,WH001,2026-08-17,35,600.7,21024.5
SAL0004638,P0049,WH005,2025-12-28,73,8075.59,589518.07
SAL0004639,P0032,WH004,2026-03-05,78,4077.66,318057.48
SAL0004640,P0015,WH001,2025-11-11,22,4962.3,109170.6
SAL0004641,P0062,WH007,2026-02-07,9,4668.52,42016.68
SAL0004642,P0078,WH005,2025-12-04,24,9150.16,219603.84
SAL0004643,P0017,WH005,2025-12-15,23,12869.16,295990.68
SAL0004644,P0022,WH003,2026-06-24,61,12421.92,757737.12
SAL0004645,P0081,WH001,2026-01-07,37,2089.55,77313.35
SAL0004646,P0144,WH008,2025-10-30,45,13859.79,623690.55
SAL0004647,P0008,WH007,2026-03-22,15,13511.51,202672.65
SAL0004648,P0031,WH008,2025-10-06,57,3886.37,221523.09
SAL0004649,P0012,WH005,2026-01-22,14,14129.48,197812.72
SAL0004650,P0033,WH006,2026-05-26,52,14261.13,741578.76
SAL0004651,P0012,WH008,2026-06-15,36,14129.48,508661.28
SAL0004652,P0025,WH004,2026-04-23,27,7089.85,191425.95
SAL0004653,P0048,WH001,2025-12-25,17,5653.52,96109.84
SAL0004654,P0083,WH006,2025-08-05,41,2819.78,115610.98
SAL0004655,P0055,WH003,2026-08-08,4,14208.97,56835.88
SAL0004656,P0131,WH002,2026-03-14,3,332.15,996.45
SAL0004657,P0125,WH007,2025-12-29,19,13379.19,254204.61
SAL0004658,P0069,WH005,2026-07-01,41,4228.28,173359.48
SAL0004659,P0051,WH002,2025-09-19,40,7869.03,314761.2
SAL0004660,P0027,WH005,2026-01-29,58,9782.53,567386.74
SAL0004661,P0144,WH008,2026-05-14,39,13859.79,540531.81
SAL0004662,P0025,WH006,2026-07-08,7,7089.85,49628.95
SAL0004663,P0033,WH003,2026-07-26,36,14261.13,513400.68
SAL0004664,P0062,WH008,2026-04-28,76,4668.52,354807.52
SAL0004665,P0145,WH003,2025-10-04,20,10988.78,219775.6
SAL0004666,P0030,WH008,2026-05-30,76,11747.59,892816.84
SAL0004667,P0041,WH003,2026-03-24,29,9233.93,267783.97
SAL0004668,P0117,WH003,2025-09-18,68,10971.0,746028.0
SAL0004669,P0004,WH001,2026-05-30,66,1797.79,118654.14
SAL0004670,P0066,WH008,2026-04-03,47,4517.29,212312.63
SAL0004671,P0060,WH001,2025-11-24,23,5035.5,115816.5
SAL0004672,P0137,WH005,2026-02-03,6,410.1,2460.6
SAL0004673,P0031,WH001,2026-01-29,18,3886.37,69954.66
SAL0004674,P0089,WH005,2026-02-18,53,7891.09,418227.77
SAL0004675,P0100,WH007,2026-07-04,22,937.89,20633.58
SAL0004676,P0119,WH001,2026-03-22,68,15091.44,1026217.92
SAL0004677,P0069,WH001,2026-02-03,75,4228.28,317121.0
SAL0004678,P0024,WH001,2026-03-09,35,10854.56,379909.6
SAL0004679,P0023,WH007,2025-09-21,75,3399.02,254926.5
SAL0004680,P0063,WH004,2026-07-23,9,9321.2,83890.8
SAL0004681,P0118,WH007,2025-10-16,31,9694.84,300540.04
SAL0004682,P0114,WH003,2026-02-22,43,17232.19,740984.17
SAL0004683,P0006,WH007,2025-12-11,75,5888.41,441630.75
SAL0004684,P0006,WH004,2025-10-20,17,5888.41,100102.97
SAL0004685,P0030,WH001,2026-03-03,51,11747.59,599127.09
SAL0004686,P0001,WH001,2025-08-06,66,11805.32,779151.12
SAL0004687,P0063,WH004,2026-04-26,24,9321.2,223708.8
SAL0004688,P0136,WH008,2026-04-17,15,9626.15,144392.25
SAL0004689,P0028,WH006,2026-03-22,28,5125.77,143521.56
SAL0004690,P0089,WH005,2026-03-09,3,7891.09,23673.27
SAL0004691,P0053,WH003,2026-06-06,29,4950.69,143570.01
SAL0004692,P0038,WH007,2026-08-17,52,3005.11,156265.72
SAL0004693,P0052,WH005,2026-08-16,54,1381.73,74613.42
SAL0004694,P0078,WH008,2026-07-08,58,9150.16,530709.28
SAL0004695,P0139,WH006,2026-07-02,45,16335.66,735104.7
SAL0004696,P0130,WH003,2025-11-12,77,14491.67,1115858.59
SAL0004697,P0053,WH002,2026-05-05,50,4950.69,247534.5
SAL0004698,P0094,WH003,2026-08-06,22,4499.9,98997.8
SAL0004699,P0094,WH007,2026-01-07,52,4499.9,233994.8
SAL0004700,P0007,WH005,2026-04-16,53,542.22,28737.66
SAL0004701,P0067,WH003,2026-01-02,31,486.56,15083.36
SAL0004702,P0137,WH002,2026-01-17,71,410.1,29117.1
SAL0004703,P0116,WH002,2025-12-05,48,9441.89,453210.72
SAL0004704,P0139,WH001,2025-10-07,31,16335.66,506405.46
SAL0004705,P0037,WH007,2025-11-19,4,1839.84,7359.36
SAL0004706,P0142,WH002,2026-05-14,35,10972.07,384022.45
SAL0004707,P0147,WH004,2025-11-10,67,826.55,55378.85
SAL0004708,P0008,WH005,2025-11-15,64,13511.51,864736.64
SAL0004709,P0135,WH004,2025-12-12,9,13819.48,124375.32
SAL0004710,P0059,WH006,2025-11-15,46,11103.0,510738.0
SAL0004711,P0123,WH004,2025-11-06,56,5568.28,311823.68
SAL0004712,P0007,WH005,2026-01-06,56,542.22,30364.32
SAL0004713,P0120,WH008,2026-02-20,26,4392.45,114203.7
SAL0004714,P0003,WH006,2026-08-05,60,10805.71,648342.6
SAL0004715,P0067,WH004,2026-04-10,77,486.56,37465.12
SAL0004716,P0018,WH008,2026-06-20,72,1249.34,89952.48
SAL0004717,P0045,WH004,2025-10-03,48,7353.86,352985.28
SAL0004718,P0097,WH007,2025-08-20,58,1350.79,78345.82
SAL0004719,P0092,WH006,2026-08-14,63,11125.06,700878.78
SAL0004720,P0144,WH004,2026-05-03,58,13859.79,803867.82
SAL0004721,P0079,WH002,2025-09-10,3,8567.49,25702.47
SAL0004722,P0059,WH008,2026-05-06,7,11103.0,77721.0
SAL0004723,P0146,WH005,2026-04-24,52,12971.8,674533.6
SAL0004724,P0083,WH005,2025-11-25,62,2819.78,174826.36
SAL0004725,P0109,WH005,2026-06-24,2,6650.85,13301.7
SAL0004726,P0055,WH004,2025-12-17,33,14208.97,468896.01
SAL0004727,P0135,WH002,2026-01-11,12,13819.48,165833.76
SAL0004728,P0091,WH005,2026-03-29,48,10637.54,510601.92
SAL0004729,P0083,WH003,2026-02-22,76,2819.78,214303.28
SAL0004730,P0126,WH005,2026-04-14,53,16061.16,851241.48
SAL0004731,P0081,WH001,2026-05-01,74,2089.55,154626.7
SAL0004732,P0139,WH003,2025-08-14,41,16335.66,669762.06
SAL0004733,P0005,WH005,2025-11-13,58,8142.68,472275.44
SAL0004734,P0066,WH004,2025-10-19,68,4517.29,307175.72
SAL0004735,P0111,WH008,2025-08-01,23,10269.05,236188.15
SAL0004736,P0012,WH005,2026-04-07,36,14129.48,508661.28
SAL0004737,P0106,WH002,2026-07-01,21,12961.82,272198.22
SAL0004738,P0075,WH002,2026-02-26,72,11640.25,838098.0
SAL0004739,P0138,WH005,2025-10-03,55,14687.9,807834.5
SAL0004740,P0028,WH007,2025-11-15,56,5125.77,287043.12
SAL0004741,P0007,WH004,2025-08-18,13,542.22,7048.86
SAL0004742,P0142,WH004,2025-11-16,22,10972.07,241385.54
SAL0004743,P0077,WH004,2026-05-31,7,12721.04,89047.28
SAL0004744,P0061,WH005,2025-12-27,24,685.7,16456.8
SAL0004745,P0051,WH008,2026-07-18,61,7869.03,480010.83
SAL0004746,P0136,WH005,2026-07-14,5,9626.15,48130.75
SAL0004747,P0129,WH001,2025-12-27,50,5306.75,265337.5
SAL0004748,P0011,WH002,2026-05-14,62,12266.95,760550.9
SAL0004749,P0107,WH007,2026-08-04,55,6158.26,338704.3
SAL0004750,P0048,WH003,2026-05-28,26,5653.52,146991.52
SAL0004751,P0138,WH003,2026-03-01,10,14687.9,146879.0
SAL0004752,P0143,WH008,2026-01-24,11,13992.71,153919.81
SAL0004753,P0103,WH002,2026-01-16,40,12534.03,501361.2
SAL0004754,P0047,WH006,2026-05-16,11,12742.54,140167.94
SAL0004755,P0112,WH001,2026-01-31,4,7497.58,29990.32
SAL0004756,P0006,WH002,2026-05-14,2,5888.41,11776.82
SAL0004757,P0011,WH001,2026-01-07,77,12266.95,944555.15
SAL0004758,P0017,WH006,2026-04-19,39,12869.16,501897.24
SAL0004759,P0143,WH001,2025-10-25,23,13992.71,321832.33
SAL0004760,P0016,WH004,2025-10-14,45,3864.55,173904.75
SAL0004761,P0056,WH002,2025-11-01,74,189.21,14001.54
SAL0004762,P0066,WH003,2025-11-13,77,4517.29,347831.33
SAL0004763,P0083,WH005,2026-01-01,42,2819.78,118430.76
SAL0004764,P0075,WH006,2025-12-16,42,11640.25,488890.5
SAL0004765,P0127,WH006,2025-08-10,29,600.7,17420.3
SAL0004766,P0131,WH005,2025-08-25,16,332.15,5314.4
SAL0004767,P0018,WH002,2026-04-05,67,1249.34,83705.78
SAL0004768,P0089,WH007,2025-11-30,60,7891.09,473465.4
SAL0004769,P0094,WH005,2026-01-24,4,4499.9,17999.6
SAL0004770,P0017,WH001,2026-05-22,16,12869.16,205906.56
SAL0004771,P0114,WH005,2026-04-23,41,17232.19,706519.79
SAL0004772,P0107,WH001,2026-03-05,6,6158.26,36949.56
SAL0004773,P0099,WH001,2026-08-02,42,12570.46,527959.32
SAL0004774,P0013,WH003,2026-01-10,57,5230.23,298123.11
SAL0004775,P0063,WH005,2026-05-18,28,9321.2,260993.6
SAL0004776,P0014,WH007,2025-09-23,23,9958.36,229042.28
SAL0004777,P0018,WH003,2026-04-18,76,1249.34,94949.84
SAL0004778,P0133,WH007,2026-08-07,42,10911.61,458287.62
SAL0004779,P0014,WH005,2026-01-04,12,9958.36,119500.32
SAL0004780,P0025,WH007,2026-03-15,64,7089.85,453750.4
SAL0004781,P0044,WH001,2025-12-11,58,11696.79,678413.82
SAL0004782,P0121,WH007,2025-08-09,51,5450.85,277993.35
SAL0004783,P0039,WH005,2026-06-30,29,10521.02,305109.58
SAL0004784,P0140,WH006,2026-04-15,19,9565.42,181742.98
SAL0004785,P0104,WH006,2026-03-02,45,13530.23,608860.35
SAL0004786,P0062,WH003,2026-05-20,54,4668.52,252100.08
SAL0004787,P0053,WH008,2025-08-30,66,4950.69,326745.54
SAL0004788,P0053,WH004,2025-08-29,72,4950.69,356449.68
SAL0004789,P0118,WH006,2025-08-07,13,9694.84,126032.92
SAL0004790,P0065,WH007,2025-08-03,65,8713.96,566407.4
SAL0004791,P0131,WH003,2026-06-26,12,332.15,3985.8
SAL0004792,P0043,WH007,2025-12-23,71,15848.89,1125271.19
SAL0004793,P0050,WH004,2026-07-16,14,4526.14,63365.96
SAL0004794,P0137,WH002,2026-02-14,42,410.1,17224.2
SAL0004795,P0036,WH003,2026-03-26,76,11599.04,881527.04
SAL0004796,P0023,WH006,2025-08-02,48,3399.02,163152.96
SAL0004797,P0074,WH006,2026-02-16,24,10068.76,241650.24
SAL0004798,P0050,WH005,2026-04-09,65,4526.14,294199.1
SAL0004799,P0055,WH004,2025-12-01,17,14208.97,241552.49
SAL0004800,P0125,WH006,2026-08-02,38,13379.19,508409.22
SAL0004801,P0012,WH005,2026-06-07,28,14129.48,395625.44
SAL0004802,P0083,WH004,2025-08-01,33,2819.78,93052.74
SAL0004803,P0032,WH003,2026-08-09,24,4077.66,97863.84
SAL0004804,P0086,WH003,2026-08-14,70,6177.93,432455.1
SAL0004805,P0019,WH005,2026-08-16,4,11648.11,46592.44
SAL0004806,P0051,WH003,2025-08-08,33,7869.03,259677.99
SAL0004807,P0064,WH005,2025-09-13,10,6359.37,63593.7
SAL0004808,P0130,WH001,2026-04-06,36,14491.67,521700.12
SAL0004809,P0128,WH007,2026-08-11,77,14193.47,1092897.19
SAL0004810,P0139,WH004,2026-02-01,73,16335.66,1192503.18
SAL0004811,P0064,WH005,2025-11-13,31,6359.37,197140.47
SAL0004812,P0001,WH004,2026-01-25,4,11805.32,47221.28
SAL0004813,P0089,WH008,2025-11-22,8,7891.09,63128.72
SAL0004814,P0026,WH001,2026-04-19,27,3320.79,89661.33
SAL0004815,P0139,WH004,2026-06-24,36,16335.66,588083.76
SAL0004816,P0087,WH005,2025-09-14,9,12269.88,110428.92
SAL0004817,P0002,WH007,2025-12-11,43,1611.45,69292.35
SAL0004818,P0093,WH007,2026-07-03,24,14803.06,355273.44
SAL0004819,P0119,WH003,2026-02-04,37,15091.44,558383.28
SAL0004820,P0132,WH007,2026-02-12,41,17778.84,728932.44
SAL0004821,P0080,WH007,2025-10-18,26,12953.94,336802.44
SAL0004822,P0111,WH008,2026-05-06,4,10269.05,41076.2
SAL0004823,P0126,WH004,2025-12-16,1,16061.16,16061.16
SAL0004824,P0005,WH004,2026-08-09,20,8142.68,162853.6
SAL0004825,P0143,WH006,2025-11-10,45,13992.71,629671.95
SAL0004826,P0026,WH006,2026-06-04,69,3320.79,229134.51
SAL0004827,P0006,WH001,2026-02-12,52,5888.41,306197.32
SAL0004828,P0123,WH002,2026-06-04,64,5568.28,356369.92
SAL0004829,P0044,WH007,2025-10-14,21,11696.79,245632.59
SAL0004830,P0058,WH003,2026-07-31,72,5550.94,399667.68
SAL0004831,P0081,WH007,2026-05-15,76,2089.55,158805.8
SAL0004832,P0046,WH005,2026-05-24,25,4393.97,109849.25
SAL0004833,P0102,WH001,2026-04-16,67,11449.48,767115.16
SAL0004834,P0048,WH005,2026-01-03,26,5653.52,146991.52
SAL0004835,P0114,WH005,2026-03-21,27,17232.19,465269.13
SAL0004836,P0020,WH004,2026-07-11,52,13830.77,719200.04
SAL0004837,P0115,WH001,2025-11-23,63,7832.13,493424.19
SAL0004838,P0076,WH001,2026-03-28,45,9723.65,437564.25
SAL0004839,P0121,WH006,2026-08-14,58,5450.85,316149.3
SAL0004840,P0109,WH008,2025-11-18,38,6650.85,252732.3
SAL0004841,P0068,WH003,2026-05-01,35,7651.09,267788.15
SAL0004842,P0132,WH002,2025-11-18,46,17778.84,817826.64
SAL0004843,P0149,WH005,2025-09-29,71,2329.78,165414.38
SAL0004844,P0066,WH007,2026-03-27,3,4517.29,13551.87
SAL0004845,P0144,WH003,2026-01-09,6,13859.79,83158.74
SAL0004846,P0135,WH007,2026-08-09,13,13819.48,179653.24
SAL0004847,P0083,WH006,2026-04-04,46,2819.78,129709.88
SAL0004848,P0009,WH008,2025-12-09,79,13538.59,1069548.61
SAL0004849,P0017,WH008,2026-03-16,33,12869.16,424682.28
SAL0004850,P0113,WH003,2025-09-22,79,8027.64,634183.56
SAL0004851,P0140,WH005,2025-08-06,62,9565.42,593056.04
SAL0004852,P0120,WH004,2026-01-01,63,4392.45,276724.35
SAL0004853,P0011,WH004,2025-09-08,56,12266.95,686949.2
SAL0004854,P0141,WH005,2025-10-22,39,3336.79,130134.81
SAL0004855,P0026,WH006,2025-12-20,60,3320.79,199247.4
SAL0004856,P0063,WH006,2025-09-09,78,9321.2,727053.6
SAL0004857,P0022,WH001,2026-03-14,24,12421.92,298126.08
SAL0004858,P0134,WH002,2026-01-17,50,4427.4,221370.0
SAL0004859,P0148,WH007,2026-05-08,33,3215.0,106095.0
SAL0004860,P0010,WH004,2026-03-16,76,12927.18,982465.68
SAL0004861,P0083,WH002,2026-05-26,74,2819.78,208663.72
SAL0004862,P0026,WH003,2025-11-25,7,3320.79,23245.53
SAL0004863,P0071,WH007,2025-09-24,46,10220.28,470132.88
SAL0004864,P0037,WH007,2025-09-22,62,1839.84,114070.08
SAL0004865,P0136,WH007,2025-09-26,1,9626.15,9626.15
SAL0004866,P0133,WH003,2026-05-28,79,10911.61,862017.19
SAL0004867,P0126,WH005,2025-10-28,65,16061.16,1043975.4
SAL0004868,P0115,WH008,2026-03-11,45,7832.13,352445.85
SAL0004869,P0092,WH008,2026-01-16,55,11125.06,611878.3
SAL0004870,P0117,WH005,2025-12-12,66,10971.0,724086.0
SAL0004871,P0049,WH005,2026-08-12,67,8075.59,541064.53
SAL0004872,P0036,WH007,2025-08-05,54,11599.04,626348.16
SAL0004873,P0026,WH006,2026-06-11,63,3320.79,209209.77
SAL0004874,P0045,WH004,2026-01-23,54,7353.86,397108.44
SAL0004875,P0061,WH002,2025-08-17,52,685.7,35656.4
SAL0004876,P0132,WH008,2026-01-20,54,17778.84,960057.36
SAL0004877,P0076,WH003,2025-09-04,67,9723.65,651484.55
SAL0004878,P0058,WH002,2026-01-04,37,5550.94,205384.78
SAL0004879,P0105,WH008,2026-04-20,12,1294.66,15535.92
SAL0004880,P0026,WH004,2025-11-29,59,3320.79,195926.61
SAL0004881,P0095,WH007,2025-08-26,20,16693.57,333871.4
SAL0004882,P0079,WH002,2026-05-19,32,8567.49,274159.68
SAL0004883,P0128,WH007,2026-04-27,71,14193.47,1007736.37
SAL0004884,P0137,WH002,2026-08-08,44,410.1,18044.4
SAL0004885,P0078,WH006,2025-08-31,66,9150.16,603910.56
SAL0004886,P0036,WH008,2025-12-28,78,11599.04,904725.12
SAL0004887,P0132,WH005,2025-08-25,55,17778.84,977836.2
SAL0004888,P0059,WH006,2025-10-23,16,11103.0,177648.0
SAL0004889,P0124,WH006,2025-08-28,71,3098.15,219968.65
SAL0004890,P0088,WH007,2026-07-26,68,673.42,45792.56
SAL0004891,P0081,WH002,2026-05-19,52,2089.55,108656.6
SAL0004892,P0141,WH002,2026-06-27,37,3336.79,123461.23
SAL0004893,P0148,WH006,2026-06-08,46,3215.0,147890.0
SAL0004894,P0017,WH002,2025-11-05,41,12869.16,527635.56
SAL0004895,P0051,WH006,2025-11-27,5,7869.03,39345.15
SAL0004896,P0055,WH001,2025-09-13,66,14208.97,937792.02
SAL0004897,P0149,WH008,2026-04-08,5,2329.78,11648.9
SAL0004898,P0081,WH006,2025-10-01,63,2089.55,131641.65
SAL0004899,P0150,WH003,2025-08-31,3,11200.18,33600.54
SAL0004900,P0110,WH003,2026-01-05,8,8117.34,64938.72
SAL0004901,P0140,WH002,2026-03-01,26,9565.42,248700.92
SAL0004902,P0143,WH006,2026-06-02,74,13992.71,1035460.54
SAL0004903,P0086,WH006,2025-11-10,53,6177.93,327430.29
SAL0004904,P0002,WH005,2026-04-24,76,1611.45,122470.2
SAL0004905,P0132,WH008,2026-05-02,29,17778.84,515586.36
SAL0004906,P0045,WH007,2026-06-08,14,7353.86,102954.04
SAL0004907,P0013,WH005,2026-04-10,5,5230.23,26151.15
SAL0004908,P0055,WH005,2026-03-08,27,14208.97,383642.19
SAL0004909,P0022,WH006,2026-01-11,68,12421.92,844690.56
SAL0004910,P0089,WH008,2026-05-06,29,7891.09,228841.61
SAL0004911,P0055,WH006,2025-08-28,3,14208.97,42626.91
SAL0004912,P0145,WH003,2025-08-28,30,10988.78,329663.4
SAL0004913,P0136,WH004,2026-01-01,9,9626.15,86635.35
SAL0004914,P0097,WH002,2025-08-05,1,1350.79,1350.79
SAL0004915,P0138,WH003,2026-05-18,23,14687.9,337821.7
SAL0004916,P0019,WH005,2026-08-16,67,11648.11,780423.37
SAL0004917,P0128,WH003,2025-08-30,32,14193.47,454191.04
SAL0004918,P0142,WH003,2026-01-17,6,10972.07,65832.42
SAL0004919,P0067,WH003,2025-12-31,77,486.56,37465.12
SAL0004920,P0061,WH008,2026-07-02,49,685.7,33599.3
SAL0004921,P0063,WH005,2026-07-15,15,9321.2,139818.0
SAL0004922,P0105,WH004,2026-04-08,58,1294.66,75090.28
SAL0004923,P0104,WH001,2025-12-09,53,13530.23,717102.19
SAL0004924,P0139,WH002,2026-03-16,30,16335.66,490069.8
SAL0004925,P0134,WH002,2025-11-13,76,4427.4,336482.4
SAL0004926,P0034,WH007,2026-05-26,40,12148.61,485944.4
SAL0004927,P0099,WH003,2026-08-01,59,12570.46,741657.14
SAL0004928,P0064,WH004,2026-04-01,63,6359.37,400640.31
SAL0004929,P0087,WH005,2026-02-23,48,12269.88,588954.24
SAL0004930,P0081,WH001,2025-08-31,68,2089.55,142089.4
SAL0004931,P0066,WH001,2026-06-23,7,4517.29,31621.03
SAL0004932,P0083,WH003,2026-01-03,47,2819.78,132529.66
SAL0004933,P0092,WH003,2026-06-21,43,11125.06,478377.58
SAL0004934,P0136,WH005,2026-04-05,16,9626.15,154018.4
SAL0004935,P0150,WH007,2025-11-24,22,11200.18,246403.96
SAL0004936,P0038,WH005,2025-08-06,63,3005.11,189321.93
SAL0004937,P0130,WH008,2026-05-19,46,14491.67,666616.82
SAL0004938,P0125,WH006,2025-11-04,45,13379.19,602063.55
SAL0004939,P0041,WH005,2025-09-26,41,9233.93,378591.13
SAL0004940,P0019,WH003,2025-08-14,25,11648.11,291202.75
SAL0004941,P0105,WH004,2025-09-15,50,1294.66,64733.0
SAL0004942,P0130,WH003,2026-04-22,67,14491.67,970941.89
SAL0004943,P0092,WH007,2025-11-06,52,11125.06,578503.12
SAL0004944,P0096,WH003,2026-05-14,31,13787.01,427397.31
SAL0004945,P0062,WH001,2025-12-15,37,4668.52,172735.24
SAL0004946,P0016,WH008,2025-08-28,22,3864.55,85020.1
SAL0004947,P0094,WH005,2026-06-14,27,4499.9,121497.3
SAL0004948,P0150,WH002,2025-08-01,2,11200.18,22400.36
SAL0004949,P0142,WH005,2025-12-18,22,10972.07,241385.54
SAL0004950,P0116,WH006,2025-09-11,53,9441.89,500420.17
SAL0004951,P0056,WH004,2025-11-29,17,189.21,3216.57
SAL0004952,P0065,WH004,2025-11-03,56,8713.96,487981.76
SAL0004953,P0054,WH005,2025-10-20,31,11936.62,370035.22
SAL0004954,P0086,WH005,2026-08-04,43,6177.93,265650.99
SAL0004955,P0050,WH003,2026-07-05,72,4526.14,325882.08
SAL0004956,P0105,WH002,2026-02-21,53,1294.66,68616.98
SAL0004957,P0022,WH007,2026-07-26,5,12421.92,62109.6
SAL0004958,P0040,WH003,2026-06-02,2,3922.35,7844.7
SAL0004959,P0039,WH008,2026-06-27,59,10521.02,620740.18
SAL0004960,P0105,WH001,2026-05-27,4,1294.66,5178.64
SAL0004961,P0068,WH008,2026-02-09,34,7651.09,260137.06
SAL0004962,P0007,WH001,2026-07-09,67,542.22,36328.74
SAL0004963,P0085,WH008,2025-10-24,73,1427.09,104177.57
SAL0004964,P0132,WH004,2026-02-18,6,17778.84,106673.04
SAL0004965,P0076,WH004,2026-07-10,58,9723.65,563971.7
SAL0004966,P0091,WH002,2026-02-19,47,10637.54,499964.38
SAL0004967,P0084,WH004,2026-07-09,5,383.71,1918.55
SAL0004968,P0031,WH006,2026-06-04,61,3886.37,237068.57
SAL0004969,P0099,WH008,2026-06-25,56,12570.46,703945.76
SAL0004970,P0052,WH001,2025-12-05,35,1381.73,48360.55
SAL0004971,P0112,WH002,2026-03-06,13,7497.58,97468.54
SAL0004972,P0072,WH001,2026-04-08,26,2337.16,60766.16
SAL0004973,P0021,WH005,2026-04-28,64,7447.62,476647.68
SAL0004974,P0016,WH005,2025-08-06,79,3864.55,305299.45
SAL0004975,P0016,WH002,2026-01-09,11,3864.55,42510.05
SAL0004976,P0146,WH003,2026-04-02,62,12971.8,804251.6
SAL0004977,P0056,WH006,2026-04-03,47,189.21,8892.87
SAL0004978,P0082,WH007,2025-10-01,70,11631.72,814220.4
SAL0004979,P0078,WH006,2025-12-27,75,9150.16,686262.0
SAL0004980,P0037,WH008,2025-11-05,58,1839.84,106710.72
SAL0004981,P0144,WH007,2026-06-30,10,13859.79,138597.9
SAL0004982,P0060,WH004,2026-07-08,16,5035.5,80568.0
SAL0004983,P0011,WH007,2026-05-17,12,12266.95,147203.4
SAL0004984,P0126,WH002,2026-08-04,71,16061.16,1140342.36
SAL0004985,P0066,WH006,2026-07-05,50,4517.29,225864.5
SAL0004986,P0126,WH007,2026-07-14,15,16061.16,240917.4
SAL0004987,P0032,WH004,2025-12-15,59,4077.66,240581.94
SAL0004988,P0147,WH001,2026-08-06,70,826.55,57858.5
SAL0004989,P0056,WH007,2025-12-28,62,189.21,11731.02
SAL0004990,P0005,WH003,2026-04-08,72,8142.68,586272.96
SAL0004991,P0131,WH004,2026-05-21,62,332.15,20593.3
SAL0004992,P0090,WH005,2026-03-31,50,12387.89,619394.5
SAL0004993,P0094,WH007,2026-01-19,77,4499.9,346492.3
SAL0004994,P0072,WH005,2026-06-17,54,2337.16,126206.64
SAL0004995,P0100,WH001,2025-08-31,54,937.89,50646.06
SAL0004996,P0029,WH002,2026-08-14,28,5999.79,167994.12
SAL0004997,P0059,WH004,2026-07-14,51,11103.0,566253.0
SAL0004998,P0025,WH007,2025-11-10,74,7089.85,524648.9
SAL0004999,P0150,WH007,2025-08-29,33,11200.18,369605.94
SAL0005000,P0097,WH001,2026-04-01,1,1350.79,1350.79
SAL0005001,P0101,WH007,2025-08-10,69,7703.08,531512.52
SAL0005002,P0117,WH005,2025-09-03,1,10971.0,10971.0
SAL0005003,P0023,WH007,2026-02-06,55,3399.02,186946.1
SAL0005004,P0070,WH008,2026-05-13,45,13711.66,617024.7
SAL0005005,P0079,WH007,2026-08-10,73,8567.49,625426.77
SAL0005006,P0079,WH005,2026-07-08,40,8567.49,342699.6
SAL0005007,P0098,WH005,2026-02-02,61,8703.81,530932.41
SAL0005008,P0014,WH003,2026-06-20,36,9958.36,358500.96
SAL0005009,P0029,WH003,2026-03-24,24,5999.79,143994.96
SAL0005010,P0144,WH005,2026-02-04,14,13859.79,194037.06
SAL0005011,P0087,WH006,2025-08-15,75,12269.88,920241.0
SAL0005012,P0010,WH002,2025-12-02,1,12927.18,12927.18
SAL0005013,P0047,WH003,2026-06-14,47,12742.54,598899.38
SAL0005014,P0004,WH004,2026-01-07,76,1797.79,136632.04
SAL0005015,P0012,WH003,2026-03-10,21,14129.48,296719.08
SAL0005016,P0042,WH004,2026-06-22,73,10059.55,734347.15
SAL0005017,P0004,WH003,2025-11-16,39,1797.79,70113.81
SAL0005018,P0084,WH005,2026-03-08,3,383.71,1151.13
SAL0005019,P0092,WH007,2025-11-21,16,11125.06,178000.96
SAL0005020,P0092,WH004,2026-05-11,68,11125.06,756504.08
SAL0005021,P0006,WH008,2026-01-23,26,5888.41,153098.66
SAL0005022,P0142,WH007,2025-08-08,54,10972.07,592491.78
SAL0005023,P0035,WH007,2025-11-23,13,12109.87,157428.31
SAL0005024,P0065,WH002,2026-02-05,61,8713.96,531551.56
SAL0005025,P0147,WH003,2026-03-15,20,826.55,16531.0
SAL0005026,P0057,WH003,2025-10-17,27,1071.29,28924.83
SAL0005027,P0013,WH005,2026-08-10,2,5230.23,10460.46
SAL0005028,P0136,WH004,2026-05-06,10,9626.15,96261.5
SAL0005029,P0018,WH006,2026-08-02,60,1249.34,74960.4
SAL0005030,P0087,WH005,2026-02-15,19,12269.88,233127.72
SAL0005031,P0114,WH007,2026-06-17,15,17232.19,258482.85
SAL0005032,P0026,WH004,2025-09-12,47,3320.79,156077.13
SAL0005033,P0066,WH003,2026-06-17,24,4517.29,108414.96
SAL0005034,P0026,WH003,2025-08-10,16,3320.79,53132.64
SAL0005035,P0126,WH003,2025-09-21,60,16061.16,963669.6
SAL0005036,P0057,WH003,2026-05-22,49,1071.29,52493.21
SAL0005037,P0025,WH008,2025-08-25,4,7089.85,28359.4
SAL0005038,P0030,WH001,2026-07-17,66,11747.59,775340.94
SAL0005039,P0135,WH003,2026-03-31,49,13819.48,677154.52
SAL0005040,P0027,WH003,2026-04-29,31,9782.53,303258.43
SAL0005041,P0139,WH006,2026-05-04,66,16335.66,1078153.56
SAL0005042,P0101,WH006,2025-12-21,54,7703.08,415966.32
SAL0005043,P0136,WH004,2026-04-11,2,9626.15,19252.3
SAL0005044,P0011,WH007,2025-12-08,61,12266.95,748283.95
SAL0005045,P0126,WH003,2025-09-17,15,16061.16,240917.4
SAL0005046,P0030,WH003,2026-05-24,60,11747.59,704855.4
SAL0005047,P0094,WH008,2026-02-18,43,4499.9,193495.7
SAL0005048,P0116,WH004,2026-04-16,40,9441.89,377675.6
SAL0005049,P0015,WH007,2025-08-13,30,4962.3,148869.0
SAL0005050,P0035,WH003,2026-03-02,63,12109.87,762921.81
SAL0005051,P0039,WH008,2026-02-01,24,10521.02,252504.48
SAL0005052,P0024,WH003,2026-02-18,44,10854.56,477600.64
SAL0005053,P0008,WH005,2026-07-05,14,13511.51,189161.14
SAL0005054,P0043,WH001,2025-09-15,28,15848.89,443768.92
SAL0005055,P0084,WH004,2026-08-10,14,383.71,5371.94
SAL0005056,P0047,WH005,2026-04-11,56,12742.54,713582.24
SAL0005057,P0026,WH006,2026-04-08,34,3320.79,112906.86
SAL0005058,P0150,WH007,2025-12-13,78,11200.18,873614.04
SAL0005059,P0133,WH002,2025-08-29,12,10911.61,130939.32
SAL0005060,P0143,WH002,2025-09-03,56,13992.71,783591.76
SAL0005061,P0101,WH006,2026-02-25,61,7703.08,469887.88
SAL0005062,P0063,WH001,2026-01-11,61,9321.2,568593.2
SAL0005063,P0093,WH007,2026-01-27,40,14803.06,592122.4
SAL0005064,P0055,WH007,2025-09-15,20,14208.97,284179.4
SAL0005065,P0072,WH008,2026-07-28,42,2337.16,98160.72
SAL0005066,P0060,WH002,2025-08-10,7,5035.5,35248.5
SAL0005067,P0029,WH001,2026-07-15,79,5999.79,473983.41
SAL0005068,P0019,WH002,2026-02-12,73,11648.11,850312.03
SAL0005069,P0073,WH002,2026-02-09,68,1439.34,97875.12
SAL0005070,P0138,WH007,2026-04-04,31,14687.9,455324.9
SAL0005071,P0101,WH008,2025-09-13,70,7703.08,539215.6
SAL0005072,P0138,WH005,2026-06-11,76,14687.9,1116280.4
SAL0005073,P0057,WH007,2026-03-01,47,1071.29,50350.63
SAL0005074,P0068,WH002,2026-07-28,51,7651.09,390205.59
SAL0005075,P0087,WH007,2025-10-22,58,12269.88,711653.04
SAL0005076,P0103,WH006,2025-12-22,22,12534.03,275748.66
SAL0005077,P0072,WH001,2026-07-17,24,2337.16,56091.84
SAL0005078,P0129,WH003,2026-06-26,34,5306.75,180429.5
SAL0005079,P0118,WH007,2025-10-02,63,9694.84,610774.92
SAL0005080,P0140,WH007,2026-06-09,60,9565.42,573925.2
SAL0005081,P0116,WH003,2025-08-02,19,9441.89,179395.91
SAL0005082,P0082,WH003,2025-09-04,24,11631.72,279161.28
SAL0005083,P0109,WH001,2026-02-12,64,6650.85,425654.4
SAL0005084,P0016,WH008,2026-05-09,20,3864.55,77291.0
SAL0005085,P0136,WH001,2025-09-13,27,9626.15,259906.05
SAL0005086,P0035,WH003,2025-08-27,58,12109.87,702372.46
SAL0005087,P0139,WH006,2026-04-20,44,16335.66,718769.04
SAL0005088,P0044,WH002,2025-09-06,65,11696.79,760291.35
SAL0005089,P0139,WH003,2026-07-01,46,16335.66,751440.36
SAL0005090,P0139,WH004,2025-10-10,54,16335.66,882125.64
SAL0005091,P0150,WH007,2026-08-12,39,11200.18,436807.02
SAL0005092,P0085,WH001,2026-07-12,7,1427.09,9989.63
SAL0005093,P0082,WH004,2026-04-23,54,11631.72,628112.88
SAL0005094,P0102,WH004,2025-10-25,43,11449.48,492327.64
SAL0005095,P0063,WH001,2026-02-16,20,9321.2,186424.0
SAL0005096,P0033,WH008,2025-12-13,25,14261.13,356528.25
SAL0005097,P0060,WH007,2026-05-13,43,5035.5,216526.5
SAL0005098,P0123,WH003,2026-07-29,73,5568.28,406484.44
SAL0005099,P0002,WH006,2026-02-18,27,1611.45,43509.15
SAL0005100,P0141,WH005,2025-11-15,25,3336.79,83419.75
SAL0005101,P0057,WH008,2025-09-20,36,1071.29,38566.44
SAL0005102,P0045,WH008,2025-09-05,66,7353.86,485354.76
SAL0005103,P0031,WH004,2025-10-25,9,3886.37,34977.33
SAL0005104,P0138,WH003,2026-06-25,79,14687.9,1160344.1
SAL0005105,P0023,WH005,2025-12-13,53,3399.02,180148.06
SAL0005106,P0029,WH007,2025-09-20,21,5999.79,125995.59
SAL0005107,P0031,WH004,2025-08-24,50,3886.37,194318.5
SAL0005108,P0018,WH003,2025-12-11,16,1249.34,19989.44
SAL0005109,P0011,WH004,2025-09-03,66,12266.95,809618.7
SAL0005110,P0103,WH008,2025-11-07,26,12534.03,325884.78
SAL0005111,P0047,WH003,2026-02-06,44,12742.54,560671.76
SAL0005112,P0003,WH008,2026-02-22,29,10805.71,313365.59
SAL0005113,P0130,WH007,2026-03-30,46,14491.67,666616.82
SAL0005114,P0072,WH006,2026-05-30,71,2337.16,165938.36
SAL0005115,P0136,WH007,2026-04-15,49,9626.15,471681.35
SAL0005116,P0130,WH002,2026-05-29,15,14491.67,217375.05
SAL0005117,P0022,WH002,2026-07-14,17,12421.92,211172.64
SAL0005118,P0124,WH007,2026-05-21,9,3098.15,27883.35
SAL0005119,P0133,WH001,2026-07-20,77,10911.61,840193.97
SAL0005120,P0135,WH005,2025-08-27,32,13819.48,442223.36
SAL0005121,P0020,WH007,2025-08-24,66,13830.77,912830.82
SAL0005122,P0077,WH007,2025-08-15,59,12721.04,750541.36
SAL0005123,P0130,WH004,2026-06-04,32,14491.67,463733.44
SAL0005124,P0032,WH004,2026-03-12,43,4077.66,175339.38
SAL0005125,P0090,WH003,2026-01-16,59,12387.89,730885.51
SAL0005126,P0003,WH005,2026-07-03,30,10805.71,324171.3
SAL0005127,P0042,WH008,2026-06-17,11,10059.55,110655.05
SAL0005128,P0077,WH004,2026-05-06,26,12721.04,330747.04
SAL0005129,P0101,WH005,2025-08-24,2,7703.08,15406.16
SAL0005130,P0145,WH007,2025-11-14,34,10988.78,373618.52
SAL0005131,P0128,WH005,2025-08-13,41,14193.47,581932.27
SAL0005132,P0047,WH002,2025-08-06,31,12742.54,395018.74
SAL0005133,P0123,WH008,2025-09-20,63,5568.28,350801.64
SAL0005134,P0034,WH004,2026-04-02,55,12148.61,668173.55
SAL0005135,P0042,WH004,2025-08-25,61,10059.55,613632.55
SAL0005136,P0033,WH001,2025-11-16,36,14261.13,513400.68
SAL0005137,P0123,WH005,2026-02-14,40,5568.28,222731.2
SAL0005138,P0027,WH003,2025-10-03,23,9782.53,224998.19
SAL0005139,P0059,WH008,2026-05-11,26,11103.0,288678.0
SAL0005140,P0147,WH002,2026-05-28,18,826.55,14877.9
SAL0005141,P0115,WH007,2026-02-03,79,7832.13,618738.27
SAL0005142,P0131,WH001,2025-12-15,34,332.15,11293.1
SAL0005143,P0128,WH002,2026-07-22,28,14193.47,397417.16
SAL0005144,P0120,WH003,2025-10-21,49,4392.45,215230.05
SAL0005145,P0113,WH001,2025-10-30,64,8027.64,513768.96
SAL0005146,P0015,WH002,2025-10-30,71,4962.3,352323.3
SAL0005147,P0083,WH003,2026-07-29,63,2819.78,177646.14
SAL0005148,P0083,WH006,2025-12-30,62,2819.78,174826.36
SAL0005149,P0023,WH001,2026-01-09,42,3399.02,142758.84
SAL0005150,P0011,WH003,2026-01-06,24,12266.95,294406.8
SAL0005151,P0116,WH001,2025-08-02,35,9441.89,330466.15
SAL0005152,P0103,WH004,2026-04-01,77,12534.03,965120.31
SAL0005153,P0007,WH004,2026-07-03,55,542.22,29822.1
SAL0005154,P0106,WH002,2025-12-07,49,12961.82,635129.18
SAL0005155,P0114,WH008,2025-08-08,77,17232.19,1326878.63
SAL0005156,P0023,WH005,2026-01-03,59,3399.02,200542.18
SAL0005157,P0102,WH006,2026-05-14,22,11449.48,251888.56
SAL0005158,P0058,WH007,2025-12-11,61,5550.94,338607.34
SAL0005159,P0020,WH005,2025-11-24,30,13830.77,414923.1
SAL0005160,P0117,WH007,2025-09-10,69,10971.0,756999.0
SAL0005161,P0136,WH007,2025-12-25,60,9626.15,577569.0
SAL0005162,P0101,WH007,2026-06-13,6,7703.08,46218.48
SAL0005163,P0002,WH003,2026-02-02,11,1611.45,17725.95
SAL0005164,P0022,WH001,2026-02-01,24,12421.92,298126.08
SAL0005165,P0070,WH004,2025-09-17,79,13711.66,1083221.14
SAL0005166,P0103,WH005,2026-05-06,51,12534.03,639235.53
SAL0005167,P0104,WH008,2025-08-22,19,13530.23,257074.37
SAL0005168,P0036,WH007,2026-06-25,50,11599.04,579952.0
SAL0005169,P0108,WH004,2025-08-26,3,9691.84,29075.52
SAL0005170,P0024,WH007,2026-07-10,3,10854.56,32563.68
SAL0005171,P0140,WH006,2026-03-12,31,9565.42,296528.02
SAL0005172,P0022,WH003,2026-02-10,47,12421.92,583830.24
SAL0005173,P0083,WH008,2026-01-07,8,2819.78,22558.24
SAL0005174,P0073,WH006,2026-02-20,17,1439.34,24468.78
SAL0005175,P0124,WH006,2025-10-28,45,3098.15,139416.75
SAL0005176,P0081,WH003,2026-06-05,60,2089.55,125373.0
SAL0005177,P0074,WH001,2025-10-13,75,10068.76,755157.0
SAL0005178,P0030,WH008,2026-03-07,21,11747.59,246699.39
SAL0005179,P0147,WH006,2025-10-04,70,826.55,57858.5
SAL0005180,P0026,WH005,2026-03-11,21,3320.79,69736.59
SAL0005181,P0128,WH007,2025-10-15,58,14193.47,823221.26
SAL0005182,P0011,WH003,2026-02-08,55,12266.95,674682.25
SAL0005183,P0020,WH003,2025-09-24,28,13830.77,387261.56
SAL0005184,P0118,WH007,2025-12-17,75,9694.84,727113.0
SAL0005185,P0056,WH004,2026-05-23,46,189.21,8703.66
SAL0005186,P0047,WH002,2026-06-20,44,12742.54,560671.76
SAL0005187,P0089,WH008,2025-12-23,25,7891.09,197277.25
SAL0005188,P0058,WH006,2026-05-15,71,5550.94,394116.74
SAL0005189,P0010,WH005,2026-05-20,49,12927.18,633431.82
SAL0005190,P0022,WH001,2025-09-28,46,12421.92,571408.32
SAL0005191,P0071,WH006,2026-08-01,63,10220.28,643877.64
SAL0005192,P0024,WH007,2025-12-07,77,10854.56,835801.12
SAL0005193,P0096,WH001,2025-12-05,12,13787.01,165444.12
SAL0005194,P0007,WH004,2025-11-03,78,542.22,42293.16
SAL0005195,P0072,WH006,2026-03-15,57,2337.16,133218.12
SAL0005196,P0127,WH001,2026-02-28,73,600.7,43851.1
SAL0005197,P0038,WH006,2025-12-12,64,3005.11,192327.04
SAL0005198,P0149,WH003,2026-06-07,31,2329.78,72223.18
SAL0005199,P0136,WH006,2026-01-14,4,9626.15,38504.6
SAL0005200,P0121,WH005,2026-01-20,54,5450.85,294345.9
SAL0005201,P0089,WH006,2025-10-30,65,7891.09,512920.85
SAL0005202,P0028,WH001,2026-01-01,6,5125.77,30754.62
SAL0005203,P0092,WH005,2025-10-07,65,11125.06,723128.9
SAL0005204,P0054,WH001,2025-08-19,22,11936.62,262605.64
SAL0005205,P0116,WH008,2026-06-08,17,9441.89,160512.13
SAL0005206,P0116,WH007,2025-10-05,59,9441.89,557071.51
SAL0005207,P0120,WH007,2026-02-02,29,4392.45,127381.05
SAL0005208,P0041,WH002,2026-02-08,67,9233.93,618673.31
SAL0005209,P0037,WH002,2026-04-05,17,1839.84,31277.28
SAL0005210,P0125,WH005,2026-05-29,2,13379.19,26758.38
SAL0005211,P0076,WH007,2026-06-17,32,9723.65,311156.8
SAL0005212,P0037,WH002,2025-08-15,22,1839.84,40476.48
SAL0005213,P0101,WH002,2026-07-02,58,7703.08,446778.64
SAL0005214,P0031,WH003,2026-06-18,53,3886.37,205977.61
SAL0005215,P0146,WH001,2026-06-06,47,12971.8,609674.6
SAL0005216,P0090,WH002,2025-10-08,4,12387.89,49551.56
SAL0005217,P0006,WH005,2026-08-05,38,5888.41,223759.58
SAL0005218,P0137,WH003,2025-08-27,13,410.1,5331.3
SAL0005219,P0139,WH007,2025-12-16,61,16335.66,996475.26
SAL0005220,P0095,WH002,2026-05-29,64,16693.57,1068388.48
SAL0005221,P0119,WH006,2026-02-12,77,15091.44,1162040.88
SAL0005222,P0110,WH007,2026-05-23,33,8117.34,267872.22
SAL0005223,P0120,WH005,2025-09-20,38,4392.45,166913.1
SAL0005224,P0130,WH001,2025-09-11,29,14491.67,420258.43
SAL0005225,P0123,WH008,2025-10-03,61,5568.28,339665.08
SAL0005226,P0029,WH007,2026-07-14,32,5999.79,191993.28
SAL0005227,P0110,WH006,2026-06-05,11,8117.34,89290.74
SAL0005228,P0121,WH007,2026-04-12,18,5450.85,98115.3
SAL0005229,P0069,WH002,2026-05-26,45,4228.28,190272.6
SAL0005230,P0007,WH005,2025-10-29,21,542.22,11386.62
SAL0005231,P0128,WH006,2026-06-07,12,14193.47,170321.64
SAL0005232,P0056,WH008,2025-11-09,20,189.21,3784.2
SAL0005233,P0127,WH005,2025-09-28,7,600.7,4204.9
SAL0005234,P0077,WH004,2026-07-22,71,12721.04,903193.84
SAL0005235,P0062,WH007,2025-10-22,2,4668.52,9337.04
SAL0005236,P0074,WH006,2025-12-02,43,10068.76,432956.68
SAL0005237,P0015,WH005,2026-06-23,21,4962.3,104208.3
SAL0005238,P0053,WH006,2026-01-12,29,4950.69,143570.01
SAL0005239,P0120,WH004,2026-06-06,32,4392.45,140558.4
SAL0005240,P0035,WH001,2025-12-17,45,12109.87,544944.15
SAL0005241,P0014,WH008,2026-05-26,76,9958.36,756835.36
SAL0005242,P0093,WH001,2025-11-07,77,14803.06,1139835.62
SAL0005243,P0122,WH007,2026-03-22,59,17772.54,1048579.86
SAL0005244,P0018,WH003,2025-09-10,3,1249.34,3748.02
SAL0005245,P0129,WH006,2025-09-09,39,5306.75,206963.25
SAL0005246,P0125,WH004,2025-12-04,51,13379.19,682338.69
SAL0005247,P0027,WH008,2026-08-01,8,9782.53,78260.24
SAL0005248,P0064,WH005,2026-02-13,46,6359.37,292531.02
SAL0005249,P0060,WH003,2025-09-27,66,5035.5,332343.0
SAL0005250,P0149,WH006,2026-02-26,6,2329.78,13978.68
SAL0005251,P0014,WH003,2025-10-25,58,9958.36,577584.88
SAL0005252,P0116,WH008,2025-10-26,41,9441.89,387117.49
SAL0005253,P0148,WH006,2025-10-29,79,3215.0,253985.0
SAL0005254,P0092,WH007,2025-11-01,54,11125.06,600753.24
SAL0005255,P0085,WH007,2026-03-11,76,1427.09,108458.84
SAL0005256,P0087,WH001,2026-01-23,41,12269.88,503065.08
SAL0005257,P0139,WH005,2026-03-31,48,16335.66,784111.68
SAL0005258,P0120,WH004,2026-05-17,70,4392.45,307471.5
SAL0005259,P0084,WH007,2025-10-14,27,383.71,10360.17
SAL0005260,P0024,WH001,2025-10-22,47,10854.56,510164.32
SAL0005261,P0119,WH003,2026-08-04,77,15091.44,1162040.88
SAL0005262,P0089,WH002,2025-09-15,23,7891.09,181495.07
SAL0005263,P0037,WH007,2025-10-26,74,1839.84,136148.16
SAL0005264,P0086,WH003,2026-01-11,14,6177.93,86491.02
SAL0005265,P0127,WH008,2026-01-13,61,600.7,36642.7
SAL0005266,P0015,WH002,2026-04-07,67,4962.3,332474.1
SAL0005267,P0012,WH006,2025-12-29,76,14129.48,1073840.48
SAL0005268,P0095,WH001,2026-08-05,25,16693.57,417339.25
SAL0005269,P0031,WH006,2025-11-25,65,3886.37,252614.05
SAL0005270,P0094,WH004,2026-01-01,24,4499.9,107997.6
SAL0005271,P0084,WH005,2026-05-21,53,383.71,20336.63
SAL0005272,P0072,WH007,2026-01-20,73,2337.16,170612.68
SAL0005273,P0044,WH002,2025-11-05,50,11696.79,584839.5
SAL0005274,P0030,WH007,2026-06-04,1,11747.59,11747.59
SAL0005275,P0035,WH005,2025-10-09,39,12109.87,472284.93
SAL0005276,P0021,WH006,2026-03-12,74,7447.62,551123.88
SAL0005277,P0111,WH001,2025-10-08,44,10269.05,451838.2
SAL0005278,P0063,WH001,2026-03-09,5,9321.2,46606.0
SAL0005279,P0092,WH006,2025-08-02,68,11125.06,756504.08
SAL0005280,P0145,WH006,2025-10-01,72,10988.78,791192.16
SAL0005281,P0012,WH001,2025-08-29,65,14129.48,918416.2
SAL0005282,P0146,WH004,2026-05-22,79,12971.8,1024772.2
SAL0005283,P0092,WH002,2025-10-25,15,11125.06,166875.9
SAL0005284,P0060,WH005,2026-06-28,50,5035.5,251775.0
SAL0005285,P0067,WH003,2025-10-26,6,486.56,2919.36
SAL0005286,P0115,WH007,2026-01-11,66,7832.13,516920.58
SAL0005287,P0015,WH006,2025-09-24,69,4962.3,342398.7
SAL0005288,P0016,WH006,2026-05-29,39,3864.55,150717.45
SAL0005289,P0022,WH007,2026-01-11,29,12421.92,360235.68
SAL0005290,P0118,WH001,2026-01-03,46,9694.84,445962.64
SAL0005291,P0113,WH005,2025-09-25,31,8027.64,248856.84
SAL0005292,P0095,WH005,2026-01-15,24,16693.57,400645.68
SAL0005293,P0001,WH004,2026-04-01,15,11805.32,177079.8
SAL0005294,P0075,WH002,2026-07-04,76,11640.25,884659.0
SAL0005295,P0006,WH004,2026-02-22,20,5888.41,117768.2
SAL0005296,P0087,WH008,2026-04-16,4,12269.88,49079.52
SAL0005297,P0137,WH004,2026-01-22,58,410.1,23785.8
SAL0005298,P0062,WH008,2025-11-24,77,4668.52,359476.04
SAL0005299,P0058,WH005,2026-04-09,61,5550.94,338607.34
SAL0005300,P0108,WH002,2026-07-04,10,9691.84,96918.4
SAL0005301,P0019,WH002,2026-02-07,41,11648.11,477572.51
SAL0005302,P0109,WH008,2026-04-02,53,6650.85,352495.05
SAL0005303,P0141,WH002,2025-09-23,71,3336.79,236912.09
SAL0005304,P0123,WH007,2026-07-18,76,5568.28,423189.28
SAL0005305,P0100,WH001,2025-12-23,48,937.89,45018.72
SAL0005306,P0009,WH002,2026-01-22,15,13538.59,203078.85
SAL0005307,P0049,WH005,2026-07-25,7,8075.59,56529.13
SAL0005308,P0031,WH007,2026-02-14,72,3886.37,279818.64
SAL0005309,P0059,WH001,2026-07-29,71,11103.0,788313.0
SAL0005310,P0147,WH003,2026-05-31,43,826.55,35541.65
SAL0005311,P0130,WH008,2025-10-28,4,14491.67,57966.68
SAL0005312,P0045,WH006,2026-01-03,51,7353.86,375046.86
SAL0005313,P0096,WH004,2025-08-28,71,13787.01,978877.71
SAL0005314,P0043,WH002,2026-04-21,59,15848.89,935084.51
SAL0005315,P0098,WH008,2026-07-02,41,8703.81,356856.21
SAL0005316,P0001,WH003,2025-09-25,61,11805.32,720124.52
SAL0005317,P0131,WH002,2025-12-16,30,332.15,9964.5
SAL0005318,P0091,WH004,2025-12-09,18,10637.54,191475.72
SAL0005319,P0044,WH005,2025-11-23,30,11696.79,350903.7
SAL0005320,P0135,WH005,2026-06-30,7,13819.48,96736.36
SAL0005321,P0033,WH004,2025-08-09,52,14261.13,741578.76
SAL0005322,P0137,WH003,2026-08-02,48,410.1,19684.8
SAL0005323,P0030,WH008,2025-10-20,23,11747.59,270194.57
SAL0005324,P0146,WH001,2026-05-02,37,12971.8,479956.6
SAL0005325,P0056,WH006,2025-09-11,71,189.21,13433.91
SAL0005326,P0105,WH006,2026-05-15,53,1294.66,68616.98
SAL0005327,P0031,WH008,2025-11-15,45,3886.37,174886.65
SAL0005328,P0089,WH006,2026-04-16,49,7891.09,386663.41
SAL0005329,P0001,WH001,2026-03-16,49,11805.32,578460.68
SAL0005330,P0110,WH002,2026-05-06,47,8117.34,381514.98
SAL0005331,P0082,WH008,2025-12-19,25,11631.72,290793.0
SAL0005332,P0019,WH004,2026-05-30,27,11648.11,314498.97
SAL0005333,P0115,WH004,2026-06-18,12,7832.13,93985.56
SAL0005334,P0126,WH001,2026-05-22,23,16061.16,369406.68
SAL0005335,P0064,WH003,2026-03-01,17,6359.37,108109.29
SAL0005336,P0053,WH006,2025-08-14,44,4950.69,217830.36
SAL0005337,P0006,WH008,2026-06-07,71,5888.41,418077.11
SAL0005338,P0017,WH007,2026-01-18,24,12869.16,308859.84
SAL0005339,P0046,WH004,2026-02-07,71,4393.97,311971.87
SAL0005340,P0118,WH008,2025-08-30,60,9694.84,581690.4
SAL0005341,P0073,WH005,2026-04-15,53,1439.34,76285.02
SAL0005342,P0101,WH005,2025-10-03,74,7703.08,570027.92
SAL0005343,P0091,WH007,2026-03-08,16,10637.54,170200.64
SAL0005344,P0006,WH004,2025-09-11,25,5888.41,147210.25
SAL0005345,P0109,WH006,2026-01-10,66,6650.85,438956.1
SAL0005346,P0040,WH006,2025-08-03,50,3922.35,196117.5
SAL0005347,P0091,WH006,2026-02-07,69,10637.54,733990.26
SAL0005348,P0066,WH003,2026-04-26,78,4517.29,352348.62
SAL0005349,P0137,WH005,2026-05-03,40,410.1,16404.0
SAL0005350,P0011,WH003,2026-05-11,6,12266.95,73601.7
SAL0005351,P0148,WH001,2025-08-31,64,3215.0,205760.0
SAL0005352,P0116,WH002,2026-03-25,28,9441.89,264372.92
SAL0005353,P0043,WH006,2026-08-13,9,15848.89,142640.01
SAL0005354,P0058,WH001,2026-03-31,6,5550.94,33305.64
SAL0005355,P0038,WH002,2025-11-02,17,3005.11,51086.87
SAL0005356,P0094,WH007,2025-11-24,40,4499.9,179996.0
SAL0005357,P0036,WH005,2026-01-29,76,11599.04,881527.04
SAL0005358,P0006,WH002,2026-02-10,45,5888.41,264978.45
SAL0005359,P0131,WH008,2025-12-28,43,332.15,14282.45
SAL0005360,P0065,WH002,2026-05-02,46,8713.96,400842.16
SAL0005361,P0124,WH004,2026-07-27,63,3098.15,195183.45
SAL0005362,P0117,WH002,2026-03-05,1,10971.0,10971.0
SAL0005363,P0018,WH004,2026-02-28,59,1249.34,73711.06
SAL0005364,P0096,WH002,2025-11-05,63,13787.01,868581.63
SAL0005365,P0128,WH004,2025-12-11,79,14193.47,1121284.13
SAL0005366,P0036,WH005,2026-08-14,18,11599.04,208782.72
SAL0005367,P0070,WH005,2025-11-20,65,13711.66,891257.9
SAL0005368,P0095,WH008,2025-08-25,20,16693.57,333871.4
SAL0005369,P0134,WH002,2026-04-18,56,4427.4,247934.4
SAL0005370,P0044,WH007,2025-10-15,54,11696.79,631626.66
SAL0005371,P0044,WH007,2026-02-01,48,11696.79,561445.92
SAL0005372,P0027,WH003,2026-04-15,54,9782.53,528256.62
SAL0005373,P0100,WH007,2026-05-22,16,937.89,15006.24
SAL0005374,P0052,WH008,2025-11-21,20,1381.73,27634.6
SAL0005375,P0025,WH005,2025-10-27,47,7089.85,333222.95
SAL0005376,P0074,WH001,2026-07-16,7,10068.76,70481.32
SAL0005377,P0039,WH007,2026-07-07,23,10521.02,241983.46
SAL0005378,P0140,WH001,2025-10-26,75,9565.42,717406.5
SAL0005379,P0139,WH004,2026-04-26,33,16335.66,539076.78
SAL0005380,P0113,WH003,2026-02-21,40,8027.64,321105.6
SAL0005381,P0003,WH008,2026-05-15,5,10805.71,54028.55
SAL0005382,P0115,WH008,2025-08-31,45,7832.13,352445.85
SAL0005383,P0022,WH006,2025-11-10,41,12421.92,509298.72
SAL0005384,P0004,WH004,2026-03-26,8,1797.79,14382.32
SAL0005385,P0136,WH002,2025-10-16,50,9626.15,481307.5
SAL0005386,P0014,WH007,2026-03-20,31,9958.36,308709.16
SAL0005387,P0014,WH008,2026-06-25,4,9958.36,39833.44
SAL0005388,P0016,WH005,2026-07-17,66,3864.55,255060.3
SAL0005389,P0064,WH003,2026-04-15,56,6359.37,356124.72
SAL0005390,P0016,WH004,2025-08-02,5,3864.55,19322.75
SAL0005391,P0052,WH004,2025-09-29,54,1381.73,74613.42
SAL0005392,P0019,WH001,2026-01-21,1,11648.11,11648.11
SAL0005393,P0069,WH002,2026-01-17,76,4228.28,321349.28
SAL0005394,P0140,WH004,2026-03-10,73,9565.42,698275.66
SAL0005395,P0093,WH008,2026-05-27,61,14803.06,902986.66
SAL0005396,P0005,WH001,2026-06-02,7,8142.68,56998.76
SAL0005397,P0042,WH003,2026-03-17,30,10059.55,301786.5
SAL0005398,P0017,WH004,2026-05-02,15,12869.16,193037.4
SAL0005399,P0111,WH006,2026-07-25,4,10269.05,41076.2
SAL0005400,P0072,WH006,2025-11-20,63,2337.16,147241.08
SAL0005401,P0104,WH001,2026-03-06,70,13530.23,947116.1
SAL0005402,P0094,WH006,2026-05-26,38,4499.9,170996.2
SAL0005403,P0010,WH008,2026-06-03,47,12927.18,607577.46
SAL0005404,P0016,WH002,2026-06-24,60,3864.55,231873.0
SAL0005405,P0144,WH008,2026-05-23,2,13859.79,27719.58
SAL0005406,P0042,WH005,2026-07-30,69,10059.55,694108.95
SAL0005407,P0003,WH006,2025-10-03,8,10805.71,86445.68
SAL0005408,P0121,WH008,2025-08-09,51,5450.85,277993.35
SAL0005409,P0024,WH003,2025-09-06,19,10854.56,206236.64
SAL0005410,P0019,WH004,2025-10-13,31,11648.11,361091.41
SAL0005411,P0075,WH008,2026-04-03,22,11640.25,256085.5
SAL0005412,P0040,WH001,2026-02-14,33,3922.35,129437.55
SAL0005413,P0046,WH004,2025-12-03,72,4393.97,316365.84
SAL0005414,P0040,WH005,2026-02-02,37,3922.35,145126.95
SAL0005415,P0062,WH008,2025-11-18,12,4668.52,56022.24
SAL0005416,P0018,WH004,2025-11-02,69,1249.34,86204.46
SAL0005417,P0140,WH004,2025-11-11,64,9565.42,612186.88
SAL0005418,P0142,WH001,2025-08-24,25,10972.07,274301.75
SAL0005419,P0082,WH008,2026-03-11,54,11631.72,628112.88
SAL0005420,P0108,WH005,2026-06-20,29,9691.84,281063.36
SAL0005421,P0012,WH003,2026-03-07,13,14129.48,183683.24
SAL0005422,P0104,WH001,2026-01-30,26,13530.23,351785.98
SAL0005423,P0134,WH007,2026-08-04,22,4427.4,97402.8
SAL0005424,P0088,WH005,2026-03-15,76,673.42,51179.92
SAL0005425,P0115,WH005,2026-05-14,73,7832.13,571745.49
SAL0005426,P0033,WH004,2026-08-07,10,14261.13,142611.3
SAL0005427,P0118,WH002,2026-01-24,48,9694.84,465352.32
SAL0005428,P0080,WH002,2026-02-04,42,12953.94,544065.48
SAL0005429,P0012,WH008,2026-08-12,59,14129.48,833639.32
SAL0005430,P0095,WH003,2025-12-25,53,16693.57,884759.21
SAL0005431,P0053,WH004,2026-05-29,40,4950.69,198027.6
SAL0005432,P0013,WH002,2026-08-12,75,5230.23,392267.25
SAL0005433,P0122,WH001,2026-01-07,62,17772.54,1101897.48
SAL0005434,P0102,WH008,2025-08-17,6,11449.48,68696.88
SAL0005435,P0131,WH003,2026-06-25,4,332.15,1328.6
SAL0005436,P0058,WH004,2026-02-09,55,5550.94,305301.7
SAL0005437,P0004,WH006,2026-04-15,69,1797.79,124047.51
SAL0005438,P0066,WH001,2025-10-26,3,4517.29,13551.87
SAL0005439,P0115,WH002,2026-04-19,7,7832.13,54824.91
SAL0005440,P0036,WH002,2026-06-25,12,11599.04,139188.48
SAL0005441,P0023,WH002,2025-11-02,17,3399.02,57783.34
SAL0005442,P0019,WH002,2025-09-05,67,11648.11,780423.37
SAL0005443,P0040,WH005,2025-12-15,75,3922.35,294176.25
SAL0005444,P0072,WH006,2025-11-16,70,2337.16,163601.2
SAL0005445,P0144,WH003,2025-09-14,36,13859.79,498952.44
SAL0005446,P0058,WH003,2026-02-02,17,5550.94,94365.98
SAL0005447,P0107,WH002,2026-06-09,1,6158.26,6158.26
SAL0005448,P0018,WH003,2025-11-21,67,1249.34,83705.78
SAL0005449,P0036,WH006,2025-12-17,78,11599.04,904725.12
SAL0005450,P0129,WH001,2025-09-26,49,5306.75,260030.75
SAL0005451,P0001,WH001,2025-12-30,51,11805.32,602071.32
SAL0005452,P0064,WH007,2025-08-02,71,6359.37,451515.27
SAL0005453,P0062,WH003,2026-07-17,43,4668.52,200746.36
SAL0005454,P0110,WH002,2026-01-30,31,8117.34,251637.54
SAL0005455,P0075,WH004,2026-01-15,24,11640.25,279366.0
SAL0005456,P0146,WH006,2025-10-02,37,12971.8,479956.6
SAL0005457,P0016,WH002,2025-09-23,65,3864.55,251195.75
SAL0005458,P0017,WH005,2026-02-27,63,12869.16,810757.08
SAL0005459,P0024,WH008,2026-05-10,56,10854.56,607855.36
SAL0005460,P0098,WH004,2026-06-22,74,8703.81,644081.94
SAL0005461,P0130,WH006,2026-03-08,18,14491.67,260850.06
SAL0005462,P0138,WH005,2025-12-28,65,14687.9,954713.5
SAL0005463,P0014,WH003,2025-10-25,29,9958.36,288792.44
SAL0005464,P0112,WH005,2026-04-27,77,7497.58,577313.66
SAL0005465,P0066,WH003,2025-09-25,4,4517.29,18069.16
SAL0005466,P0082,WH005,2026-01-09,12,11631.72,139580.64
SAL0005467,P0093,WH004,2026-04-07,56,14803.06,828971.36
SAL0005468,P0072,WH005,2026-04-24,48,2337.16,112183.68
SAL0005469,P0101,WH002,2026-03-03,19,7703.08,146358.52
SAL0005470,P0049,WH003,2025-09-01,26,8075.59,209965.34
SAL0005471,P0090,WH001,2026-03-01,38,12387.89,470739.82
SAL0005472,P0037,WH005,2026-05-06,25,1839.84,45996.0
SAL0005473,P0150,WH003,2026-01-25,56,11200.18,627210.08
SAL0005474,P0070,WH001,2026-04-06,74,13711.66,1014662.84
SAL0005475,P0033,WH003,2026-02-22,28,14261.13,399311.64
SAL0005476,P0028,WH008,2026-07-21,61,5125.77,312671.97
SAL0005477,P0088,WH007,2026-06-11,51,673.42,34344.42
SAL0005478,P0004,WH003,2025-12-08,12,1797.79,21573.48
SAL0005479,P0066,WH008,2026-08-02,8,4517.29,36138.32
SAL0005480,P0077,WH001,2025-09-05,58,12721.04,737820.32
SAL0005481,P0110,WH001,2026-02-12,23,8117.34,186698.82
SAL0005482,P0049,WH004,2026-01-04,37,8075.59,298796.83
SAL0005483,P0128,WH006,2026-04-13,11,14193.47,156128.17
SAL0005484,P0139,WH007,2025-08-15,17,16335.66,277706.22
SAL0005485,P0035,WH005,2026-04-12,56,12109.87,678152.72
SAL0005486,P0138,WH005,2026-06-24,53,14687.9,778458.7
SAL0005487,P0074,WH007,2025-11-02,67,10068.76,674606.92
SAL0005488,P0069,WH003,2026-03-04,2,4228.28,8456.56
SAL0005489,P0034,WH007,2025-10-16,29,12148.61,352309.69
SAL0005490,P0124,WH002,2025-11-26,57,3098.15,176594.55
SAL0005491,P0111,WH008,2025-11-01,34,10269.05,349147.7
SAL0005492,P0032,WH002,2026-01-25,78,4077.66,318057.48
SAL0005493,P0016,WH006,2025-10-21,2,3864.55,7729.1
SAL0005494,P0068,WH003,2026-03-01,75,7651.09,573831.75
SAL0005495,P0054,WH004,2025-12-09,31,11936.62,370035.22
SAL0005496,P0124,WH001,2026-07-23,77,3098.15,238557.55
SAL0005497,P0112,WH003,2026-05-03,44,7497.58,329893.52
SAL0005498,P0060,WH008,2025-12-17,56,5035.5,281988.0
SAL0005499,P0078,WH005,2026-07-09,54,9150.16,494108.64
SAL0005500,P0076,WH002,2025-11-22,53,9723.65,515353.45
SAL0005501,P0060,WH008,2026-07-15,74,5035.5,372627.0
SAL0005502,P0085,WH002,2026-05-24,76,1427.09,108458.84
SAL0005503,P0112,WH002,2026-01-15,46,7497.58,344888.68
SAL0005504,P0080,WH004,2026-02-17,54,12953.94,699512.76
SAL0005505,P0118,WH005,2025-09-24,31,9694.84,300540.04
SAL0005506,P0002,WH004,2026-01-07,24,1611.45,38674.8
SAL0005507,P0023,WH001,2026-07-11,25,3399.02,84975.5
SAL0005508,P0046,WH003,2026-07-20,35,4393.97,153788.95
SAL0005509,P0073,WH003,2026-03-27,57,1439.34,82042.38
SAL0005510,P0054,WH007,2026-07-25,72,11936.62,859436.64
SAL0005511,P0071,WH002,2025-10-16,69,10220.28,705199.32
SAL0005512,P0125,WH007,2026-08-08,28,13379.19,374617.32
SAL0005513,P0081,WH002,2026-06-28,76,2089.55,158805.8
SAL0005514,P0009,WH001,2026-01-04,33,13538.59,446773.47
SAL0005515,P0070,WH008,2025-09-28,53,13711.66,726717.98
SAL0005516,P0084,WH004,2025-10-12,16,383.71,6139.36
SAL0005517,P0074,WH006,2026-01-23,26,10068.76,261787.76
SAL0005518,P0073,WH006,2026-07-09,12,1439.34,17272.08
SAL0005519,P0012,WH006,2026-05-31,77,14129.48,1087969.96
SAL0005520,P0032,WH005,2025-10-16,31,4077.66,126407.46
SAL0005521,P0083,WH001,2025-10-18,27,2819.78,76134.06
SAL0005522,P0033,WH003,2026-02-21,36,14261.13,513400.68
SAL0005523,P0064,WH003,2025-10-31,59,6359.37,375202.83
SAL0005524,P0048,WH004,2026-07-07,3,5653.52,16960.56
SAL0005525,P0016,WH007,2026-04-16,32,3864.55,123665.6
SAL0005526,P0114,WH001,2026-05-19,15,17232.19,258482.85
SAL0005527,P0026,WH005,2026-05-30,75,3320.79,249059.25
SAL0005528,P0054,WH001,2026-02-24,66,11936.62,787816.92
SAL0005529,P0037,WH001,2025-11-02,63,1839.84,115909.92
SAL0005530,P0009,WH004,2025-08-29,1,13538.59,13538.59
SAL0005531,P0013,WH008,2026-05-05,75,5230.23,392267.25
SAL0005532,P0060,WH005,2025-11-19,5,5035.5,25177.5
SAL0005533,P0106,WH006,2026-08-06,6,12961.82,77770.92
SAL0005534,P0126,WH003,2026-06-12,5,16061.16,80305.8
SAL0005535,P0080,WH008,2026-03-03,73,12953.94,945637.62
SAL0005536,P0128,WH002,2026-02-20,28,14193.47,397417.16
SAL0005537,P0130,WH007,2026-07-20,69,14491.67,999925.23
SAL0005538,P0060,WH006,2025-09-20,44,5035.5,221562.0
SAL0005539,P0115,WH005,2026-03-31,16,7832.13,125314.08
SAL0005540,P0043,WH003,2026-05-18,71,15848.89,1125271.19
SAL0005541,P0147,WH006,2025-10-26,78,826.55,64470.9
SAL0005542,P0124,WH008,2025-10-06,22,3098.15,68159.3
SAL0005543,P0139,WH008,2026-05-09,73,16335.66,1192503.18
SAL0005544,P0047,WH004,2026-06-11,23,12742.54,293078.42
SAL0005545,P0063,WH007,2026-07-25,43,9321.2,400811.6
SAL0005546,P0135,WH005,2026-07-09,68,13819.48,939724.64
SAL0005547,P0094,WH005,2025-09-27,43,4499.9,193495.7
SAL0005548,P0123,WH003,2026-06-26,26,5568.28,144775.28
SAL0005549,P0031,WH003,2026-05-09,41,3886.37,159341.17
SAL0005550,P0055,WH001,2026-07-05,70,14208.97,994627.9
SAL0005551,P0030,WH008,2025-11-20,31,11747.59,364175.29
SAL0005552,P0036,WH001,2026-02-05,17,11599.04,197183.68
SAL0005553,P0050,WH005,2026-02-10,9,4526.14,40735.26
SAL0005554,P0142,WH002,2026-06-01,55,10972.07,603463.85
SAL0005555,P0029,WH004,2026-06-05,6,5999.79,35998.74
SAL0005556,P0117,WH003,2026-03-21,70,10971.0,767970.0
SAL0005557,P0036,WH001,2026-05-07,64,11599.04,742338.56
SAL0005558,P0021,WH004,2026-06-17,4,7447.62,29790.48
SAL0005559,P0038,WH007,2026-05-10,67,3005.11,201342.37
SAL0005560,P0075,WH006,2025-08-26,56,11640.25,651854.0
SAL0005561,P0126,WH006,2026-04-23,18,16061.16,289100.88
SAL0005562,P0037,WH008,2026-02-27,32,1839.84,58874.88
SAL0005563,P0120,WH005,2026-05-28,48,4392.45,210837.6
SAL0005564,P0147,WH003,2026-01-20,29,826.55,23969.95
SAL0005565,P0118,WH008,2026-03-25,32,9694.84,310234.88
SAL0005566,P0001,WH006,2026-05-04,25,11805.32,295133.0
SAL0005567,P0055,WH007,2026-05-08,76,14208.97,1079881.72
SAL0005568,P0059,WH003,2026-08-10,63,11103.0,699489.0
SAL0005569,P0051,WH001,2026-03-10,9,7869.03,70821.27
SAL0005570,P0107,WH006,2026-07-05,71,6158.26,437236.46
SAL0005571,P0143,WH002,2025-09-21,14,13992.71,195897.94
SAL0005572,P0008,WH006,2026-04-21,20,13511.51,270230.2
SAL0005573,P0094,WH003,2025-08-23,10,4499.9,44999.0
SAL0005574,P0142,WH002,2026-03-06,11,10972.07,120692.77
SAL0005575,P0097,WH004,2025-12-07,39,1350.79,52680.81
SAL0005576,P0007,WH006,2026-05-05,19,542.22,10302.18
SAL0005577,P0018,WH003,2025-08-29,19,1249.34,23737.46
SAL0005578,P0012,WH006,2026-07-15,43,14129.48,607567.64
SAL0005579,P0002,WH006,2026-07-30,61,1611.45,98298.45
SAL0005580,P0093,WH003,2026-01-30,70,14803.06,1036214.2
SAL0005581,P0149,WH002,2026-01-17,72,2329.78,167744.16
SAL0005582,P0007,WH001,2026-05-15,65,542.22,35244.3
SAL0005583,P0012,WH007,2026-04-20,23,14129.48,324978.04
SAL0005584,P0084,WH006,2025-09-11,60,383.71,23022.6
SAL0005585,P0057,WH005,2026-04-22,10,1071.29,10712.9
SAL0005586,P0078,WH004,2026-03-21,63,9150.16,576460.08
SAL0005587,P0074,WH003,2026-05-11,2,10068.76,20137.52
SAL0005588,P0023,WH006,2026-07-14,36,3399.02,122364.72
SAL0005589,P0030,WH007,2025-11-14,57,11747.59,669612.63
SAL0005590,P0111,WH001,2025-12-29,66,10269.05,677757.3
SAL0005591,P0058,WH003,2025-08-07,79,5550.94,438524.26
SAL0005592,P0095,WH008,2025-09-28,20,16693.57,333871.4
SAL0005593,P0052,WH006,2025-12-12,42,1381.73,58032.66
SAL0005594,P0056,WH004,2026-04-12,21,189.21,3973.41
SAL0005595,P0010,WH005,2026-03-12,66,12927.18,853193.88
SAL0005596,P0147,WH003,2025-11-02,38,826.55,31408.9
SAL0005597,P0147,WH006,2025-12-25,78,826.55,64470.9
SAL0005598,P0108,WH002,2026-02-06,69,9691.84,668736.96
SAL0005599,P0087,WH001,2025-12-30,24,12269.88,294477.12
SAL0005600,P0084,WH005,2026-03-10,26,383.71,9976.46
SAL0005601,P0004,WH003,2025-11-15,2,1797.79,3595.58
SAL0005602,P0097,WH006,2025-11-08,46,1350.79,62136.34
SAL0005603,P0112,WH005,2026-06-07,34,7497.58,254917.72
SAL0005604,P0141,WH002,2026-04-24,62,3336.79,206880.98
SAL0005605,P0067,WH003,2026-02-22,41,486.56,19948.96
SAL0005606,P0140,WH008,2026-06-01,15,9565.42,143481.3
SAL0005607,P0093,WH005,2025-10-29,55,14803.06,814168.3
SAL0005608,P0095,WH003,2025-11-13,3,16693.57,50080.71
SAL0005609,P0041,WH008,2026-07-01,76,9233.93,701778.68
SAL0005610,P0002,WH003,2025-10-07,38,1611.45,61235.1
SAL0005611,P0022,WH005,2026-04-03,51,12421.92,633517.92
SAL0005612,P0150,WH003,2025-08-05,17,11200.18,190403.06
SAL0005613,P0041,WH002,2026-06-08,49,9233.93,452462.57
SAL0005614,P0095,WH005,2026-05-21,21,16693.57,350564.97
SAL0005615,P0116,WH006,2026-04-24,24,9441.89,226605.36
SAL0005616,P0120,WH007,2025-11-06,40,4392.45,175698.0
SAL0005617,P0014,WH005,2025-12-13,20,9958.36,199167.2
SAL0005618,P0093,WH002,2026-08-06,79,14803.06,1169441.74
SAL0005619,P0035,WH002,2025-11-11,35,12109.87,423845.45
SAL0005620,P0009,WH002,2026-06-08,48,13538.59,649852.32
SAL0005621,P0118,WH008,2026-06-16,33,9694.84,319929.72
SAL0005622,P0096,WH006,2026-04-11,56,13787.01,772072.56
SAL0005623,P0059,WH006,2026-05-16,41,11103.0,455223.0
SAL0005624,P0056,WH007,2026-02-25,54,189.21,10217.34
SAL0005625,P0010,WH007,2026-08-07,44,12927.18,568795.92
SAL0005626,P0025,WH003,2026-05-10,72,7089.85,510469.2
SAL0005627,P0011,WH003,2025-11-05,11,12266.95,134936.45
SAL0005628,P0101,WH004,2025-12-05,14,7703.08,107843.12
SAL0005629,P0009,WH007,2026-04-21,42,13538.59,568620.78
SAL0005630,P0135,WH007,2025-10-27,79,13819.48,1091738.92
SAL0005631,P0071,WH003,2026-03-11,12,10220.28,122643.36
SAL0005632,P0083,WH002,2026-05-24,17,2819.78,47936.26
SAL0005633,P0020,WH004,2025-08-17,78,13830.77,1078800.06
SAL0005634,P0114,WH007,2025-08-01,25,17232.19,430804.75
SAL0005635,P0089,WH002,2025-09-29,26,7891.09,205168.34
SAL0005636,P0005,WH001,2026-05-10,47,8142.68,382705.96
SAL0005637,P0112,WH008,2026-05-27,25,7497.58,187439.5
SAL0005638,P0055,WH007,2025-09-06,60,14208.97,852538.2
SAL0005639,P0089,WH006,2026-02-02,60,7891.09,473465.4
SAL0005640,P0015,WH005,2026-02-03,27,4962.3,133982.1
SAL0005641,P0004,WH001,2026-02-13,43,1797.79,77304.97
SAL0005642,P0078,WH006,2026-04-23,76,9150.16,695412.16
SAL0005643,P0120,WH006,2025-08-16,20,4392.45,87849.0
SAL0005644,P0113,WH008,2026-07-29,63,8027.64,505741.32
SAL0005645,P0021,WH002,2025-10-18,25,7447.62,186190.5
SAL0005646,P0137,WH003,2025-12-24,27,410.1,11072.7
SAL0005647,P0066,WH005,2025-08-26,52,4517.29,234899.08
SAL0005648,P0107,WH003,2025-10-08,10,6158.26,61582.6
SAL0005649,P0112,WH003,2025-11-23,50,7497.58,374879.0
SAL0005650,P0117,WH007,2026-06-18,30,10971.0,329130.0
SAL0005651,P0128,WH005,2026-05-24,1,14193.47,14193.47
SAL0005652,P0102,WH005,2026-01-17,54,11449.48,618271.92
SAL0005653,P0078,WH001,2025-09-29,4,9150.16,36600.64
SAL0005654,P0037,WH002,2026-03-08,7,1839.84,12878.88
SAL0005655,P0006,WH003,2026-01-09,30,5888.41,176652.3
SAL0005656,P0082,WH008,2026-03-28,65,11631.72,756061.8
SAL0005657,P0086,WH002,2026-04-28,29,6177.93,179159.97
SAL0005658,P0082,WH002,2026-07-08,25,11631.72,290793.0
SAL0005659,P0051,WH008,2026-06-05,40,7869.03,314761.2
SAL0005660,P0066,WH007,2026-07-01,26,4517.29,117449.54
SAL0005661,P0096,WH004,2026-02-17,17,13787.01,234379.17
SAL0005662,P0145,WH001,2025-08-31,31,10988.78,340652.18
SAL0005663,P0065,WH003,2026-01-17,61,8713.96,531551.56
SAL0005664,P0009,WH006,2026-08-01,8,13538.59,108308.72
SAL0005665,P0141,WH005,2026-06-01,69,3336.79,230238.51
SAL0005666,P0101,WH005,2026-02-01,1,7703.08,7703.08
SAL0005667,P0031,WH002,2025-10-18,79,3886.37,307023.23
SAL0005668,P0063,WH008,2026-01-24,71,9321.2,661805.2
SAL0005669,P0059,WH001,2025-09-01,46,11103.0,510738.0
SAL0005670,P0010,WH001,2026-03-01,20,12927.18,258543.6
SAL0005671,P0089,WH003,2025-12-05,40,7891.09,315643.6
SAL0005672,P0124,WH003,2025-09-13,2,3098.15,6196.3
SAL0005673,P0100,WH002,2025-11-26,61,937.89,57211.29
SAL0005674,P0090,WH002,2026-06-28,71,12387.89,879540.19
SAL0005675,P0026,WH002,2026-02-01,77,3320.79,255700.83
SAL0005676,P0077,WH004,2025-08-26,30,12721.04,381631.2
SAL0005677,P0017,WH001,2026-03-22,30,12869.16,386074.8
SAL0005678,P0068,WH002,2026-07-16,45,7651.09,344299.05
SAL0005679,P0023,WH007,2025-11-15,24,3399.02,81576.48
SAL0005680,P0009,WH001,2026-06-04,56,13538.59,758161.04
SAL0005681,P0045,WH006,2025-10-17,61,7353.86,448585.46
SAL0005682,P0147,WH005,2026-08-17,13,826.55,10745.15
SAL0005683,P0075,WH005,2026-05-04,56,11640.25,651854.0
SAL0005684,P0027,WH001,2025-09-24,15,9782.53,146737.95
SAL0005685,P0141,WH006,2026-08-10,11,3336.79,36704.69
SAL0005686,P0140,WH005,2026-05-01,12,9565.42,114785.04
SAL0005687,P0009,WH005,2025-12-26,3,13538.59,40615.77
SAL0005688,P0092,WH005,2026-04-05,24,11125.06,267001.44
SAL0005689,P0077,WH003,2025-11-10,9,12721.04,114489.36
SAL0005690,P0084,WH006,2025-10-24,46,383.71,17650.66
SAL0005691,P0077,WH008,2025-12-24,71,12721.04,903193.84
SAL0005692,P0029,WH003,2026-03-24,60,5999.79,359987.4
SAL0005693,P0150,WH001,2025-08-18,11,11200.18,123201.98
SAL0005694,P0073,WH001,2025-08-01,10,1439.34,14393.4
SAL0005695,P0088,WH004,2025-08-30,3,673.42,2020.26
SAL0005696,P0106,WH008,2026-05-11,19,12961.82,246274.58
SAL0005697,P0147,WH003,2025-11-17,2,826.55,1653.1
SAL0005698,P0038,WH001,2026-08-15,17,3005.11,51086.87
SAL0005699,P0095,WH008,2026-07-06,2,16693.57,33387.14
SAL0005700,P0039,WH003,2026-03-31,53,10521.02,557614.06
SAL0005701,P0143,WH004,2025-10-19,16,13992.71,223883.36
SAL0005702,P0054,WH001,2026-06-17,10,11936.62,119366.2
SAL0005703,P0110,WH001,2026-01-30,68,8117.34,551979.12
SAL0005704,P0112,WH001,2025-08-26,43,7497.58,322395.94
SAL0005705,P0052,WH001,2025-10-30,58,1381.73,80140.34
SAL0005706,P0035,WH002,2025-08-03,60,12109.87,726592.2
SAL0005707,P0037,WH006,2025-09-13,24,1839.84,44156.16
SAL0005708,P0078,WH006,2025-12-08,76,9150.16,695412.16
SAL0005709,P0061,WH003,2026-05-21,16,685.7,10971.2
SAL0005710,P0111,WH003,2026-03-04,9,10269.05,92421.45
SAL0005711,P0114,WH008,2026-03-02,6,17232.19,103393.14
SAL0005712,P0009,WH008,2026-07-15,65,13538.59,880008.35
SAL0005713,P0019,WH003,2026-01-02,78,11648.11,908552.58
SAL0005714,P0121,WH004,2025-09-08,24,5450.85,130820.4
SAL0005715,P0105,WH007,2026-03-12,10,1294.66,12946.6
SAL0005716,P0080,WH002,2026-03-04,73,12953.94,945637.62
SAL0005717,P0026,WH007,2026-07-27,27,3320.79,89661.33
SAL0005718,P0040,WH003,2025-10-18,3,3922.35,11767.05
SAL0005719,P0025,WH008,2026-07-30,38,7089.85,269414.3
SAL0005720,P0099,WH008,2026-08-05,73,12570.46,917643.58
SAL0005721,P0118,WH003,2026-03-21,74,9694.84,717418.16
SAL0005722,P0069,WH001,2025-08-23,73,4228.28,308664.44
SAL0005723,P0071,WH008,2025-08-27,17,10220.28,173744.76
SAL0005724,P0089,WH007,2026-01-19,48,7891.09,378772.32
SAL0005725,P0065,WH008,2026-03-08,49,8713.96,426984.04
SAL0005726,P0150,WH001,2026-03-11,43,11200.18,481607.74
SAL0005727,P0064,WH008,2026-01-14,7,6359.37,44515.59
SAL0005728,P0058,WH007,2025-09-02,68,5550.94,377463.92
SAL0005729,P0112,WH007,2026-03-19,74,7497.58,554820.92
SAL0005730,P0123,WH001,2026-03-22,21,5568.28,116933.88
SAL0005731,P0097,WH003,2025-09-05,78,1350.79,105361.62
SAL0005732,P0106,WH001,2026-02-10,25,12961.82,324045.5
SAL0005733,P0004,WH003,2026-01-09,61,1797.79,109665.19
SAL0005734,P0129,WH007,2026-01-24,28,5306.75,148589.0
SAL0005735,P0026,WH004,2026-07-23,78,3320.79,259021.62
SAL0005736,P0033,WH004,2025-12-06,52,14261.13,741578.76
SAL0005737,P0027,WH005,2025-10-20,13,9782.53,127172.89
SAL0005738,P0042,WH008,2025-11-07,34,10059.55,342024.7
SAL0005739,P0071,WH002,2025-11-24,67,10220.28,684758.76
SAL0005740,P0064,WH001,2026-07-12,4,6359.37,25437.48
SAL0005741,P0025,WH006,2026-07-13,44,7089.85,311953.4
SAL0005742,P0072,WH001,2026-07-31,15,2337.16,35057.4
SAL0005743,P0105,WH002,2026-04-17,8,1294.66,10357.28
SAL0005744,P0132,WH008,2026-08-05,5,17778.84,88894.2
SAL0005745,P0012,WH008,2025-10-02,66,14129.48,932545.68
SAL0005746,P0058,WH007,2026-06-15,73,5550.94,405218.62
SAL0005747,P0095,WH002,2025-12-02,46,16693.57,767904.22
SAL0005748,P0139,WH007,2026-01-05,65,16335.66,1061817.9
SAL0005749,P0101,WH005,2026-05-31,66,7703.08,508403.28
SAL0005750,P0108,WH002,2026-05-18,26,9691.84,251987.84
SAL0005751,P0059,WH003,2025-10-21,31,11103.0,344193.0
SAL0005752,P0117,WH001,2025-09-28,51,10971.0,559521.0
SAL0005753,P0109,WH002,2026-01-11,41,6650.85,272684.85
SAL0005754,P0022,WH003,2026-07-26,51,12421.92,633517.92
SAL0005755,P0065,WH002,2026-06-28,19,8713.96,165565.24
SAL0005756,P0050,WH006,2026-04-09,73,4526.14,330408.22
SAL0005757,P0004,WH003,2026-06-08,3,1797.79,5393.37
SAL0005758,P0102,WH004,2025-10-07,38,11449.48,435080.24
SAL0005759,P0043,WH008,2026-06-28,70,15848.89,1109422.3
SAL0005760,P0105,WH003,2025-12-28,45,1294.66,58259.7
SAL0005761,P0004,WH005,2026-02-03,71,1797.79,127643.09
SAL0005762,P0141,WH007,2026-01-15,41,3336.79,136808.39
SAL0005763,P0067,WH003,2026-02-24,25,486.56,12164.0
SAL0005764,P0055,WH002,2026-03-21,50,14208.97,710448.5
SAL0005765,P0096,WH004,2026-06-23,1,13787.01,13787.01
SAL0005766,P0065,WH008,2026-08-07,54,8713.96,470553.84
SAL0005767,P0075,WH008,2025-08-24,13,11640.25,151323.25
SAL0005768,P0130,WH004,2025-09-15,40,14491.67,579666.8
SAL0005769,P0120,WH003,2025-12-16,21,4392.45,92241.45
SAL0005770,P0086,WH002,2026-04-06,41,6177.93,253295.13
SAL0005771,P0062,WH008,2026-01-17,61,4668.52,284779.72
SAL0005772,P0112,WH004,2025-09-24,33,7497.58,247420.14
SAL0005773,P0126,WH006,2026-01-08,73,16061.16,1172464.68
SAL0005774,P0077,WH003,2026-06-22,29,12721.04,368910.16
SAL0005775,P0122,WH003,2026-04-24,55,17772.54,977489.7
SAL0005776,P0008,WH007,2025-08-30,32,13511.51,432368.32
SAL0005777,P0054,WH008,2026-07-19,11,11936.62,131302.82
SAL0005778,P0135,WH008,2025-08-12,52,13819.48,718612.96
SAL0005779,P0083,WH008,2026-03-30,36,2819.78,101512.08
SAL0005780,P0103,WH003,2026-02-22,31,12534.03,388554.93
SAL0005781,P0100,WH004,2026-02-05,14,937.89,13130.46
SAL0005782,P0032,WH001,2025-11-15,63,4077.66,256892.58
SAL0005783,P0062,WH002,2026-05-03,52,4668.52,242763.04
SAL0005784,P0030,WH005,2026-06-17,54,11747.59,634369.86
SAL0005785,P0106,WH005,2026-08-16,50,12961.82,648091.0
SAL0005786,P0039,WH008,2025-12-25,54,10521.02,568135.08
SAL0005787,P0133,WH002,2026-01-24,73,10911.61,796547.53
SAL0005788,P0022,WH001,2026-03-22,35,12421.92,434767.2
SAL0005789,P0150,WH007,2026-03-28,30,11200.18,336005.4
SAL0005790,P0128,WH007,2026-01-14,55,14193.47,780640.85
SAL0005791,P0029,WH007,2026-07-06,1,5999.79,5999.79
SAL0005792,P0042,WH007,2026-05-11,15,10059.55,150893.25
SAL0005793,P0060,WH002,2026-01-20,25,5035.5,125887.5
SAL0005794,P0119,WH003,2026-02-27,20,15091.44,301828.8
SAL0005795,P0077,WH006,2026-01-02,71,12721.04,903193.84
SAL0005796,P0096,WH002,2025-08-29,16,13787.01,220592.16
SAL0005797,P0086,WH002,2026-03-17,52,6177.93,321252.36
SAL0005798,P0112,WH006,2025-11-21,65,7497.58,487342.7
SAL0005799,P0084,WH004,2026-07-30,70,383.71,26859.7
SAL0005800,P0006,WH005,2026-07-21,1,5888.41,5888.41
SAL0005801,P0073,WH008,2025-11-16,16,1439.34,23029.44
SAL0005802,P0077,WH005,2025-12-22,27,12721.04,343468.08
SAL0005803,P0031,WH008,2025-09-19,18,3886.37,69954.66
SAL0005804,P0039,WH003,2026-08-11,77,10521.02,810118.54
SAL0005805,P0050,WH006,2026-07-16,44,4526.14,199150.16
SAL0005806,P0078,WH007,2026-06-19,50,9150.16,457508.0
SAL0005807,P0126,WH007,2026-02-09,74,16061.16,1188525.84
SAL0005808,P0109,WH003,2026-04-23,14,6650.85,93111.9
SAL0005809,P0088,WH004,2026-03-30,52,673.42,35017.84
SAL0005810,P0015,WH003,2026-03-15,75,4962.3,372172.5
SAL0005811,P0051,WH006,2026-06-28,50,7869.03,393451.5
SAL0005812,P0023,WH006,2026-03-04,17,3399.02,57783.34
SAL0005813,P0010,WH001,2026-05-19,3,12927.18,38781.54
SAL0005814,P0073,WH004,2026-02-01,62,1439.34,89239.08
SAL0005815,P0113,WH006,2025-09-19,21,8027.64,168580.44
SAL0005816,P0077,WH006,2026-04-28,33,12721.04,419794.32
SAL0005817,P0032,WH004,2025-12-01,1,4077.66,4077.66
SAL0005818,P0113,WH007,2025-09-04,70,8027.64,561934.8
SAL0005819,P0065,WH002,2025-10-20,56,8713.96,487981.76
SAL0005820,P0101,WH007,2026-06-30,4,7703.08,30812.32
SAL0005821,P0018,WH002,2025-12-28,22,1249.34,27485.48
SAL0005822,P0031,WH001,2026-02-15,77,3886.37,299250.49
SAL0005823,P0054,WH007,2025-08-03,58,11936.62,692323.96
SAL0005824,P0063,WH006,2026-07-02,44,9321.2,410132.8
SAL0005825,P0001,WH004,2025-12-09,57,11805.32,672903.24
SAL0005826,P0009,WH004,2025-10-16,40,13538.59,541543.6
SAL0005827,P0120,WH008,2025-08-27,56,4392.45,245977.2
SAL0005828,P0092,WH002,2026-08-04,63,11125.06,700878.78
SAL0005829,P0090,WH007,2026-08-10,39,12387.89,483127.71
SAL0005830,P0116,WH005,2026-04-06,7,9441.89,66093.23
SAL0005831,P0056,WH005,2026-01-08,14,189.21,2648.94
SAL0005832,P0003,WH006,2026-07-30,18,10805.71,194502.78
SAL0005833,P0130,WH002,2025-11-23,55,14491.67,797041.85
SAL0005834,P0054,WH006,2026-05-11,56,11936.62,668450.72
SAL0005835,P0037,WH003,2026-04-04,57,1839.84,104870.88
SAL0005836,P0097,WH004,2026-02-09,58,1350.79,78345.82
SAL0005837,P0012,WH007,2026-01-09,25,14129.48,353237.0
SAL0005838,P0112,WH007,2026-01-01,70,7497.58,524830.6
SAL0005839,P0078,WH006,2026-08-13,3,9150.16,27450.48
SAL0005840,P0140,WH001,2026-05-01,21,9565.42,200873.82
SAL0005841,P0090,WH007,2026-05-21,32,12387.89,396412.48
SAL0005842,P0144,WH005,2026-01-25,2,13859.79,27719.58
SAL0005843,P0072,WH006,2026-08-05,20,2337.16,46743.2
SAL0005844,P0092,WH003,2025-12-07,75,11125.06,834379.5
SAL0005845,P0007,WH004,2026-05-28,18,542.22,9759.96
SAL0005846,P0015,WH008,2025-10-25,54,4962.3,267964.2
SAL0005847,P0105,WH007,2025-11-08,75,1294.66,97099.5
SAL0005848,P0072,WH008,2026-01-02,36,2337.16,84137.76
SAL0005849,P0074,WH003,2026-01-14,76,10068.76,765225.76
SAL0005850,P0143,WH008,2025-10-22,61,13992.71,853555.31
SAL0005851,P0062,WH006,2026-03-15,60,4668.52,280111.2
SAL0005852,P0146,WH004,2025-11-13,36,12971.8,466984.8
SAL0005853,P0046,WH004,2025-10-24,44,4393.97,193334.68
SAL0005854,P0105,WH002,2026-02-11,68,1294.66,88036.88
SAL0005855,P0109,WH002,2026-02-24,66,6650.85,438956.1
SAL0005856,P0061,WH008,2026-06-28,44,685.7,30170.8
SAL0005857,P0121,WH001,2026-07-14,77,5450.85,419715.45
SAL0005858,P0043,WH001,2025-12-28,29,15848.89,459617.81
SAL0005859,P0099,WH007,2025-11-24,48,12570.46,603382.08
SAL0005860,P0055,WH008,2025-10-16,36,14208.97,511522.92
SAL0005861,P0133,WH003,2026-02-25,8,10911.61,87292.88
SAL0005862,P0112,WH002,2026-07-01,5,7497.58,37487.9
SAL0005863,P0143,WH004,2025-08-12,78,13992.71,1091431.38
SAL0005864,P0091,WH002,2026-02-17,47,10637.54,499964.38
SAL0005865,P0016,WH008,2026-03-13,43,3864.55,166175.65
SAL0005866,P0057,WH004,2026-07-03,10,1071.29,10712.9
SAL0005867,P0102,WH002,2026-02-01,10,11449.48,114494.8
SAL0005868,P0025,WH004,2025-11-15,6,7089.85,42539.1
SAL0005869,P0022,WH008,2025-09-22,16,12421.92,198750.72
SAL0005870,P0123,WH003,2025-08-19,60,5568.28,334096.8
SAL0005871,P0087,WH002,2025-10-04,26,12269.88,319016.88
SAL0005872,P0144,WH005,2025-08-12,21,13859.79,291055.59
SAL0005873,P0143,WH005,2026-04-29,58,13992.71,811577.18
SAL0005874,P0082,WH004,2026-04-12,41,11631.72,476900.52
SAL0005875,P0102,WH003,2025-09-05,30,11449.48,343484.4
SAL0005876,P0141,WH004,2025-08-03,5,3336.79,16683.95
SAL0005877,P0024,WH003,2025-10-22,10,10854.56,108545.6
SAL0005878,P0141,WH008,2026-03-20,11,3336.79,36704.69
SAL0005879,P0036,WH001,2026-06-03,63,11599.04,730739.52
SAL0005880,P0049,WH002,2026-06-01,7,8075.59,56529.13
SAL0005881,P0082,WH003,2026-04-01,59,11631.72,686271.48
SAL0005882,P0048,WH008,2026-05-23,12,5653.52,67842.24
SAL0005883,P0097,WH004,2025-10-05,64,1350.79,86450.56
SAL0005884,P0102,WH007,2025-10-13,41,11449.48,469428.68
SAL0005885,P0006,WH007,2026-08-10,60,5888.41,353304.6
SAL0005886,P0068,WH001,2026-02-05,72,7651.09,550878.48
SAL0005887,P0014,WH007,2025-08-24,28,9958.36,278834.08
SAL0005888,P0030,WH004,2025-09-03,63,11747.59,740098.17
SAL0005889,P0110,WH005,2025-12-07,3,8117.34,24352.02
SAL0005890,P0008,WH005,2025-09-28,32,13511.51,432368.32
SAL0005891,P0066,WH002,2026-07-06,21,4517.29,94863.09
SAL0005892,P0132,WH006,2025-12-16,55,17778.84,977836.2
SAL0005893,P0084,WH002,2026-07-12,18,383.71,6906.78
SAL0005894,P0120,WH007,2025-10-18,53,4392.45,232799.85
SAL0005895,P0053,WH001,2026-04-26,75,4950.69,371301.75
SAL0005896,P0099,WH007,2026-06-29,61,12570.46,766798.06
SAL0005897,P0074,WH005,2026-02-16,50,10068.76,503438.0
SAL0005898,P0143,WH008,2026-07-23,8,13992.71,111941.68
SAL0005899,P0100,WH003,2026-03-04,12,937.89,11254.68
SAL0005900,P0129,WH005,2025-10-15,51,5306.75,270644.25
SAL0005901,P0150,WH006,2025-10-01,66,11200.18,739211.88
SAL0005902,P0015,WH002,2026-05-12,41,4962.3,203454.3
SAL0005903,P0022,WH004,2026-02-05,22,12421.92,273282.24
SAL0005904,P0048,WH007,2025-08-03,9,5653.52,50881.68
SAL0005905,P0117,WH001,2025-08-02,78,10971.0,855738.0
SAL0005906,P0073,WH006,2026-07-01,79,1439.34,113707.86
SAL0005907,P0120,WH005,2025-11-17,11,4392.45,48316.95
SAL0005908,P0017,WH003,2025-08-12,13,12869.16,167299.08
SAL0005909,P0106,WH006,2026-03-21,56,12961.82,725861.92
SAL0005910,P0083,WH008,2026-01-13,28,2819.78,78953.84
SAL0005911,P0104,WH008,2026-06-06,64,13530.23,865934.72
SAL0005912,P0091,WH003,2025-08-28,64,10637.54,680802.56
SAL0005913,P0049,WH003,2026-01-20,70,8075.59,565291.3
SAL0005914,P0059,WH001,2025-12-23,55,11103.0,610665.0
SAL0005915,P0138,WH008,2026-06-23,37,14687.9,543452.3
SAL0005916,P0030,WH003,2026-04-19,33,11747.59,387670.47
SAL0005917,P0085,WH003,2026-06-08,25,1427.09,35677.25
SAL0005918,P0021,WH008,2025-11-27,23,7447.62,171295.26
SAL0005919,P0034,WH005,2026-05-12,60,12148.61,728916.6
SAL0005920,P0073,WH001,2026-02-11,56,1439.34,80603.04
SAL0005921,P0098,WH008,2025-12-15,63,8703.81,548340.03
SAL0005922,P0076,WH008,2026-05-04,8,9723.65,77789.2
SAL0005923,P0085,WH004,2026-08-01,17,1427.09,24260.53
SAL0005924,P0084,WH008,2025-10-04,57,383.71,21871.47
SAL0005925,P0134,WH004,2025-11-21,75,4427.4,332055.0
SAL0005926,P0109,WH003,2026-03-25,62,6650.85,412352.7
SAL0005927,P0063,WH006,2026-03-28,11,9321.2,102533.2
SAL0005928,P0012,WH008,2026-08-15,67,14129.48,946675.16
SAL0005929,P0002,WH002,2025-08-03,40,1611.45,64458.0
SAL0005930,P0144,WH001,2026-01-10,40,13859.79,554391.6
SAL0005931,P0129,WH007,2025-09-22,56,5306.75,297178.0
SAL0005932,P0132,WH002,2026-02-17,53,17778.84,942278.52
SAL0005933,P0047,WH001,2025-09-15,28,12742.54,356791.12
SAL0005934,P0052,WH001,2025-10-08,42,1381.73,58032.66
SAL0005935,P0047,WH005,2026-07-21,46,12742.54,586156.84
SAL0005936,P0099,WH008,2026-08-13,18,12570.46,226268.28
SAL0005937,P0050,WH003,2026-02-06,23,4526.14,104101.22
SAL0005938,P0045,WH005,2026-03-25,26,7353.86,191200.36
SAL0005939,P0042,WH008,2025-12-09,29,10059.55,291726.95
SAL0005940,P0071,WH006,2026-05-23,52,10220.28,531454.56
SAL0005941,P0057,WH007,2026-04-27,75,1071.29,80346.75
SAL0005942,P0033,WH002,2025-10-31,46,14261.13,656011.98
SAL0005943,P0114,WH002,2026-04-02,1,17232.19,17232.19
SAL0005944,P0044,WH004,2025-08-30,63,11696.79,736897.77
SAL0005945,P0114,WH006,2026-07-26,16,17232.19,275715.04
SAL0005946,P0056,WH007,2025-08-28,25,189.21,4730.25
SAL0005947,P0044,WH006,2025-12-26,62,11696.79,725200.98
SAL0005948,P0096,WH008,2025-09-13,16,13787.01,220592.16
SAL0005949,P0073,WH005,2026-04-25,69,1439.34,99314.46
SAL0005950,P0034,WH008,2026-04-18,70,12148.61,850402.7
SAL0005951,P0014,WH005,2026-01-27,34,9958.36,338584.24
SAL0005952,P0125,WH006,2026-02-22,53,13379.19,709097.07
SAL0005953,P0079,WH005,2026-05-18,23,8567.49,197052.27
SAL0005954,P0145,WH004,2026-04-02,43,10988.78,472517.54
SAL0005955,P0083,WH008,2026-01-23,44,2819.78,124070.32
SAL0005956,P0137,WH007,2025-11-09,32,410.1,13123.2
SAL0005957,P0027,WH007,2025-11-09,23,9782.53,224998.19
SAL0005958,P0050,WH005,2026-03-14,20,4526.14,90522.8
SAL0005959,P0055,WH005,2026-07-30,19,14208.97,269970.43
SAL0005960,P0132,WH007,2026-07-16,72,17778.84,1280076.48
SAL0005961,P0098,WH006,2026-07-22,29,8703.81,252410.49
SAL0005962,P0147,WH007,2026-03-23,18,826.55,14877.9
SAL0005963,P0037,WH006,2025-08-24,69,1839.84,126948.96
SAL0005964,P0132,WH005,2026-06-05,12,17778.84,213346.08
SAL0005965,P0037,WH005,2025-10-09,10,1839.84,18398.4
SAL0005966,P0112,WH008,2026-04-25,37,7497.58,277410.46
SAL0005967,P0012,WH008,2026-07-19,55,14129.48,777121.4
SAL0005968,P0056,WH006,2026-05-10,4,189.21,756.84
SAL0005969,P0080,WH002,2025-12-31,63,12953.94,816098.22
SAL0005970,P0014,WH003,2025-08-21,12,9958.36,119500.32
SAL0005971,P0054,WH002,2026-06-16,18,11936.62,214859.16
SAL0005972,P0065,WH005,2026-03-01,8,8713.96,69711.68
SAL0005973,P0116,WH001,2026-04-15,32,9441.89,302140.48
SAL0005974,P0058,WH001,2026-07-03,49,5550.94,271996.06
SAL0005975,P0096,WH004,2026-03-16,63,13787.01,868581.63
SAL0005976,P0021,WH002,2026-07-11,77,7447.62,573466.74
SAL0005977,P0004,WH006,2026-01-02,59,1797.79,106069.61
SAL0005978,P0073,WH008,2025-12-11,67,1439.34,96435.78
SAL0005979,P0127,WH004,2026-05-02,39,600.7,23427.3
SAL0005980,P0046,WH004,2026-06-04,50,4393.97,219698.5
SAL0005981,P0012,WH001,2026-06-01,71,14129.48,1003193.08
SAL0005982,P0128,WH002,2025-10-04,26,14193.47,369030.22
SAL0005983,P0030,WH003,2025-08-20,23,11747.59,270194.57
SAL0005984,P0094,WH007,2026-05-14,63,4499.9,283493.7
SAL0005985,P0060,WH006,2025-12-26,66,5035.5,332343.0
SAL0005986,P0100,WH002,2025-09-23,39,937.89,36577.71
SAL0005987,P0071,WH008,2026-06-21,66,10220.28,674538.48
SAL0005988,P0081,WH004,2025-10-05,46,2089.55,96119.3
SAL0005989,P0142,WH005,2025-09-30,15,10972.07,164581.05
SAL0005990,P0111,WH004,2026-03-06,16,10269.05,164304.8
SAL0005991,P0044,WH002,2025-08-07,72,11696.79,842168.88
SAL0005992,P0108,WH001,2025-09-29,16,9691.84,155069.44
SAL0005993,P0102,WH007,2026-04-15,39,11449.48,446529.72
SAL0005994,P0091,WH002,2026-03-10,11,10637.54,117012.94
SAL0005995,P0109,WH003,2026-02-10,36,6650.85,239430.6
SAL0005996,P0016,WH006,2026-02-24,18,3864.55,69561.9
SAL0005997,P0110,WH006,2026-07-08,23,8117.34,186698.82
SAL0005998,P0007,WH005,2026-07-27,77,542.22,41750.94
SAL0005999,P0089,WH005,2025-11-11,49,7891.09,386663.41
SAL0006000,P0095,WH004,2026-07-31,42,16693.57,701129.94
SAL0006001,P0016,WH002,2025-09-28,44,3864.55,170040.2
SAL0006002,P0105,WH006,2026-06-18,1,1294.66,1294.66
SAL0006003,P0122,WH001,2026-05-06,7,17772.54,124407.78
SAL0006004,P0089,WH003,2025-08-08,48,7891.09,378772.32
SAL0006005,P0062,WH004,2026-06-06,16,4668.52,74696.32
SAL0006006,P0030,WH002,2025-08-08,48,11747.59,563884.32
SAL0006007,P0140,WH001,2026-06-27,78,9565.42,746102.76
SAL0006008,P0067,WH002,2026-04-02,43,486.56,20922.08
SAL0006009,P0046,WH001,2025-09-10,51,4393.97,224092.47
SAL0006010,P0043,WH008,2026-05-19,66,15848.89,1046026.74
SAL0006011,P0045,WH007,2026-03-13,31,7353.86,227969.66
SAL0006012,P0080,WH002,2026-05-29,39,12953.94,505203.66
SAL0006013,P0032,WH002,2025-11-22,9,4077.66,36698.94
SAL0006014,P0008,WH008,2026-06-22,41,13511.51,553971.91
SAL0006015,P0113,WH007,2026-01-28,63,8027.64,505741.32
SAL0006016,P0062,WH006,2026-08-01,14,4668.52,65359.28
SAL0006017,P0020,WH004,2026-07-23,58,13830.77,802184.66
SAL0006018,P0146,WH002,2025-09-16,74,12971.8,959913.2
SAL0006019,P0101,WH002,2025-09-30,64,7703.08,492997.12
SAL0006020,P0006,WH004,2026-08-14,28,5888.41,164875.48
SAL0006021,P0084,WH004,2025-09-17,4,383.71,1534.84
SAL0006022,P0108,WH005,2026-06-04,34,9691.84,329522.56
SAL0006023,P0004,WH005,2026-07-11,4,1797.79,7191.16
SAL0006024,P0071,WH006,2026-06-18,70,10220.28,715419.6
SAL0006025,P0084,WH004,2026-06-22,58,383.71,22255.18
SAL0006026,P0100,WH007,2026-02-05,4,937.89,3751.56
SAL0006027,P0071,WH003,2026-01-13,50,10220.28,511014.0
SAL0006028,P0033,WH006,2025-09-22,5,14261.13,71305.65
SAL0006029,P0143,WH001,2025-12-05,75,13992.71,1049453.25
SAL0006030,P0120,WH008,2026-06-01,45,4392.45,197660.25
SAL0006031,P0093,WH004,2026-07-08,35,14803.06,518107.1
SAL0006032,P0133,WH005,2025-09-19,75,10911.61,818370.75
SAL0006033,P0099,WH008,2025-10-23,75,12570.46,942784.5
SAL0006034,P0066,WH002,2025-12-09,27,4517.29,121966.83
SAL0006035,P0054,WH004,2026-01-20,2,11936.62,23873.24
SAL0006036,P0080,WH004,2025-12-22,54,12953.94,699512.76
SAL0006037,P0139,WH005,2025-08-31,72,16335.66,1176167.52
SAL0006038,P0124,WH005,2025-11-24,79,3098.15,244753.85
SAL0006039,P0055,WH003,2025-10-14,48,14208.97,682030.56
SAL0006040,P0005,WH006,2026-06-11,77,8142.68,626986.36
SAL0006041,P0035,WH005,2026-06-18,49,12109.87,593383.63
SAL0006042,P0093,WH005,2025-12-04,78,14803.06,1154638.68
SAL0006043,P0119,WH005,2025-09-15,1,15091.44,15091.44
SAL0006044,P0054,WH008,2026-08-03,33,11936.62,393908.46
SAL0006045,P0003,WH006,2025-11-08,35,10805.71,378199.85
SAL0006046,P0006,WH002,2026-07-31,54,5888.41,317974.14
SAL0006047,P0087,WH004,2026-07-12,56,12269.88,687113.28
SAL0006048,P0110,WH004,2026-06-30,15,8117.34,121760.1
SAL0006049,P0056,WH005,2025-10-08,69,189.21,13055.49
SAL0006050,P0002,WH007,2026-07-25,4,1611.45,6445.8
SAL0006051,P0082,WH007,2025-10-23,64,11631.72,744430.08
SAL0006052,P0094,WH006,2026-07-06,22,4499.9,98997.8
SAL0006053,P0005,WH003,2025-10-17,24,8142.68,195424.32
SAL0006054,P0139,WH005,2025-10-24,47,16335.66,767776.02
SAL0006055,P0138,WH008,2026-07-14,75,14687.9,1101592.5
SAL0006056,P0041,WH006,2026-03-15,6,9233.93,55403.58
SAL0006057,P0116,WH006,2025-09-17,27,9441.89,254931.03
SAL0006058,P0044,WH008,2025-08-16,10,11696.79,116967.9
SAL0006059,P0090,WH003,2026-07-30,39,12387.89,483127.71
SAL0006060,P0033,WH006,2026-06-02,74,14261.13,1055323.62
SAL0006061,P0056,WH008,2025-12-11,37,189.21,7000.77
SAL0006062,P0140,WH004,2025-12-24,54,9565.42,516532.68
SAL0006063,P0002,WH003,2025-12-07,51,1611.45,82183.95
SAL0006064,P0001,WH003,2026-05-29,60,11805.32,708319.2
SAL0006065,P0121,WH001,2025-12-11,72,5450.85,392461.2
SAL0006066,P0125,WH003,2026-01-03,51,13379.19,682338.69
SAL0006067,P0033,WH003,2025-09-07,62,14261.13,884190.06
SAL0006068,P0103,WH008,2025-09-27,49,12534.03,614167.47
SAL0006069,P0036,WH002,2026-05-09,51,11599.04,591551.04
SAL0006070,P0149,WH004,2026-02-12,28,2329.78,65233.84
SAL0006071,P0084,WH005,2025-12-05,36,383.71,13813.56
SAL0006072,P0026,WH008,2026-06-01,25,3320.79,83019.75
SAL0006073,P0129,WH001,2025-11-03,36,5306.75,191043.0
SAL0006074,P0142,WH003,2025-12-26,77,10972.07,844849.39
SAL0006075,P0090,WH002,2026-03-21,60,12387.89,743273.4
SAL0006076,P0046,WH002,2025-10-21,7,4393.97,30757.79
SAL0006077,P0042,WH008,2026-06-25,65,10059.55,653870.75
SAL0006078,P0135,WH006,2025-12-03,73,13819.48,1008822.04
SAL0006079,P0055,WH005,2025-12-09,36,14208.97,511522.92
SAL0006080,P0056,WH005,2025-10-06,73,189.21,13812.33
SAL0006081,P0118,WH007,2025-10-08,30,9694.84,290845.2
SAL0006082,P0076,WH004,2026-04-23,47,9723.65,457011.55
SAL0006083,P0063,WH007,2026-02-26,29,9321.2,270314.8
SAL0006084,P0083,WH006,2025-12-23,5,2819.78,14098.9
SAL0006085,P0099,WH003,2025-08-13,65,12570.46,817079.9
SAL0006086,P0132,WH002,2026-01-21,69,17778.84,1226739.96
SAL0006087,P0042,WH001,2026-05-02,63,10059.55,633751.65
SAL0006088,P0096,WH004,2026-06-13,56,13787.01,772072.56
SAL0006089,P0110,WH008,2026-01-31,17,8117.34,137994.78
SAL0006090,P0070,WH003,2025-11-11,51,13711.66,699294.66
SAL0006091,P0028,WH006,2026-08-03,37,5125.77,189653.49
SAL0006092,P0126,WH005,2026-06-15,9,16061.16,144550.44
SAL0006093,P0092,WH006,2026-04-11,38,11125.06,422752.28
SAL0006094,P0040,WH003,2025-10-09,53,3922.35,207884.55
SAL0006095,P0042,WH006,2026-04-15,13,10059.55,130774.15
SAL0006096,P0118,WH005,2026-01-28,53,9694.84,513826.52
SAL0006097,P0005,WH003,2025-09-17,75,8142.68,610701.0
SAL0006098,P0101,WH001,2026-04-11,49,7703.08,377450.92
SAL0006099,P0061,WH007,2025-10-26,70,685.7,47999.0
SAL0006100,P0041,WH004,2025-10-04,35,9233.93,323187.55
SAL0006101,P0111,WH006,2025-09-04,16,10269.05,164304.8
SAL0006102,P0009,WH005,2026-05-25,13,13538.59,176001.67
SAL0006103,P0062,WH001,2026-07-14,11,4668.52,51353.72
SAL0006104,P0054,WH002,2025-10-03,2,11936.62,23873.24
SAL0006105,P0104,WH001,2026-04-23,19,13530.23,257074.37
SAL0006106,P0126,WH001,2026-03-09,45,16061.16,722752.2
SAL0006107,P0034,WH001,2025-12-01,46,12148.61,558836.06
SAL0006108,P0042,WH008,2025-11-25,47,10059.55,472798.85
SAL0006109,P0014,WH005,2026-07-07,49,9958.36,487959.64
SAL0006110,P0033,WH008,2026-01-24,79,14261.13,1126629.27
SAL0006111,P0118,WH002,2026-03-29,42,9694.84,407183.28
SAL0006112,P0098,WH004,2026-07-28,33,8703.81,287225.73
SAL0006113,P0092,WH001,2025-08-30,41,11125.06,456127.46
SAL0006114,P0100,WH005,2026-04-26,69,937.89,64714.41
SAL0006115,P0087,WH005,2025-08-21,19,12269.88,233127.72
SAL0006116,P0145,WH004,2026-04-21,39,10988.78,428562.42
SAL0006117,P0124,WH007,2025-09-05,7,3098.15,21687.05
SAL0006118,P0032,WH003,2026-02-20,39,4077.66,159028.74
SAL0006119,P0101,WH002,2025-09-07,34,7703.08,261904.72
SAL0006120,P0039,WH002,2026-04-09,44,10521.02,462924.88
SAL0006121,P0094,WH006,2025-08-18,69,4499.9,310493.1
SAL0006122,P0010,WH001,2026-01-15,68,12927.18,879048.24
SAL0006123,P0100,WH003,2026-08-10,63,937.89,59087.07
SAL0006124,P0058,WH007,2026-05-23,71,5550.94,394116.74
SAL0006125,P0101,WH002,2025-10-22,48,7703.08,369747.84
SAL0006126,P0064,WH007,2026-03-13,3,6359.37,19078.11
SAL0006127,P0019,WH006,2026-01-29,34,11648.11,396035.74
SAL0006128,P0101,WH001,2026-06-05,9,7703.08,69327.72
SAL0006129,P0117,WH003,2025-11-03,61,10971.0,669231.0
SAL0006130,P0136,WH005,2025-10-11,20,9626.15,192523.0
SAL0006131,P0071,WH001,2026-01-28,40,10220.28,408811.2
SAL0006132,P0040,WH003,2026-01-09,12,3922.35,47068.2
SAL0006133,P0013,WH004,2026-01-27,28,5230.23,146446.44
SAL0006134,P0101,WH002,2025-08-17,48,7703.08,369747.84
SAL0006135,P0124,WH007,2026-02-21,74,3098.15,229263.1
SAL0006136,P0082,WH001,2025-09-05,75,11631.72,872379.0
SAL0006137,P0088,WH006,2025-08-16,7,673.42,4713.94
SAL0006138,P0105,WH005,2026-04-27,14,1294.66,18125.24
SAL0006139,P0130,WH006,2026-04-18,19,14491.67,275341.73
SAL0006140,P0016,WH007,2026-04-20,54,3864.55,208685.7
SAL0006141,P0014,WH001,2025-12-12,60,9958.36,597501.6
SAL0006142,P0128,WH002,2026-04-24,67,14193.47,950962.49
SAL0006143,P0145,WH002,2026-01-02,34,10988.78,373618.52
SAL0006144,P0060,WH003,2025-12-05,41,5035.5,206455.5
SAL0006145,P0017,WH006,2026-01-27,31,12869.16,398943.96
SAL0006146,P0045,WH006,2026-07-16,39,7353.86,286800.54
SAL0006147,P0038,WH005,2026-04-11,78,3005.11,234398.58
SAL0006148,P0124,WH007,2026-04-09,52,3098.15,161103.8
SAL0006149,P0104,WH003,2025-11-04,47,13530.23,635920.81
SAL0006150,P0064,WH005,2026-02-16,20,6359.37,127187.4
SAL0006151,P0121,WH008,2025-09-10,52,5450.85,283444.2
SAL0006152,P0006,WH001,2026-03-24,71,5888.41,418077.11
SAL0006153,P0112,WH001,2026-01-20,62,7497.58,464849.96
SAL0006154,P0102,WH008,2025-09-09,5,11449.48,57247.4
SAL0006155,P0049,WH006,2026-03-20,57,8075.59,460308.63
SAL0006156,P0021,WH007,2026-03-08,4,7447.62,29790.48
SAL0006157,P0023,WH003,2025-10-27,11,3399.02,37389.22
SAL0006158,P0076,WH008,2026-03-22,19,9723.65,184749.35
SAL0006159,P0064,WH007,2026-02-22,27,6359.37,171702.99
SAL0006160,P0027,WH004,2026-02-08,29,9782.53,283693.37
SAL0006161,P0134,WH002,2025-09-30,18,4427.4,79693.2
SAL0006162,P0149,WH008,2025-10-29,37,2329.78,86201.86
SAL0006163,P0071,WH007,2025-11-18,61,10220.28,623437.08
SAL0006164,P0107,WH003,2025-11-11,47,6158.26,289438.22
SAL0006165,P0133,WH008,2025-12-04,20,10911.61,218232.2
SAL0006166,P0143,WH007,2025-12-19,70,13992.71,979489.7
SAL0006167,P0149,WH008,2025-09-30,49,2329.78,114159.22
SAL0006168,P0058,WH003,2026-04-10,15,5550.94,83264.1
SAL0006169,P0132,WH001,2026-05-07,18,17778.84,320019.12
SAL0006170,P0135,WH002,2025-08-06,38,13819.48,525140.24
SAL0006171,P0035,WH007,2025-09-15,22,12109.87,266417.14
SAL0006172,P0121,WH007,2025-12-17,76,5450.85,414264.6
SAL0006173,P0143,WH007,2026-05-18,60,13992.71,839562.6
SAL0006174,P0130,WH008,2026-03-14,66,14491.67,956450.22
SAL0006175,P0120,WH003,2026-03-17,26,4392.45,114203.7
SAL0006176,P0005,WH008,2026-04-18,64,8142.68,521131.52
SAL0006177,P0071,WH007,2026-08-15,58,10220.28,592776.24
SAL0006178,P0086,WH001,2026-01-03,3,6177.93,18533.79
SAL0006179,P0095,WH001,2025-08-28,30,16693.57,500807.1
SAL0006180,P0041,WH006,2025-12-18,19,9233.93,175444.67
SAL0006181,P0075,WH008,2025-08-25,10,11640.25,116402.5
SAL0006182,P0083,WH006,2026-06-02,46,2819.78,129709.88
SAL0006183,P0038,WH003,2026-05-09,19,3005.11,57097.09
SAL0006184,P0042,WH003,2026-01-23,58,10059.55,583453.9
SAL0006185,P0056,WH001,2026-05-08,6,189.21,1135.26
SAL0006186,P0071,WH006,2026-02-18,51,10220.28,521234.28
SAL0006187,P0055,WH007,2026-01-10,14,14208.97,198925.58
SAL0006188,P0022,WH007,2025-11-15,58,12421.92,720471.36
SAL0006189,P0027,WH008,2025-08-16,8,9782.53,78260.24
SAL0006190,P0105,WH003,2026-05-31,2,1294.66,2589.32
SAL0006191,P0038,WH002,2026-07-28,18,3005.11,54091.98
SAL0006192,P0112,WH001,2026-01-01,57,7497.58,427362.06
SAL0006193,P0039,WH001,2026-02-20,35,10521.02,368235.7
SAL0006194,P0143,WH003,2026-03-27,66,13992.71,923518.86
SAL0006195,P0119,WH003,2026-08-11,56,15091.44,845120.64
SAL0006196,P0060,WH003,2025-11-24,43,5035.5,216526.5
SAL0006197,P0136,WH008,2025-10-15,73,9626.15,702708.95
SAL0006198,P0044,WH007,2026-02-07,72,11696.79,842168.88
SAL0006199,P0043,WH007,2026-05-28,8,15848.89,126791.12
SAL0006200,P0134,WH008,2026-01-12,5,4427.4,22137.0
SAL0006201,P0023,WH002,2026-02-11,13,3399.02,44187.26
SAL0006202,P0122,WH008,2025-08-30,7,17772.54,124407.78
SAL0006203,P0141,WH001,2026-05-27,21,3336.79,70072.59
SAL0006204,P0084,WH004,2025-11-02,37,383.71,14197.27
SAL0006205,P0106,WH008,2026-05-14,45,12961.82,583281.9
SAL0006206,P0064,WH002,2025-09-16,52,6359.37,330687.24
SAL0006207,P0125,WH002,2026-06-19,48,13379.19,642201.12
SAL0006208,P0052,WH007,2025-08-13,62,1381.73,85667.26
SAL0006209,P0048,WH008,2026-05-02,78,5653.52,440974.56
SAL0006210,P0061,WH006,2026-02-20,51,685.7,34970.7
SAL0006211,P0017,WH001,2026-04-22,4,12869.16,51476.64
SAL0006212,P0040,WH007,2025-12-16,56,3922.35,219651.6
SAL0006213,P0075,WH004,2026-04-29,75,11640.25,873018.75
SAL0006214,P0089,WH001,2026-03-01,34,7891.09,268297.06
SAL0006215,P0069,WH002,2026-02-28,45,4228.28,190272.6
SAL0006216,P0085,WH003,2025-12-09,16,1427.09,22833.44
SAL0006217,P0026,WH001,2025-10-16,9,3320.79,29887.11
SAL0006218,P0040,WH008,2026-06-09,16,3922.35,62757.6
SAL0006219,P0096,WH001,2026-07-10,31,13787.01,427397.31
SAL0006220,P0117,WH003,2025-10-03,13,10971.0,142623.0
SAL0006221,P0136,WH004,2026-02-26,5,9626.15,48130.75
SAL0006222,P0073,WH004,2025-12-30,47,1439.34,67648.98
SAL0006223,P0045,WH001,2026-08-14,39,7353.86,286800.54
SAL0006224,P0017,WH007,2025-09-10,18,12869.16,231644.88
SAL0006225,P0077,WH008,2025-08-27,20,12721.04,254420.8
SAL0006226,P0137,WH003,2025-09-27,2,410.1,820.2
SAL0006227,P0091,WH006,2026-06-04,40,10637.54,425501.6
SAL0006228,P0106,WH001,2026-06-07,30,12961.82,388854.6
SAL0006229,P0101,WH003,2026-06-22,10,7703.08,77030.8
SAL0006230,P0103,WH002,2026-02-03,64,12534.03,802177.92
SAL0006231,P0024,WH006,2025-09-03,42,10854.56,455891.52
SAL0006232,P0073,WH003,2026-07-19,75,1439.34,107950.5
SAL0006233,P0121,WH007,2025-09-21,53,5450.85,288895.05
SAL0006234,P0106,WH001,2025-09-04,53,12961.82,686976.46
SAL0006235,P0139,WH005,2026-02-01,40,16335.66,653426.4
SAL0006236,P0035,WH004,2026-02-09,16,12109.87,193757.92
SAL0006237,P0136,WH001,2026-06-08,48,9626.15,462055.2
SAL0006238,P0017,WH003,2026-04-03,61,12869.16,785018.76
SAL0006239,P0140,WH008,2026-04-18,38,9565.42,363485.96
SAL0006240,P0093,WH006,2025-08-03,44,14803.06,651334.64
SAL0006241,P0109,WH006,2025-10-25,15,6650.85,99762.75
SAL0006242,P0050,WH003,2025-09-16,61,4526.14,276094.54
SAL0006243,P0114,WH008,2026-02-02,7,17232.19,120625.33
SAL0006244,P0024,WH004,2025-10-28,30,10854.56,325636.8
SAL0006245,P0037,WH001,2025-12-12,36,1839.84,66234.24
SAL0006246,P0011,WH006,2026-07-16,11,12266.95,134936.45
SAL0006247,P0099,WH006,2025-12-19,70,12570.46,879932.2
SAL0006248,P0055,WH005,2025-12-14,29,14208.97,412060.13
SAL0006249,P0027,WH002,2026-05-14,79,9782.53,772819.87
SAL0006250,P0067,WH005,2026-05-06,6,486.56,2919.36
SAL0006251,P0002,WH002,2025-08-18,76,1611.45,122470.2
SAL0006252,P0068,WH006,2025-09-14,51,7651.09,390205.59
SAL0006253,P0146,WH002,2026-05-22,38,12971.8,492928.4
SAL0006254,P0148,WH001,2026-02-03,73,3215.0,234695.0
SAL0006255,P0063,WH006,2025-11-04,22,9321.2,205066.4
SAL0006256,P0072,WH006,2025-12-14,54,2337.16,126206.64
SAL0006257,P0130,WH008,2026-06-28,40,14491.67,579666.8
SAL0006258,P0083,WH002,2025-08-17,7,2819.78,19738.46
SAL0006259,P0042,WH003,2026-01-31,40,10059.55,402382.0
SAL0006260,P0107,WH002,2025-12-11,24,6158.26,147798.24
SAL0006261,P0028,WH002,2026-05-03,41,5125.77,210156.57
SAL0006262,P0105,WH004,2025-09-09,51,1294.66,66027.66
SAL0006263,P0112,WH004,2025-08-29,39,7497.58,292405.62
SAL0006264,P0133,WH001,2025-10-05,43,10911.61,469199.23
SAL0006265,P0015,WH001,2025-10-06,69,4962.3,342398.7
SAL0006266,P0110,WH003,2025-10-29,59,8117.34,478923.06
SAL0006267,P0073,WH004,2026-01-08,25,1439.34,35983.5
SAL0006268,P0090,WH005,2026-03-23,25,12387.89,309697.25
SAL0006269,P0037,WH001,2025-09-18,73,1839.84,134308.32
SAL0006270,P0143,WH001,2025-10-09,24,13992.71,335825.04
SAL0006271,P0004,WH004,2025-09-18,62,1797.79,111462.98
SAL0006272,P0084,WH004,2026-06-07,43,383.71,16499.53
SAL0006273,P0149,WH003,2025-09-28,59,2329.78,137457.02
SAL0006274,P0060,WH008,2025-09-24,54,5035.5,271917.0
SAL0006275,P0086,WH004,2026-08-17,79,6177.93,488056.47
SAL0006276,P0071,WH008,2026-04-25,26,10220.28,265727.28
SAL0006277,P0031,WH007,2025-08-22,54,3886.37,209863.98
SAL0006278,P0017,WH002,2026-07-13,61,12869.16,785018.76
SAL0006279,P0007,WH006,2026-04-28,75,542.22,40666.5
SAL0006280,P0126,WH005,2026-04-04,79,16061.16,1268831.64
SAL0006281,P0083,WH006,2026-01-23,44,2819.78,124070.32
SAL0006282,P0028,WH002,2025-10-03,9,5125.77,46131.93
SAL0006283,P0010,WH007,2026-04-02,42,12927.18,542941.56
SAL0006284,P0027,WH007,2025-12-05,29,9782.53,283693.37
SAL0006285,P0141,WH002,2025-10-14,79,3336.79,263606.41
SAL0006286,P0127,WH006,2026-01-23,58,600.7,34840.6
SAL0006287,P0043,WH002,2026-01-17,63,15848.89,998480.07
SAL0006288,P0069,WH001,2026-05-14,49,4228.28,207185.72
SAL0006289,P0063,WH007,2025-10-09,11,9321.2,102533.2
SAL0006290,P0070,WH006,2026-01-02,54,13711.66,740429.64
SAL0006291,P0099,WH008,2026-07-14,30,12570.46,377113.8
SAL0006292,P0071,WH002,2025-09-02,66,10220.28,674538.48
SAL0006293,P0093,WH008,2026-06-15,65,14803.06,962198.9
SAL0006294,P0143,WH001,2025-12-03,58,13992.71,811577.18
SAL0006295,P0146,WH004,2026-02-10,57,12971.8,739392.6
SAL0006296,P0132,WH007,2025-09-10,37,17778.84,657817.08
SAL0006297,P0011,WH005,2025-08-25,54,12266.95,662415.3
SAL0006298,P0134,WH005,2026-04-22,73,4427.4,323200.2
SAL0006299,P0122,WH002,2026-02-12,69,17772.54,1226305.26
SAL0006300,P0018,WH005,2026-05-17,24,1249.34,29984.16
SAL0006301,P0067,WH001,2025-12-25,63,486.56,30653.28
SAL0006302,P0145,WH004,2025-09-16,51,10988.78,560427.78
SAL0006303,P0097,WH002,2026-07-13,15,1350.79,20261.85
SAL0006304,P0034,WH003,2026-07-18,47,12148.61,570984.67
SAL0006305,P0147,WH006,2026-03-18,73,826.55,60338.15
SAL0006306,P0137,WH007,2026-01-03,46,410.1,18864.6
SAL0006307,P0044,WH008,2026-01-08,30,11696.79,350903.7
SAL0006308,P0095,WH005,2026-07-16,79,16693.57,1318792.03
SAL0006309,P0091,WH005,2025-08-25,20,10637.54,212750.8
SAL0006310,P0111,WH002,2025-12-16,57,10269.05,585335.85
SAL0006311,P0071,WH006,2026-06-10,49,10220.28,500793.72
SAL0006312,P0053,WH006,2025-11-14,56,4950.69,277238.64
SAL0006313,P0071,WH005,2026-08-13,56,10220.28,572335.68
SAL0006314,P0053,WH005,2025-11-05,25,4950.69,123767.25
SAL0006315,P0108,WH008,2026-04-14,9,9691.84,87226.56
SAL0006316,P0019,WH003,2026-03-16,22,11648.11,256258.42
SAL0006317,P0066,WH006,2026-03-11,77,4517.29,347831.33
SAL0006318,P0001,WH001,2026-04-16,37,11805.32,436796.84
SAL0006319,P0106,WH007,2026-01-15,28,12961.82,362930.96
SAL0006320,P0055,WH002,2025-12-25,14,14208.97,198925.58
SAL0006321,P0015,WH002,2025-12-17,30,4962.3,148869.0
SAL0006322,P0127,WH003,2025-12-19,39,600.7,23427.3
SAL0006323,P0015,WH007,2026-06-09,57,4962.3,282851.1
SAL0006324,P0121,WH003,2025-10-07,5,5450.85,27254.25
SAL0006325,P0066,WH001,2025-12-11,12,4517.29,54207.48
SAL0006326,P0114,WH004,2026-04-21,35,17232.19,603126.65
SAL0006327,P0137,WH002,2025-12-16,41,410.1,16814.1
SAL0006328,P0146,WH006,2026-07-05,63,12971.8,817223.4
SAL0006329,P0145,WH007,2026-03-13,42,10988.78,461528.76
SAL0006330,P0072,WH005,2025-08-28,65,2337.16,151915.4
SAL0006331,P0098,WH007,2025-08-02,65,8703.81,565747.65
SAL0006332,P0044,WH001,2026-06-11,43,11696.79,502961.97
SAL0006333,P0016,WH008,2026-04-13,60,3864.55,231873.0
SAL0006334,P0078,WH002,2026-05-06,20,9150.16,183003.2
SAL0006335,P0052,WH006,2026-05-31,63,1381.73,87048.99
SAL0006336,P0002,WH001,2026-06-05,24,1611.45,38674.8
SAL0006337,P0061,WH008,2026-02-24,75,685.7,51427.5
SAL0006338,P0132,WH004,2025-10-26,72,17778.84,1280076.48
SAL0006339,P0126,WH006,2025-10-19,35,16061.16,562140.6
SAL0006340,P0052,WH002,2026-04-27,41,1381.73,56650.93
SAL0006341,P0041,WH007,2026-02-11,16,9233.93,147742.88
SAL0006342,P0031,WH005,2026-03-13,6,3886.37,23318.22
SAL0006343,P0121,WH006,2026-04-26,20,5450.85,109017.0
SAL0006344,P0051,WH008,2026-06-11,56,7869.03,440665.68
SAL0006345,P0095,WH008,2026-01-14,75,16693.57,1252017.75
SAL0006346,P0011,WH002,2025-09-16,8,12266.95,98135.6
SAL0006347,P0136,WH008,2025-11-05,6,9626.15,57756.9
SAL0006348,P0012,WH001,2026-07-31,8,14129.48,113035.84
SAL0006349,P0099,WH004,2026-04-19,62,12570.46,779368.52
SAL0006350,P0045,WH008,2026-06-26,14,7353.86,102954.04
SAL0006351,P0034,WH006,2026-01-05,3,12148.61,36445.83
SAL0006352,P0072,WH001,2026-04-23,2,2337.16,4674.32
SAL0006353,P0021,WH001,2025-09-11,22,7447.62,163847.64
SAL0006354,P0041,WH003,2026-07-04,70,9233.93,646375.1
SAL0006355,P0022,WH001,2025-12-06,71,12421.92,881956.32
SAL0006356,P0021,WH007,2026-04-08,6,7447.62,44685.72
SAL0006357,P0071,WH006,2025-08-21,50,10220.28,511014.0
SAL0006358,P0014,WH004,2025-10-28,44,9958.36,438167.84
SAL0006359,P0079,WH005,2025-11-07,8,8567.49,68539.92
SAL0006360,P0073,WH003,2025-12-26,24,1439.34,34544.16
SAL0006361,P0052,WH001,2025-08-27,27,1381.73,37306.71
SAL0006362,P0076,WH006,2026-06-06,53,9723.65,515353.45
SAL0006363,P0019,WH007,2026-06-08,51,11648.11,594053.61
SAL0006364,P0027,WH007,2026-06-11,28,9782.53,273910.84
SAL0006365,P0146,WH007,2026-03-03,59,12971.8,765336.2
SAL0006366,P0013,WH002,2026-04-20,69,5230.23,360885.87
SAL0006367,P0107,WH003,2026-02-12,73,6158.26,449552.98
SAL0006368,P0129,WH004,2025-12-08,25,5306.75,132668.75
SAL0006369,P0085,WH002,2025-09-12,44,1427.09,62791.96
SAL0006370,P0141,WH008,2025-08-22,47,3336.79,156829.13
SAL0006371,P0109,WH004,2026-07-30,13,6650.85,86461.05
SAL0006372,P0115,WH002,2025-09-08,53,7832.13,415102.89
SAL0006373,P0051,WH005,2025-12-03,53,7869.03,417058.59
SAL0006374,P0001,WH004,2025-12-31,37,11805.32,436796.84
SAL0006375,P0121,WH002,2026-06-25,63,5450.85,343403.55
SAL0006376,P0123,WH008,2025-08-16,66,5568.28,367506.48
SAL0006377,P0032,WH007,2026-03-24,40,4077.66,163106.4
SAL0006378,P0142,WH008,2026-02-20,78,10972.07,855821.46
SAL0006379,P0093,WH004,2026-05-17,61,14803.06,902986.66
SAL0006380,P0068,WH008,2026-06-22,6,7651.09,45906.54
SAL0006381,P0063,WH003,2025-08-31,25,9321.2,233030.0
SAL0006382,P0082,WH004,2026-07-01,46,11631.72,535059.12
SAL0006383,P0142,WH006,2025-08-10,31,10972.07,340134.17
SAL0006384,P0041,WH004,2026-03-08,63,9233.93,581737.59
SAL0006385,P0003,WH002,2025-09-11,68,10805.71,734788.28
SAL0006386,P0094,WH008,2026-05-07,39,4499.9,175496.1
SAL0006387,P0059,WH008,2025-08-05,36,11103.0,399708.0
SAL0006388,P0018,WH004,2025-11-09,7,1249.34,8745.38
SAL0006389,P0104,WH005,2026-07-13,66,13530.23,892995.18
SAL0006390,P0074,WH001,2026-05-09,55,10068.76,553781.8
SAL0006391,P0120,WH003,2026-04-15,72,4392.45,316256.4
SAL0006392,P0076,WH006,2025-11-26,42,9723.65,408393.3
SAL0006393,P0008,WH007,2026-02-10,27,13511.51,364810.77
SAL0006394,P0081,WH002,2026-03-27,2,2089.55,4179.1
SAL0006395,P0101,WH007,2025-11-16,70,7703.08,539215.6
SAL0006396,P0009,WH007,2026-05-27,4,13538.59,54154.36
SAL0006397,P0090,WH008,2026-03-30,21,12387.89,260145.69
SAL0006398,P0048,WH004,2025-09-10,1,5653.52,5653.52
SAL0006399,P0115,WH004,2025-10-25,38,7832.13,297620.94
SAL0006400,P0087,WH004,2026-01-23,60,12269.88,736192.8
SAL0006401,P0095,WH008,2025-11-23,76,16693.57,1268711.32
SAL0006402,P0114,WH003,2026-03-04,14,17232.19,241250.66
SAL0006403,P0018,WH006,2026-07-18,79,1249.34,98697.86
SAL0006404,P0029,WH001,2026-05-03,17,5999.79,101996.43
SAL0006405,P0002,WH005,2025-10-04,73,1611.45,117635.85
SAL0006406,P0078,WH006,2025-08-17,47,9150.16,430057.52
SAL0006407,P0068,WH005,2025-09-11,56,7651.09,428461.04
SAL0006408,P0098,WH007,2025-09-18,53,8703.81,461301.93
SAL0006409,P0117,WH006,2026-05-29,18,10971.0,197478.0
SAL0006410,P0110,WH002,2025-12-19,69,8117.34,560096.46
SAL0006411,P0041,WH001,2025-08-12,48,9233.93,443228.64
SAL0006412,P0115,WH001,2025-11-18,9,7832.13,70489.17
SAL0006413,P0081,WH003,2025-12-10,54,2089.55,112835.7
SAL0006414,P0122,WH008,2026-05-02,35,17772.54,622038.9
SAL0006415,P0087,WH006,2026-02-25,46,12269.88,564414.48
SAL0006416,P0022,WH004,2026-01-18,1,12421.92,12421.92
SAL0006417,P0049,WH001,2025-11-18,41,8075.59,331099.19
SAL0006418,P0016,WH006,2026-05-24,73,3864.55,282112.15
SAL0006419,P0068,WH004,2026-07-18,32,7651.09,244834.88
SAL0006420,P0022,WH003,2026-02-03,77,12421.92,956487.84
SAL0006421,P0139,WH007,2025-12-11,40,16335.66,653426.4
SAL0006422,P0085,WH007,2025-10-01,11,1427.09,15697.99
SAL0006423,P0121,WH006,2026-05-10,62,5450.85,337952.7
SAL0006424,P0080,WH006,2025-10-02,46,12953.94,595881.24
SAL0006425,P0055,WH002,2025-12-29,48,14208.97,682030.56
SAL0006426,P0035,WH006,2026-07-31,43,12109.87,520724.41
SAL0006427,P0034,WH002,2026-01-04,51,12148.61,619579.11
SAL0006428,P0073,WH004,2026-01-26,61,1439.34,87799.74
SAL0006429,P0077,WH008,2026-01-11,42,12721.04,534283.68
SAL0006430,P0132,WH007,2026-06-28,26,17778.84,462249.84
SAL0006431,P0125,WH008,2026-02-12,11,13379.19,147171.09
SAL0006432,P0011,WH004,2025-11-21,25,12266.95,306673.75
SAL0006433,P0061,WH007,2025-10-01,40,685.7,27428.0
SAL0006434,P0122,WH007,2026-04-06,25,17772.54,444313.5
SAL0006435,P0035,WH001,2026-06-02,75,12109.87,908240.25
SAL0006436,P0069,WH003,2026-06-06,74,4228.28,312892.72
SAL0006437,P0057,WH008,2026-02-26,52,1071.29,55707.08
SAL0006438,P0139,WH002,2025-10-21,3,16335.66,49006.98
SAL0006439,P0012,WH007,2025-12-17,39,14129.48,551049.72
SAL0006440,P0125,WH001,2025-12-12,35,13379.19,468271.65
SAL0006441,P0043,WH008,2026-06-08,40,15848.89,633955.6
SAL0006442,P0147,WH005,2026-01-08,22,826.55,18184.1
SAL0006443,P0077,WH001,2026-06-15,62,12721.04,788704.48
SAL0006444,P0068,WH004,2025-10-15,19,7651.09,145370.71
SAL0006445,P0059,WH005,2026-01-10,14,11103.0,155442.0
SAL0006446,P0002,WH008,2025-11-24,50,1611.45,80572.5
SAL0006447,P0136,WH001,2026-01-05,62,9626.15,596821.3
SAL0006448,P0150,WH006,2025-10-07,43,11200.18,481607.74
SAL0006449,P0021,WH003,2025-08-05,55,7447.62,409619.1
SAL0006450,P0101,WH002,2026-04-19,40,7703.08,308123.2
SAL0006451,P0086,WH006,2025-10-08,12,6177.93,74135.16
SAL0006452,P0122,WH005,2026-07-18,65,17772.54,1155215.1
SAL0006453,P0075,WH007,2026-06-28,34,11640.25,395768.5
SAL0006454,P0075,WH003,2025-10-23,23,11640.25,267725.75
SAL0006455,P0083,WH007,2026-04-05,71,2819.78,200204.38
SAL0006456,P0078,WH001,2025-10-31,7,9150.16,64051.12
SAL0006457,P0021,WH006,2026-05-20,65,7447.62,484095.3
SAL0006458,P0120,WH004,2026-01-28,18,4392.45,79064.1
SAL0006459,P0012,WH008,2025-10-24,8,14129.48,113035.84
SAL0006460,P0083,WH004,2025-11-22,42,2819.78,118430.76
SAL0006461,P0113,WH003,2026-05-12,1,8027.64,8027.64
SAL0006462,P0015,WH004,2025-11-21,79,4962.3,392021.7
SAL0006463,P0113,WH002,2026-02-19,15,8027.64,120414.6
SAL0006464,P0141,WH008,2026-05-23,28,3336.79,93430.12
SAL0006465,P0124,WH007,2025-11-25,36,3098.15,111533.4
SAL0006466,P0141,WH003,2026-05-20,46,3336.79,153492.34
SAL0006467,P0115,WH008,2026-07-22,77,7832.13,603074.01
SAL0006468,P0147,WH003,2025-12-31,21,826.55,17357.55
SAL0006469,P0032,WH004,2026-04-23,49,4077.66,199805.34
SAL0006470,P0099,WH003,2026-01-05,39,12570.46,490247.94
SAL0006471,P0087,WH001,2025-08-28,38,12269.88,466255.44
SAL0006472,P0149,WH005,2026-06-04,9,2329.78,20968.02
SAL0006473,P0112,WH006,2025-11-28,20,7497.58,149951.6
SAL0006474,P0142,WH005,2026-07-03,8,10972.07,87776.56
SAL0006475,P0024,WH008,2026-06-16,14,10854.56,151963.84
SAL0006476,P0049,WH007,2025-10-21,62,8075.59,500686.58
SAL0006477,P0032,WH006,2025-09-18,35,4077.66,142718.1
SAL0006478,P0075,WH004,2025-10-15,55,11640.25,640213.75
SAL0006479,P0109,WH008,2025-11-17,45,6650.85,299288.25
SAL0006480,P0011,WH002,2025-08-10,21,12266.95,257605.95
SAL0006481,P0068,WH002,2026-06-21,53,7651.09,405507.77
SAL0006482,P0090,WH004,2025-09-30,54,12387.89,668946.06
SAL0006483,P0110,WH007,2025-12-09,43,8117.34,349045.62
SAL0006484,P0133,WH004,2026-06-22,6,10911.61,65469.66
SAL0006485,P0032,WH003,2026-04-11,55,4077.66,224271.3
SAL0006486,P0071,WH002,2025-12-28,44,10220.28,449692.32
SAL0006487,P0074,WH008,2026-05-22,68,10068.76,684675.68
SAL0006488,P0138,WH005,2026-01-19,4,14687.9,58751.6
SAL0006489,P0099,WH004,2026-04-18,63,12570.46,791938.98
SAL0006490,P0021,WH007,2026-07-27,58,7447.62,431961.96
SAL0006491,P0040,WH008,2025-08-26,54,3922.35,211806.9
SAL0006492,P0042,WH007,2026-05-17,38,10059.55,382262.9
SAL0006493,P0072,WH005,2025-09-19,60,2337.16,140229.6
SAL0006494,P0046,WH006,2026-04-29,52,4393.97,228486.44
SAL0006495,P0082,WH005,2026-06-04,29,11631.72,337319.88
SAL0006496,P0073,WH007,2026-02-07,40,1439.34,57573.6
SAL0006497,P0118,WH002,2026-04-20,71,9694.84,688333.64
SAL0006498,P0041,WH006,2025-12-26,8,9233.93,73871.44
SAL0006499,P0094,WH008,2026-07-13,35,4499.9,157496.5
SAL0006500,P0132,WH005,2026-01-29,16,17778.84,284461.44
